Date,Close,High,Low,Open,Volume
3/26/1986,0.057906128,0.058437344,0.055781267,0.056312483,22752000
3/27/1986,0.058968592,0.058968592,0.057906161,0.057906161,16848000
3/31/1986,0.058437362,0.058968578,0.057374931,0.058968578,12873600
4/1/1986,0.057906128,0.058437344,0.057906128,0.058437344,11088000
4/2/1986,0.058437362,0.059499793,0.057906147,0.057906147,27014400
4/3/1986,0.058968592,0.060562239,0.058968592,0.058968592,23040000
4/4/1986,0.058968592,0.059499808,0.058968592,0.058968592,26582400
4/7/1986,0.057906128,0.059499774,0.056843698,0.058968559,16560000
4/8/1986,0.058437362,0.059499793,0.057906147,0.057906147,10252800
4/9/1986,0.059499778,0.060030993,0.058437347,0.058437347,12153600
4/10/1986,0.060031004,0.06056222,0.058437358,0.059499789,13881600
4/11/1986,0.061093446,0.062156488,0.06056223,0.06056223,17222400
4/14/1986,0.061624691,0.062156518,0.061093475,0.061093475,12153600
4/15/1986,0.061624691,0.061624691,0.059499828,0.061624691,9302400
4/16/1986,0.063750118,0.064281333,0.06109343,0.061624646,31910400
4/17/1986,0.064281344,0.064281344,0.063750129,0.063750129,22003200
4/18/1986,0.06215645,0.064281311,0.061624624,0.064281311,21628800
4/21/1986,0.06215645,0.062687665,0.060562194,0.06215645,22924800
4/22/1986,0.061093446,0.062156488,0.061093446,0.062156488,15552000
4/23/1986,0.061359044,0.061624654,0.060562223,0.061093439,15609600
4/24/1986,0.067468628,0.068531059,0.061093433,0.061359038,62352000
4/25/1986,0.071718976,0.074640663,0.067999857,0.067999857,85795200
4/28/1986,0.072250158,0.072781373,0.071187116,0.071718942,28886400
4/29/1986,0.07012473,0.072250204,0.069593515,0.072250204,30326400
4/30/1986,0.068531059,0.07065592,0.066937413,0.070124705,30902400
5/1/1986,0.067468628,0.068531059,0.066406198,0.068531059,54345600
5/2/1986,0.067468628,0.068531059,0.066937413,0.067468628,20246400
5/5/1986,0.066937409,0.067468625,0.066937409,0.067468625,3254400
5/6/1986,0.067468628,0.068531059,0.067468628,0.067468628,9734400
5/7/1986,0.067468628,0.067999844,0.066406198,0.067468628,5155200
5/8/1986,0.067999847,0.067999847,0.066937416,0.067468632,3542400
5/9/1986,0.067468628,0.067999844,0.067468628,0.067999844,6076800
5/12/1986,0.067999847,0.069593493,0.067468632,0.067468632,10483200
5/13/1986,0.068531059,0.069062274,0.067999843,0.067999843,3830400
5/14/1986,0.067999847,0.068531063,0.067999847,0.068531063,9302400
5/15/1986,0.067999847,0.069062278,0.067999847,0.067999847,3801600
5/16/1986,0.068531059,0.070124705,0.067999843,0.067999843,11952000
5/19/1986,0.067468628,0.068531059,0.066937413,0.068531059,11001600
5/20/1986,0.066937409,0.067468625,0.066406194,0.067468625,61977600
5/21/1986,0.065875001,0.067468648,0.065875001,0.066937432,8092800
5/22/1986,0.065875001,0.066406217,0.065875001,0.065875001,4406400
5/23/1986,0.065875001,0.066937432,0.065875001,0.065875001,4089600
5/27/1986,0.067999847,0.067999847,0.065874986,0.065874986,13881600
5/28/1986,0.07012473,0.07012473,0.067999868,0.067999868,15523200
5/29/1986,0.071718976,0.072781407,0.069593503,0.070124718,45676800
5/30/1986,0.074375056,0.075437487,0.072250194,0.072250194,27072000
6/2/1986,0.072250158,0.074375018,0.072250158,0.074375018,19728000
6/3/1986,0.072250158,0.072250158,0.071187116,0.072250158,5011200
6/4/1986,0.071718976,0.072781407,0.071187149,0.072250191,4723200
6/5/1986,0.072781406,0.072781406,0.071187149,0.071718975,13708800
6/6/1986,0.072781406,0.072781406,0.071718975,0.072781406,3427200
6/9/1986,0.069593482,0.072781385,0.069593482,0.072781385,12672000
6/10/1986,0.069593482,0.069593482,0.068531051,0.069593482,3427200
6/11/1986,0.069593482,0.069593482,0.068531051,0.069593482,2304000
6/12/1986,0.066937409,0.069593486,0.066406194,0.069593486,13708800
6/13/1986,0.066937409,0.067468625,0.066406194,0.066937409,7891200
6/16/1986,0.06640622,0.067468651,0.065875005,0.066937436,9590400
6/17/1986,0.067468628,0.068531059,0.066937413,0.066937413,13075200
6/18/1986,0.066937409,0.067468625,0.065874979,0.067468625,4348800
6/19/1986,0.06640622,0.067468651,0.065875005,0.066937436,8467200
6/20/1986,0.066671826,0.066937431,0.066406216,0.066406216,3801600
6/23/1986,0.067468628,0.067468628,0.065343767,0.066671808,46195200
6/24/1986,0.066937409,0.06799984,0.066406194,0.067468625,14572800
6/25/1986,0.065875001,0.067468648,0.065875001,0.066937432,15235200
6/26/1986,0.063750118,0.066406195,0.063750118,0.065874979,19152000
6/27/1986,0.063218892,0.064281322,0.062687676,0.063750107,10396800
6/30/1986,0.065343797,0.066937444,0.062687719,0.063218935,62352000
7/1/1986,0.065343797,0.065343797,0.064812582,0.065343797,47577600
7/2/1986,0.065343797,0.065343797,0.064812582,0.065343797,52617600
7/3/1986,0.06640622,0.066937436,0.065875005,0.065875005,14140800
7/7/1986,0.063750118,0.066406195,0.063750118,0.066406195,14054400
7/8/1986,0.06215645,0.063750095,0.061624624,0.063750095,14256000
7/9/1986,0.059499778,0.062156465,0.058968563,0.062156465,46137600
7/10/1986,0.057906128,0.060030989,0.055250052,0.059499774,46886400
7/11/1986,0.059499778,0.060562208,0.057906132,0.057906132,17395200
7/14/1986,0.058702964,0.060031005,0.057906144,0.057906144,28598400
7/15/1986,0.059499778,0.060562208,0.057906132,0.058702953,13190400
7/16/1986,0.061624691,0.061624691,0.060031044,0.060031044,9360000
7/17/1986,0.06268768,0.06268768,0.061093423,0.061624639,6940800
7/18/1986,0.063218892,0.063750107,0.06109342,0.062687676,12326400
7/21/1986,0.063218892,0.064281322,0.063218892,0.063218892,3513600
7/22/1986,0.065343797,0.065343797,0.063218935,0.063218935,10512000
7/23/1986,0.063750118,0.066406195,0.063750118,0.065343764,20793600
7/24/1986,0.065875001,0.066937432,0.06481257,0.06481257,14140800
7/25/1986,0.06640622,0.066937436,0.065875005,0.065875005,20448000
7/28/1986,0.064812571,0.066406217,0.064812571,0.066406217,11808000
7/29/1986,0.063218892,0.065343753,0.062156461,0.064812537,14054400
7/30/1986,0.061093446,0.063218919,0.058968584,0.063218919,26409600
7/31/1986,0.060562208,0.061624639,0.060562208,0.061093424,15638400
8/1/1986,0.060031004,0.061093435,0.059499789,0.06056222,12902400
8/4/1986,0.060031004,0.060031004,0.058437358,0.060031004,12441600
8/5/1986,0.059499778,0.060562208,0.059499778,0.060030993,2822400
8/6/1986,0.058968592,0.060031024,0.057906161,0.059499808,18316800
8/7/1986,0.058437362,0.059499793,0.057906147,0.058968578,3657600
8/8/1986,0.058968592,0.060031024,0.058437377,0.058437377,4147200
8/11/1986,0.061093446,0.061624661,0.060031015,0.060031015,7948800
8/12/1986,0.06268768,0.06268768,0.061093423,0.061093423,9993600
8/13/1986,0.063218892,0.063218892,0.062156461,0.062687676,6883200
8/14/1986,0.064812571,0.065343786,0.063218924,0.063218924,20131200
8/15/1986,0.065078184,0.06534379,0.064281358,0.064812574,6105600
8/18/1986,0.064281344,0.065343775,0.064281344,0.06507817,12787200
8/19/1986,0.064281344,0.064546954,0.063218914,0.064281344,20390400
8/20/1986,0.063750118,0.064281333,0.063750118,0.064281333,20764800
8/21/1986,0.063750118,0.064812549,0.063750118,0.063750118,49536000
8/22/1986,0.06268768,0.064281326,0.061624639,0.063750111,5760000
8/25/1986,0.06268768,0.06268768,0.061624639,0.06268768,2419200
8/26/1986,0.06215645,0.062687665,0.06215645,0.062687665,10857600
8/27/1986,0.06215645,0.062687665,0.061624624,0.06215645,9532800
8/28/1986,0.06215645,0.062687665,0.06215645,0.06215645,3427200
8/29/1986,0.060562208,0.06268768,0.059499778,0.062156465,25430400
9/2/1986,0.058968592,0.060562239,0.058171767,0.060562239,5212800
9/3/1986,0.057374943,0.058437374,0.055781296,0.058437374,18316800
9/4/1986,0.06215645,0.06215645,0.058437333,0.058437333,39427200
9/5/1986,0.064812571,0.064812571,0.061624667,0.062156493,26352000
9/8/1986,0.064281344,0.065343775,0.064281344,0.06481256,9619200
9/9/1986,0.065343797,0.066937444,0.064281366,0.064281366,37526400
9/10/1986,0.064281344,0.065874991,0.064281344,0.065343775,10886400
9/11/1986,0.061624691,0.064812596,0.061624691,0.064281381,35654400
9/12/1986,0.060031004,0.062156477,0.060031004,0.06162465,24451200
9/15/1986,0.061093446,0.061093446,0.058968584,0.060031015,22492800
9/16/1986,0.061093446,0.061624661,0.060031015,0.061093446,5184000
9/17/1986,0.06268768,0.063750111,0.060562208,0.061093423,8035200
9/18/1986,0.063218892,0.064281322,0.062687676,0.062687676,5356800
9/19/1986,0.063218892,0.063750107,0.062687676,0.063218892,2505600
9/22/1986,0.06268768,0.063218895,0.06268768,0.063218895,4492800
9/23/1986,0.063750118,0.064281333,0.062687687,0.062687687,5961600
9/24/1986,0.062953301,0.063750122,0.062687691,0.063750122,4780800
9/25/1986,0.061624691,0.063218949,0.061624691,0.062953344,5155200
9/26/1986,0.061624691,0.062156518,0.061093475,0.061624691,2332800
9/29/1986,0.060031004,0.06162465,0.060031004,0.06162465,6192000
9/30/1986,0.060031004,0.061093435,0.060031004,0.060031004,5184000
10/1/1986,0.059499778,0.061093424,0.058437347,0.060030993,32428800
10/2/1986,0.059499778,0.060562208,0.058968563,0.059499778,22723200
10/3/1986,0.060031004,0.06056222,0.059499789,0.059499789,14716800
10/6/1986,0.064812571,0.065875002,0.061624667,0.061624667,85334400
10/7/1986,0.066140585,0.067468621,0.064812544,0.064812544,59788800
10/8/1986,0.067999847,0.068796668,0.06534377,0.066140596,119606400
10/9/1986,0.07012473,0.071718988,0.067999868,0.067999868,92563200
10/10/1986,0.073312618,0.074906264,0.069062283,0.070124714,76752000
10/13/1986,0.07012473,0.073312635,0.07012473,0.073312635,27129600
10/14/1986,0.071187191,0.071719017,0.070655975,0.070655975,12873600
10/15/1986,0.074375056,0.074906271,0.071187152,0.071187152,63532800
10/16/1986,0.074375056,0.074906271,0.07384384,0.074375056,21859200
10/17/1986,0.076499924,0.077031135,0.074375062,0.074375062,124444800
10/20/1986,0.077031121,0.078093552,0.074906264,0.07649991,43545600
10/21/1986,0.080218412,0.080218412,0.077562339,0.077562339,112377600
10/22/1986,0.080218412,0.081015237,0.079687201,0.080218412,54576000
10/23/1986,0.080218412,0.080749632,0.079421596,0.080218412,70444800
10/24/1986,0.0796872,0.080218411,0.077562339,0.080218411,101376000
10/27/1986,0.082343936,0.082343936,0.080218453,0.080218453,125654400
10/28/1986,0.084203139,0.085531184,0.082343892,0.082343892,142646400
10/29/1986,0.081812657,0.084468739,0.080749616,0.084203124,53222400
10/30/1986,0.083406352,0.084468783,0.081281489,0.0818127,44380800
10/31/1986,0.082343936,0.084468799,0.081812716,0.083406367,63734400
11/3/1986,0.083937518,0.084468738,0.082875088,0.082875088,42192000
11/4/1986,0.087124802,0.087124802,0.083937511,0.083937511,54403200
11/5/1986,0.09243761,0.09296883,0.086593624,0.087124844,45100800
11/6/1986,0.094562486,0.096687348,0.091906412,0.092437623,72576000
11/7/1986,0.094031222,0.095093653,0.092437572,0.094562433,44323200
11/10/1986,0.090312108,0.094031231,0.089780888,0.094031231,28684800
11/11/1986,0.090843961,0.091906392,0.090843961,0.090843961,11894400
11/12/1986,0.090843961,0.092968823,0.08978091,0.090843961,34156800
11/13/1986,0.089515299,0.091375166,0.089249693,0.090843955,30211200
11/14/1986,0.090312108,0.090312108,0.087656027,0.089515283,18720000
11/17/1986,0.090843961,0.091906392,0.089249699,0.09031213,24307200
11/18/1986,0.086062402,0.091375167,0.086062402,0.090843956,59673600
11/19/1986,0.089249738,0.089780949,0.086062443,0.086062443,48729600
11/20/1986,0.096156105,0.096156105,0.089249698,0.089249698,98179200
11/21/1986,0.099343404,0.100406455,0.096687331,0.096687331,91065600
11/24/1986,0.107312225,0.107843436,0.096156087,0.099343379,173836800
11/25/1986,0.108374655,0.108905866,0.106781005,0.107312225,95788800
11/26/1986,0.107312225,0.108905866,0.107312225,0.108374656,38793600
11/28/1986,0.105718553,0.107843414,0.104656132,0.107312203,41328000
12/1/1986,0.103593715,0.106249787,0.103062495,0.105718567,40291200
12/2/1986,0.104124941,0.106249803,0.104124941,0.104124941,28771200
12/3/1986,0.103328146,0.105187403,0.103062541,0.104124972,35164800
12/4/1986,0.104656167,0.105718589,0.102531306,0.103328122,42508800
12/5/1986,0.104124941,0.105187372,0.104124941,0.104656161,107510400
12/8/1986,0.103062518,0.10518738,0.101468876,0.104124949,22665600
12/9/1986,0.102531284,0.103593715,0.102000064,0.103062495,16099200
12/10/1986,0.103328146,0.103593761,0.101468898,0.10253133,27590400
12/11/1986,0.104124941,0.104656161,0.10306251,0.103328116,11635200
12/12/1986,0.10040646,0.104124965,0.10040646,0.104124965,25286400
12/15/1986,0.097749777,0.100937682,0.096156126,0.100406471,50774400
12/16/1986,0.098812215,0.100406477,0.098280995,0.098280995,77299200
12/17/1986,0.099874586,0.100406417,0.098812155,0.098812155,23356800
12/18/1986,0.100672066,0.100937672,0.09934341,0.09987463,12672000
12/19/1986,0.103062518,0.104124949,0.100937656,0.100937656,56592000
12/22/1986,0.104124941,0.105187372,0.10306251,0.10306251,18316800
12/23/1986,0.105187356,0.105187356,0.104124926,0.104124926,23788800
12/24/1986,0.104921751,0.105187356,0.104656145,0.105187356,7027200
12/26/1986,0.104656167,0.105718589,0.104656167,0.104921773,3715200
12/29/1986,0.10040646,0.105718607,0.10040646,0.104656185,41702400
12/30/1986,0.101468913,0.102000124,0.099343431,0.100406482,25401600
12/31/1986,0.102531284,0.104124926,0.101468853,0.101468853,23356800
1/2/1987,0.101468913,0.103593776,0.100937693,0.102531345,12643200
1/5/1987,0.107312225,0.108374656,0.10093764,0.10146886,48499200
1/6/1987,0.108905882,0.109437102,0.10678102,0.10731224,40032000
1/7/1987,0.114749886,0.114749886,0.1089059,0.1089059,60998400
1/8/1987,0.118468396,0.119531448,0.115281103,0.115281103,61488000
1/9/1987,0.123249911,0.123781131,0.117937146,0.118468357,63705600
1/12/1987,0.131218746,0.132281177,0.12218747,0.123249901,128793600
1/13/1987,0.127499655,0.130156348,0.125374793,0.130156348,76320000
1/14/1987,0.127499655,0.128030866,0.124843573,0.127499655,69465600
1/15/1987,0.134406105,0.137593398,0.127499695,0.127499695,117014400
1/16/1987,0.131218746,0.134406029,0.128562054,0.134406029,65433600
1/19/1987,0.135999694,0.135999694,0.128562068,0.13121876,88243200
1/20/1987,0.138124555,0.141312459,0.135468474,0.135999694,95760000
1/21/1987,0.143968508,0.147687019,0.135468452,0.138124533,108489600
1/22/1987,0.158312544,0.158843755,0.139718792,0.143968505,116035200
1/23/1987,0.143437311,0.164687147,0.143437311,0.158312563,317894400
1/26/1987,0.146093428,0.147687079,0.139718851,0.144499786,116553600
1/27/1987,0.15193738,0.154062233,0.146093395,0.146093395,114105600
1/28/1987,0.152468622,0.154593484,0.147687067,0.151937402,76723200
1/29/1987,0.146093428,0.154062267,0.142906144,0.152468634,79228800
1/30/1987,0.155390292,0.155655889,0.143968539,0.1460934,104169600
2/2/1987,0.155124709,0.158312613,0.155124709,0.155390324,46915200
2/3/1987,0.152468622,0.156718346,0.14981254,0.155124695,59328000
2/4/1987,0.152999848,0.153531059,0.150874986,0.152468637,31737600
2/5/1987,0.15193738,0.154062233,0.150343739,0.152999811,42652800
2/6/1987,0.146359041,0.152734239,0.145562216,0.151937413,45619200
2/9/1987,0.14503099,0.146093421,0.144234174,0.146093421,136080000
2/10/1987,0.145562172,0.145562172,0.141843669,0.145030952,44668800
2/11/1987,0.152468622,0.152468622,0.146093416,0.146093416,60307200
2/12/1987,0.163093552,0.163890378,0.152468639,0.152468639,185731200
2/13/1987,0.161499888,0.165218382,0.157781375,0.16309352,81763200
2/17/1987,0.162562311,0.163093522,0.157781376,0.161499889,70732800
2/18/1987,0.152468622,0.165218395,0.151937402,0.162562322,128592000
2/19/1987,0.146093428,0.151937414,0.144499786,0.151937414,317750400
2/20/1987,0.144499719,0.14609336,0.142374858,0.14609336,87897600
2/23/1987,0.153531015,0.155655876,0.141312455,0.144499747,125913600
2/24/1987,0.160968706,0.161499935,0.153531077,0.153531077,120816000
2/25/1987,0.158312544,0.163890303,0.157249503,0.160968616,65001600
2/26/1987,0.16415602,0.168937576,0.155124739,0.158312643,145209600
2/27/1987,0.163093552,0.165218414,0.160437479,0.164155992,37555200
3/2/1987,0.158312544,0.163093477,0.157249503,0.163093477,79516800
3/3/1987,0.158312544,0.159906195,0.156187063,0.158312544,81100800
3/4/1987,0.169468746,0.169999957,0.157781394,0.158312605,98179200
3/5/1987,0.177437499,0.18115601,0.169468664,0.169468664,128188800
3/6/1987,0.176906303,0.178499953,0.17265596,0.177437513,63561600
3/9/1987,0.173718438,0.177437552,0.172655998,0.176906341,38275200
3/10/1987,0.179031208,0.18115607,0.173187214,0.173718443,74102400
3/11/1987,0.181687355,0.182749777,0.179562493,0.181687355,43862400
3/12/1987,0.182484105,0.183812141,0.177437557,0.18168728,71337600
3/13/1987,0.175843284,0.18381212,0.172124772,0.182484084,105120000
3/16/1987,0.174780875,0.175312086,0.16946873,0.175312086,88473600
3/17/1987,0.180624798,0.181687219,0.174249595,0.174780806,54547200
3/18/1987,0.19018732,0.191780952,0.181687255,0.181687255,119347200
3/19/1987,0.193905875,0.193905875,0.187000078,0.19018738,62812800
3/20/1987,0.191781029,0.193905891,0.190718607,0.193905891,38246400
3/23/1987,0.190452993,0.194437103,0.188593745,0.19178103,67478400
3/24/1987,0.191781029,0.192843469,0.185937052,0.185937052,69609600
3/25/1987,0.19098419,0.192843455,0.189656153,0.191781015,33840000
3/26/1987,0.189656183,0.191249834,0.189124972,0.19098422,33379200
3/27/1987,0.194968358,0.199218685,0.190718633,0.190718633,120873600
3/30/1987,0.205593884,0.205593884,0.188062552,0.19496835,186134400
3/31/1987,0.205593884,0.21037482,0.20293719,0.20293719,125337600
4/1/1987,0.193374634,0.209843538,0.192312194,0.205593815,259430400
4/2/1987,0.201874703,0.206125047,0.196562558,0.196562558,159955200
4/3/1987,0.211968407,0.213030829,0.201874689,0.201874689,155606400
4/6/1987,0.210906014,0.212499665,0.207187519,0.211968454,98956800
4/7/1987,0.199749857,0.210905979,0.199749857,0.210905979,73728000
4/8/1987,0.205593884,0.207718746,0.199749906,0.199749906,106214400
4/9/1987,0.201874703,0.205593836,0.20028107,0.205593836,71568000
4/10/1987,0.203202695,0.203468291,0.20134343,0.20187464,43372800
4/13/1987,0.196562603,0.20293719,0.195499561,0.20293719,50256000
4/14/1987,0.199749857,0.202937141,0.193374651,0.196562555,87379200
4/15/1987,0.203999549,0.206125031,0.201343477,0.201343477,95961600
4/16/1987,0.209312335,0.21356204,0.20346834,0.203999551,188092800
4/20/1987,0.203468367,0.211437207,0.202937157,0.209312363,100310400
4/21/1987,0.206656292,0.208249943,0.199218663,0.203468388,113184000
4/22/1987,0.209312335,0.209843546,0.206656244,0.206656244,74678400
4/23/1987,0.209312335,0.211437178,0.206125033,0.209312335,48326400
4/24/1987,0.210374713,0.211437134,0.206656201,0.209312291,54172800
4/27/1987,0.210374713,0.211968363,0.206656201,0.210374713,53107200
4/28/1987,0.225781187,0.226312416,0.208249863,0.210374725,111081600
4/29/1987,0.219406098,0.231624663,0.219406098,0.225781287,85161600
4/30/1987,0.220999613,0.225781167,0.21621868,0.219405981,88041600
5/1/1987,0.223124579,0.223655808,0.218343643,0.220999716,37843200
5/4/1987,0.227374867,0.228968517,0.222062101,0.223124523,34531200
5/5/1987,0.245968595,0.245968595,0.227906042,0.227906042,110995200
5/6/1987,0.240124568,0.248093422,0.239062147,0.245968561,153504000
5/7/1987,0.251280844,0.251812055,0.238531069,0.240124702,289699200
5/8/1987,0.268812209,0.272531343,0.251812087,0.251812087,150048000
5/11/1987,0.261374503,0.268812131,0.261108907,0.268812131,127382400
5/12/1987,0.252343267,0.264031222,0.248624754,0.261374529,148464000
5/13/1987,0.258718491,0.259780931,0.253937555,0.253937555,73382400
5/14/1987,0.260843217,0.265624771,0.258718356,0.258718356,59961600
5/15/1987,0.253406167,0.26031196,0.253406167,0.26031196,84326400
5/18/1987,0.244906142,0.253406208,0.237999746,0.253406208,172598400
5/19/1987,0.236406043,0.244906088,0.236406043,0.244906088,78336000
5/20/1987,0.232686982,0.235343674,0.227906048,0.235343674,228355200
5/21/1987,0.236937374,0.239593447,0.233218259,0.233218259,93312000
5/22/1987,0.230030999,0.237999857,0.228968577,0.236937416,64627200
5/26/1987,0.232686982,0.233749421,0.229499699,0.230030909,46886400
5/27/1987,0.232686982,0.237999764,0.23162456,0.232686982,48758400
5/28/1987,0.247030929,0.247562158,0.232155682,0.232686893,108662400
5/29/1987,0.244906142,0.251280726,0.244374932,0.247031004,80380800
6/1/1987,0.240124568,0.244906121,0.240124568,0.244906121,30326400
6/2/1987,0.239062205,0.243843759,0.235874922,0.240124627,51552000
6/3/1987,0.24065581,0.243843712,0.240124581,0.240124581,21628800
6/4/1987,0.239062205,0.240655856,0.237468554,0.240655856,20390400
6/5/1987,0.23215574,0.240124576,0.227374807,0.239062155,59270400
6/8/1987,0.233218327,0.233749538,0.228437391,0.232155887,111571200
6/9/1987,0.231624514,0.233749375,0.230562074,0.233218164,25833600
6/10/1987,0.219937265,0.232687039,0.21515633,0.231624617,176256000
6/11/1987,0.207187429,0.224718752,0.2066562,0.223655711,268704000
6/12/1987,0.208781108,0.215687525,0.206656246,0.207187476,196156800
6/15/1987,0.208781108,0.21196841,0.204530783,0.208781108,125222400
6/16/1987,0.213030919,0.215687613,0.208249983,0.208781194,73526400
6/17/1987,0.220468506,0.220999717,0.214093318,0.214093318,71078400
6/18/1987,0.222858965,0.223124562,0.216749994,0.219937278,56188800
6/19/1987,0.222062126,0.225781241,0.220999686,0.223655777,40809600
6/22/1987,0.220468506,0.223124579,0.218874873,0.223124579,87436800
6/23/1987,0.21834363,0.220468493,0.213562075,0.220468493,100771200
6/24/1987,0.222593382,0.225250076,0.219406098,0.219406098,82684800
6/25/1987,0.222062126,0.223124548,0.219937264,0.222062126,44035200
6/26/1987,0.222593382,0.223655822,0.22046852,0.222593382,21945600
6/29/1987,0.221530959,0.222593381,0.217812445,0.222593381,25632000
6/30/1987,0.216749936,0.222593292,0.216218707,0.222062081,38332800
7/1/1987,0.217812523,0.219406175,0.21568766,0.216218871,21945600
7/2/1987,0.212499663,0.218343641,0.20984359,0.218343641,56880000
7/6/1987,0.207187429,0.214624435,0.206124989,0.211968362,65491200
7/7/1987,0.191781029,0.206656287,0.190187396,0.206656287,197078400
7/8/1987,0.198156133,0.201343416,0.188062437,0.19337458,193449600
7/9/1987,0.203468367,0.208249923,0.198156221,0.199218643,92707200
7/10/1987,0.206125036,0.207187476,0.199749849,0.202405921,75830400
7/13/1987,0.210906014,0.211437225,0.203999596,0.206125078,48326400
7/14/1987,0.223124579,0.223655808,0.211437225,0.212499666,152812800
7/15/1987,0.217281267,0.224718897,0.217281267,0.223124626,96768000
7/16/1987,0.216749936,0.218874798,0.212499593,0.217812358,72979200
7/17/1987,0.217281267,0.220999763,0.216218827,0.216750056,51264000
7/20/1987,0.211437106,0.216749888,0.210905895,0.216749888,42019200
7/21/1987,0.210906014,0.214624527,0.209312381,0.211437225,36547200
7/22/1987,0.212499663,0.213562085,0.209312379,0.210906012,53366400
7/23/1987,0.20771867,0.212499604,0.199749833,0.212499604,148492800
7/24/1987,0.209312335,0.211437178,0.207718684,0.208249895,57744000
7/27/1987,0.211968407,0.211968407,0.206125033,0.209312334,41817600
7/28/1987,0.211437106,0.216218659,0.210905895,0.213030756,38160000
7/29/1987,0.210906014,0.211968454,0.20771873,0.211437225,27676800
7/30/1987,0.206125036,0.21090597,0.203999554,0.21090597,55555200
7/31/1987,0.199749857,0.205062003,0.195499513,0.205062003,186624000
8/3/1987,0.194968358,0.200812336,0.193905917,0.199749914,116352000
8/4/1987,0.199218675,0.199218675,0.194968349,0.194968349,135072000
8/5/1987,0.206656292,0.209312384,0.199218663,0.199749892,211190400
8/6/1987,0.21462445,0.215953106,0.207187444,0.207187444,152553600
8/7/1987,0.219937265,0.222062127,0.214093288,0.214624499,171014400
8/10/1987,0.219937265,0.220999687,0.217812403,0.220468476,56448000
8/11/1987,0.215687498,0.222062083,0.214624457,0.220999643,68544000
8/12/1987,0.212499663,0.216218779,0.212499663,0.215687568,42364800
8/13/1987,0.218874827,0.222062111,0.212499622,0.212499622,80640000
8/14/1987,0.219937265,0.220468476,0.217812403,0.218874843,50832000
8/17/1987,0.221530959,0.221530959,0.218874886,0.219937308,33667200
8/18/1987,0.217812523,0.220999809,0.21568766,0.219937386,46944000
8/19/1987,0.217812523,0.218343734,0.213562177,0.217812523,48902400
8/20/1987,0.22365573,0.224718772,0.217812357,0.217812357,82051200
8/21/1987,0.227374867,0.230030939,0.223124523,0.223124523,68976000
8/24/1987,0.237468556,0.238530995,0.224186953,0.227374856,97747200
8/25/1987,0.243843615,0.248093336,0.236937203,0.239593274,185961600
8/26/1987,0.245437443,0.250749589,0.24278075,0.243843792,114105600
8/27/1987,0.245968595,0.247031017,0.242780692,0.245437384,72432000
8/28/1987,0.255531102,0.257655964,0.246499825,0.246499825,114796800
8/31/1987,0.252343267,0.255531171,0.248093543,0.254468731,84326400
9/1/1987,0.241187081,0.25234322,0.240124641,0.25074957,93859200
9/2/1987,0.244375035,0.244906246,0.238531058,0.239062269,78393600
9/3/1987,0.244906142,0.250218305,0.241718239,0.247031004,70934400
9/4/1987,0.237999752,0.245437378,0.237468523,0.244906149,48355200
9/8/1987,0.236937374,0.237999814,0.230030957,0.237468585,96336000
9/9/1987,0.239593372,0.242249444,0.2369373,0.23799974,60710400
9/10/1987,0.243311957,0.245968649,0.240124655,0.240655884,58176000
9/11/1987,0.247030929,0.247562158,0.242249377,0.243311816,41040000
9/14/1987,0.253406167,0.254999817,0.247562193,0.247562193,94464000
9/15/1987,0.2504839,0.253937418,0.247031003,0.253937418,39052800
9/16/1987,0.248093441,0.254999856,0.248093441,0.250749513,57715200
9/17/1987,0.246499822,0.249687105,0.241718268,0.248624683,69436800
9/18/1987,0.244375035,0.246499897,0.242249553,0.246499897,31651200
9/21/1987,0.227374867,0.24331194,0.225250005,0.227374867,85550400
9/22/1987,0.243311957,0.245437438,0.22525002,0.227374882,82008000
9/23/1987,0.256062329,0.25659354,0.245437419,0.245437419,107697600
9/24/1987,0.26031214,0.268812191,0.254999993,0.254999993,118440000
9/25/1987,0.263500005,0.276249798,0.260312101,0.261374523,82454400
9/28/1987,0.271999389,0.277312154,0.262436901,0.263499943,95544000
9/29/1987,0.273062646,0.277312373,0.270405952,0.274125087,57412800
9/30/1987,0.281561911,0.283156164,0.271999422,0.271999422,85680000
10/1/1987,0.291124344,0.292187386,0.280499417,0.281561857,127224000
10/2/1987,0.308124483,0.309186941,0.292187427,0.293249867,131644800
10/5/1987,0.335749477,0.335749477,0.31237478,0.31237478,184320000
10/6/1987,0.313437313,0.336811979,0.311843662,0.335749558,203040000
10/7/1987,0.310249418,0.319811908,0.303874832,0.314499762,125640000
10/8/1987,0.305999696,0.315562187,0.295374784,0.311312463,96940800
10/9/1987,0.304937243,0.319811879,0.304937243,0.307062087,93888000
10/12/1987,0.303874761,0.310249346,0.293249851,0.305999622,117187200
10/13/1987,0.311312407,0.314499709,0.301749918,0.307062064,96811200
10/14/1987,0.302812427,0.317687046,0.300686945,0.311312478,114220800
10/15/1987,0.299624503,0.309187012,0.29749964,0.299624503,128822400
10/16/1987,0.275187314,0.316624552,0.273062452,0.299624436,210240000
10/19/1987,0.192312211,0.269874566,0.191249789,0.261374499,146880000
10/20/1987,0.203999549,0.220999665,0.18274971,0.1954995,324000000
10/21/1987,0.24065581,0.25712471,0.212499561,0.219937186,262080000
10/22/1987,0.226312459,0.246499859,0.216749969,0.241187093,223200000
10/23/1987,0.205062002,0.225250023,0.2018747,0.223124541,112766400
10/26/1987,0.166812062,0.203999584,0.158312614,0.197625016,148320000
10/27/1987,0.175312087,0.182749714,0.166812038,0.173187225,234720000
10/28/1987,0.175312087,0.180624871,0.163624736,0.169999942,149760000
10/29/1987,0.202937141,0.207187485,0.175312094,0.175312094,167040000
10/30/1987,0.211437106,0.222062031,0.206124963,0.211437106,168480000
11/2/1987,0.213561997,0.216749918,0.206124991,0.209312292,84772800
11/3/1987,0.203999549,0.212499616,0.185937011,0.209312333,116150400
11/4/1987,0.207187429,0.215687476,0.195499461,0.199749803,95342400
11/5/1987,0.21462445,0.217812353,0.207187444,0.208249865,81432000
11/6/1987,0.201874703,0.214624495,0.19974986,0.213562055,75355200
11/9/1987,0.199749857,0.201874701,0.193374651,0.198687417,86587200
11/10/1987,0.199749857,0.206125045,0.193374651,0.197624995,91166400
11/11/1987,0.208249882,0.209312322,0.200812255,0.201874677,54619200
11/12/1987,0.212499663,0.220999714,0.208249939,0.215687568,99172800
11/13/1987,0.205062002,0.213562051,0.205062002,0.21249963,58492800
11/16/1987,0.202937141,0.21143719,0.201874701,0.207187485,59472000
11/17/1987,0.198687419,0.201874703,0.192312213,0.198687419,69321600
11/18/1987,0.203999549,0.203999549,0.191249777,0.201874687,89308800
11/19/1987,0.196562603,0.206125095,0.195499561,0.205062053,75024000
11/20/1987,0.201874703,0.202937143,0.19018737,0.193374654,82468800
11/23/1987,0.202937141,0.207187485,0.199749857,0.200812279,44640000
11/24/1987,0.201874703,0.208249909,0.193374654,0.206125047,72230400
11/25/1987,0.195499554,0.202937183,0.195499554,0.201874743,32155200
11/27/1987,0.192312211,0.196562555,0.191249789,0.195499513,18316800
11/30/1987,0.19018732,0.191249742,0.172124768,0.188062459,164160000
12/1/1987,0.185936913,0.194436957,0.182749613,0.189124815,73540800
12/2/1987,0.187000126,0.190187429,0.181687358,0.184874643,68515200
12/3/1987,0.171593606,0.190187375,0.171062396,0.188062513,127670400
12/4/1987,0.178500041,0.180093674,0.169999973,0.171062413,121752000
12/7/1987,0.183812201,0.185937063,0.179562476,0.182749761,66211200
12/8/1987,0.201874703,0.201874703,0.182749724,0.183812164,112521600
12/9/1987,0.196562603,0.205062053,0.195499561,0.200812328,83793600
12/10/1987,0.201874703,0.210374771,0.188062508,0.193374654,165600000
12/11/1987,0.203999549,0.206125031,0.198687404,0.202937127,72475200
12/14/1987,0.215687498,0.216749938,0.202937107,0.203999529,95112000
12/15/1987,0.217812523,0.220468598,0.212499754,0.217812523,112219200
12/16/1987,0.23056218,0.232687042,0.213562062,0.214624503,105537600
12/17/1987,0.220999613,0.232686961,0.219937192,0.232686961,94017600
12/18/1987,0.220999613,0.228437257,0.220999613,0.223124475,52488000
12/21/1987,0.218874827,0.227374876,0.215687525,0.223124532,51163200
12/22/1987,0.223124579,0.225250061,0.212499666,0.218874872,41774400
12/23/1987,0.226312459,0.22843732,0.222062115,0.226312459,60710400
12/24/1987,0.226312459,0.22843732,0.225250018,0.226312459,12672000
12/28/1987,0.217812523,0.226312596,0.212499754,0.225250155,50716800
12/29/1987,0.231624514,0.233749375,0.214624404,0.217812306,79459200
12/30/1987,0.236937374,0.237999814,0.230562168,0.231624608,70704000
12/31/1987,0.23056218,0.236937386,0.228437337,0.234812524,61545600
1/4/1988,0.237999752,0.240124595,0.231624548,0.23268697,110347200
1/5/1988,0.242249429,0.246499772,0.240124568,0.243311869,155520000
1/6/1988,0.248624712,0.253937478,0.242249507,0.243311947,121680000
1/7/1988,0.257124871,0.257656082,0.244375076,0.246499938,90676800
1/8/1988,0.237999752,0.26243687,0.236406102,0.256062286,145440000
1/11/1988,0.245968595,0.246499806,0.232686976,0.236937319,143568000
1/12/1988,0.241187081,0.248624708,0.230562152,0.246499846,168480000
1/13/1988,0.241187081,0.248624708,0.232687014,0.237999797,96148800
1/14/1988,0.239062205,0.246499832,0.237999783,0.243311928,40608000
1/15/1988,0.245437443,0.251812011,0.245437443,0.250749589,92174400
1/18/1988,0.243311957,0.24649986,0.239062233,0.24649986,30038400
1/19/1988,0.243311957,0.2475623,0.236937371,0.237999811,47419200
1/20/1988,0.229499772,0.243311987,0.223124566,0.241187125,208800000
1/21/1988,0.233749449,0.239062214,0.230562148,0.230562148,125107200
1/22/1988,0.228968561,0.238531051,0.224187005,0.236406189,75297600
1/25/1988,0.236937374,0.239062236,0.230562168,0.230562168,75499200
1/26/1988,0.231624514,0.237468488,0.230562074,0.233749375,43560000
1/27/1988,0.236937374,0.239062236,0.23268703,0.23268703,100411200
1/28/1988,0.240124568,0.241187008,0.237999725,0.237999725,29318400
1/29/1988,0.236937374,0.242249519,0.231624608,0.240124658,66700800
2/1/1988,0.234812498,0.242249505,0.233749456,0.241187083,48729600
2/2/1988,0.236937374,0.237999814,0.23268703,0.234812512,60753600
2/3/1988,0.224186942,0.236937333,0.22206208,0.236937333,75801600
2/4/1988,0.216749936,0.226312424,0.211437153,0.225249984,114710400
2/5/1988,0.218874827,0.227374876,0.217812387,0.220999671,94104000
2/8/1988,0.219937265,0.223124549,0.215687541,0.215687541,72878400
2/9/1988,0.224186942,0.225249984,0.220999641,0.22206208,49939200
2/10/1988,0.228437304,0.229499726,0.223124521,0.225250003,77025600
2/11/1988,0.232686982,0.232686982,0.228437277,0.229499699,69436800
2/12/1988,0.234812498,0.239062222,0.231624594,0.232687016,80222400
2/16/1988,0.244375035,0.245437475,0.23162464,0.233749502,67334400
2/17/1988,0.244375035,0.249687181,0.243311993,0.246499897,101318400
2/18/1988,0.246499822,0.250749545,0.242249478,0.243311918,84153600
2/19/1988,0.24968721,0.24968721,0.245437503,0.247562366,53164800
2/22/1988,0.24968721,0.25074965,0.246499925,0.24968721,52228800
2/23/1988,0.252874494,0.254999976,0.249687191,0.249687191,91728000
2/24/1988,0.25446865,0.258187162,0.252874397,0.252874397,79560000
2/25/1988,0.247030929,0.257124641,0.245968508,0.253937341,61560000
2/26/1988,0.247562215,0.249687058,0.243311872,0.247562215,29923200
2/29/1988,0.252343267,0.252874478,0.246499892,0.248624754,39326400
3/1/1988,0.250749677,0.255000023,0.248624815,0.253937582,43300800
3/2/1988,0.252874494,0.25818726,0.249687191,0.250749631,67896000
3/3/1988,0.259249747,0.26137461,0.253937599,0.255000039,83664000
3/4/1988,0.258187175,0.260312036,0.253937452,0.259249596,68356800
3/7/1988,0.266156018,0.266687247,0.25818718,0.259249602,78004800
3/8/1988,0.271468341,0.275187458,0.266687405,0.267749827,96897600
3/9/1988,0.271999389,0.274124871,0.268812087,0.269874527,81734400
3/10/1988,0.266687304,0.276249794,0.265093653,0.273062492,97948800
3/11/1988,0.265624881,0.267749743,0.259249674,0.265624881,84297600
3/14/1988,0.27040565,0.270936861,0.261374376,0.264562296,46281600
3/15/1988,0.265624881,0.270937027,0.264562459,0.270937027,43761600
3/16/1988,0.275187314,0.275187314,0.263499963,0.266687265,54547200
3/17/1988,0.271468341,0.278374743,0.270937112,0.276249898,125308800
3/18/1988,0.247562215,0.27199933,0.247562215,0.270936891,169920000
3/21/1988,0.24968721,0.24968721,0.241187158,0.248624788,198720000
3/22/1988,0.256062329,0.25818719,0.249687124,0.249687124,115833600
3/23/1988,0.250749677,0.265093727,0.249687237,0.262437033,151200000
3/24/1988,0.240124568,0.249687054,0.236937286,0.249687054,159840000
3/25/1988,0.238531053,0.244906241,0.236937402,0.241187126,47332800
3/28/1988,0.241718233,0.242249443,0.233749397,0.235874878,67147200
3/29/1988,0.240124568,0.247562211,0.239062147,0.243311869,80712000
3/30/1988,0.232686982,0.242249469,0.23056212,0.241187047,100713600
3/31/1988,0.240124568,0.240124568,0.231624522,0.231624522,50256000
4/4/1988,0.234812498,0.240124643,0.231624594,0.2379998,47721600
4/5/1988,0.237999752,0.237999752,0.231624548,0.235874891,41760000
4/6/1988,0.247030929,0.247562158,0.236937234,0.237999674,75297600
4/7/1988,0.243311957,0.249687144,0.243311957,0.2475623,74923200
4/8/1988,0.246499822,0.248624683,0.242780707,0.24437496,57974400
4/11/1988,0.244375035,0.248624759,0.242249553,0.248624759,40406400
4/12/1988,0.236937374,0.245437441,0.23374947,0.243311959,52444800
4/13/1988,0.242249429,0.242249429,0.235874864,0.237999725,42206400
4/14/1988,0.225249931,0.24012456,0.22418689,0.235874856,110030400
4/15/1988,0.23056218,0.233749482,0.224186992,0.226312475,114220800
4/18/1988,0.232686982,0.234812463,0.228437277,0.229499699,48052800
4/19/1988,0.23056218,0.242249532,0.229499758,0.232687042,75772800
4/20/1988,0.231624514,0.233749375,0.228437231,0.230562074,65404800
4/21/1988,0.231093407,0.235874962,0.228437334,0.23374948,63979200
4/22/1988,0.234812498,0.23693736,0.231624594,0.231624594,33926400
4/25/1988,0.234281361,0.236937435,0.23268709,0.234812572,23385600
4/26/1988,0.236937374,0.240124658,0.234812512,0.236937374,46454400
4/27/1988,0.235874981,0.237999843,0.230562196,0.236937403,47894400
4/28/1988,0.23534368,0.23693733,0.233749427,0.235874909,28468800
4/29/1988,0.231624514,0.233749375,0.230562074,0.233749375,64771200
5/2/1988,0.233749449,0.234812491,0.227374864,0.231624588,49262400
5/3/1988,0.240124568,0.242249429,0.234812425,0.234812425,62740800
5/4/1988,0.242780745,0.245437438,0.23799981,0.241187094,75153600
5/5/1988,0.242249429,0.243311869,0.239062147,0.241187008,24883200
5/6/1988,0.243311957,0.24649986,0.241187095,0.241187095,43977600
5/9/1988,0.243311957,0.2475623,0.241187095,0.243311957,34790400
5/10/1988,0.242249429,0.244906121,0.239062147,0.243311869,46828800
5/11/1988,0.236937374,0.240124658,0.23374947,0.240124658,59486400
5/12/1988,0.237999752,0.240124595,0.235874891,0.236937312,26409600
5/13/1988,0.241187081,0.242249502,0.239062219,0.240124641,17913600
5/16/1988,0.247562215,0.250218287,0.241187011,0.241187011,59788800
5/17/1988,0.246499822,0.251811966,0.246499822,0.250749545,70430400
5/18/1988,0.241187081,0.248093497,0.240124641,0.246499846,81374400
5/19/1988,0.242249429,0.243311869,0.236937286,0.237999725,57729600
5/20/1988,0.239062205,0.24543741,0.237999783,0.243311928,42523200
5/23/1988,0.233749449,0.240124636,0.231624588,0.239062214,50227200
5/24/1988,0.241187081,0.241187081,0.232687014,0.233749454,55324800
5/25/1988,0.236937374,0.242249519,0.235874952,0.240124658,53582400
5/26/1988,0.238531053,0.242249548,0.236937402,0.237999842,43387200
5/27/1988,0.235874981,0.239062265,0.235874981,0.239062265,33148800
5/31/1988,0.246499822,0.247562261,0.234812472,0.235874912,44049600
6/1/1988,0.251812041,0.254999963,0.245437473,0.247562335,95788800
6/2/1988,0.250749677,0.255000023,0.249687237,0.25287454,63230400
6/3/1988,0.252874494,0.253937536,0.249687191,0.250749631,34833600
6/6/1988,0.258187175,0.259249596,0.25181197,0.25287441,81748800
6/7/1988,0.259249747,0.263500092,0.256593673,0.259249747,82166400
6/8/1988,0.263500005,0.265624867,0.258187239,0.258187239,66283200
6/9/1988,0.262436867,0.26721842,0.261905656,0.264562348,69264000
6/10/1988,0.264562339,0.2666872,0.260311996,0.262436857,45014400
6/13/1988,0.265093476,0.267749547,0.264562265,0.265624686,31118400
6/14/1988,0.267749637,0.269874499,0.266687216,0.267749637,60379200
6/15/1988,0.271999389,0.271999389,0.265624804,0.266687244,51033600
6/16/1988,0.269874513,0.270936935,0.267749652,0.268812073,73713600
6/17/1988,0.267749637,0.273062402,0.266687216,0.269874499,42105600
6/20/1988,0.266687304,0.267749726,0.263500002,0.266687304,28137600
6/21/1988,0.271999389,0.271999389,0.265624804,0.265624804,39715200
6/22/1988,0.284749806,0.286874668,0.273593666,0.276249757,127324800
6/23/1988,0.280499518,0.285812303,0.279437096,0.284749862,41054400
6/24/1988,0.27731213,0.281561853,0.276249708,0.280499413,28555200
6/27/1988,0.271999389,0.277312154,0.271999389,0.277312154,23630400
6/28/1988,0.279437125,0.280499547,0.270937055,0.271999495,32140800
6/29/1988,0.279437125,0.282625029,0.278374684,0.280499547,49809600
6/30/1988,0.284749806,0.284749806,0.280499462,0.281561902,31550400
7/1/1988,0.288999438,0.288999438,0.283687295,0.284749716,42940800
7/5/1988,0.295906007,0.296437218,0.284749865,0.286874727,48096000
7/6/1988,0.292187512,0.299624521,0.29112447,0.296437237,89380800
7/7/1988,0.292187512,0.293249952,0.287937167,0.290062029,68428800
7/8/1988,0.291124344,0.292187386,0.287937043,0.288999482,40089600
7/11/1988,0.283687294,0.29218734,0.283687294,0.29218734,65764800
7/12/1988,0.278905869,0.285812286,0.275187355,0.284749846,90000000
7/13/1988,0.283687294,0.283687294,0.276249669,0.278374512,57427200
7/14/1988,0.284749806,0.284749806,0.280499462,0.283687384,34848000
7/15/1988,0.284749806,0.285812246,0.281561902,0.284749806,31579200
7/18/1988,0.286874622,0.287937044,0.284749761,0.285812201,20102400
7/19/1988,0.280499518,0.286874725,0.279437096,0.285812303,36460800
7/20/1988,0.271999389,0.282624919,0.270936949,0.282624919,111096000
7/21/1988,0.259249747,0.271999544,0.257124902,0.270937103,128937600
7/22/1988,0.262436867,0.26562477,0.257124723,0.258187144,68817600
7/25/1988,0.257124871,0.265624923,0.256062431,0.26350006,52704000
7/26/1988,0.246499822,0.250749545,0.241187057,0.246499822,228960000
7/27/1988,0.244906142,0.250749515,0.244374932,0.247562233,68140800
7/28/1988,0.247562215,0.248624636,0.242249433,0.244374914,57945600
7/29/1988,0.252874494,0.254999976,0.247562347,0.248624769,59385600
8/1/1988,0.248624712,0.254999918,0.248624712,0.253937478,51825600
8/2/1988,0.244375035,0.249687181,0.241187131,0.248624759,65476800
8/3/1988,0.239062205,0.24437497,0.235874922,0.243311928,91987200
8/4/1988,0.235874981,0.240124687,0.235874981,0.239062265,53496000
8/5/1988,0.227374867,0.235874934,0.21993724,0.235874934,201600000
8/8/1988,0.226312459,0.22843732,0.224186977,0.22843732,148320000
8/9/1988,0.219937265,0.226312471,0.216749981,0.225250031,138830400
8/10/1988,0.21462445,0.219937214,0.212499588,0.217812353,113169600
8/11/1988,0.219937265,0.220999687,0.212499637,0.216749981,123105600
8/12/1988,0.220999613,0.222062053,0.21887477,0.219937192,58262400
8/15/1988,0.215687498,0.222062083,0.212499595,0.220999643,41083200
8/16/1988,0.223124579,0.224187019,0.213562088,0.214624528,90878400
8/17/1988,0.223124579,0.228968574,0.218343643,0.223124579,59112000
8/18/1988,0.224186942,0.226312424,0.223124502,0.224186942,32025600
8/19/1988,0.21462445,0.225249979,0.21356201,0.224186937,67377600
8/22/1988,0.203999549,0.214624478,0.202937127,0.213562038,110174400
8/23/1988,0.209843501,0.211437134,0.202937087,0.205061948,88315200
8/24/1988,0.218874827,0.219406038,0.209312338,0.21037476,102585600
8/25/1988,0.215687498,0.2188748,0.212499595,0.213562017,72633600
8/26/1988,0.21834363,0.219937282,0.215687557,0.215687557,24451200
8/29/1988,0.221530959,0.223124592,0.219937308,0.22099973,35035200
8/30/1988,0.217812523,0.222062249,0.216750101,0.220999809,20966400
8/31/1988,0.212499663,0.219937292,0.209312379,0.21887487,71884800
9/1/1988,0.20771867,0.211437165,0.203999538,0.210374743,82382400
9/2/1988,0.218874827,0.219937249,0.21037476,0.211437182,115329600
9/6/1988,0.220999613,0.223124475,0.217812331,0.21887477,67752000
9/7/1988,0.219937265,0.224186989,0.215687541,0.222062127,72115200
9/8/1988,0.220999613,0.226312396,0.217812331,0.21887477,69206400
9/9/1988,0.229499772,0.232687056,0.21887486,0.219937282,111124800
9/12/1988,0.228437304,0.23374945,0.227374865,0.228437304,43257600
9/13/1988,0.229499772,0.230562194,0.224187006,0.226312488,40608000
9/14/1988,0.229499772,0.234812538,0.22843735,0.233218285,79214400
9/15/1988,0.222062126,0.230562175,0.220999686,0.229499754,72921600
9/16/1988,0.220999613,0.223124475,0.219937192,0.222062053,48700800
9/19/1988,0.219937265,0.223124549,0.216749981,0.223124549,44697600
9/20/1988,0.226312459,0.226312459,0.219937253,0.220999675,53625600
9/21/1988,0.228437304,0.229499726,0.227374865,0.227374865,16056000
9/22/1988,0.231624514,0.233749375,0.228437231,0.229499653,59688000
9/23/1988,0.228437304,0.231624588,0.228437304,0.231624588,35092800
9/26/1988,0.222593382,0.2294998,0.219937309,0.228437378,50212800
9/27/1988,0.220999613,0.222062053,0.21887477,0.220999613,35366400
9/28/1988,0.225249931,0.225249931,0.219937168,0.222062029,25516800
9/29/1988,0.225249931,0.227374792,0.22312445,0.22418689,56462400
9/30/1988,0.222062126,0.22525003,0.219937264,0.224186988,37252800
10/3/1988,0.21834363,0.219937282,0.214624515,0.217812419,41097600
10/4/1988,0.217281267,0.220999763,0.216218827,0.218874919,29260800
10/5/1988,0.213561997,0.21781234,0.212499575,0.21781234,67089600
10/6/1988,0.212499663,0.215687568,0.212499663,0.213562085,33609600
10/7/1988,0.211437106,0.213561967,0.203468271,0.212499546,208065600
10/10/1988,0.209312335,0.212499618,0.202937129,0.212499618,106358400
10/11/1988,0.211437106,0.214624407,0.208249824,0.211437106,65952000
10/12/1988,0.215156406,0.219937343,0.208249987,0.21037485,137534400
10/13/1988,0.218874827,0.222062111,0.213562043,0.214093272,82468800
10/14/1988,0.217812523,0.222062249,0.216750101,0.220999809,56764800
10/17/1988,0.220999613,0.223124475,0.217812331,0.217812331,25675200
10/18/1988,0.223124579,0.224187019,0.217812432,0.219937294,37224000
10/19/1988,0.226312459,0.22843732,0.222062115,0.22737488,80683200
10/20/1988,0.227374867,0.229499728,0.224186963,0.224186963,73296000
10/21/1988,0.225249931,0.227374792,0.22312445,0.225249931,24264000
10/24/1988,0.220999613,0.226312396,0.220468403,0.226312396,28627200
10/25/1988,0.21462445,0.222062076,0.212499588,0.220999636,74548800
10/26/1988,0.211437106,0.214624407,0.206124963,0.213561967,157420800
10/27/1988,0.210374713,0.210374713,0.202937087,0.209312291,114336000
10/28/1988,0.210374713,0.211437134,0.20612499,0.209312291,46540800
10/31/1988,0.208249882,0.209312322,0.20612502,0.209312322,41284800
11/1/1988,0.207187429,0.211437133,0.207187429,0.208249851,53280000
11/2/1988,0.200812221,0.207187424,0.198687359,0.207187424,221803200
11/3/1988,0.200812221,0.202937082,0.196031287,0.200812221,118339200
11/4/1988,0.197624996,0.202937142,0.197624996,0.197624996,106603200
11/7/1988,0.198687419,0.199749859,0.195499515,0.197624997,55065600
11/8/1988,0.206656292,0.208249943,0.199749892,0.200812314,56606400
11/9/1988,0.211437106,0.212499546,0.20293706,0.203999481,124732800
11/10/1988,0.208249882,0.214624467,0.208249882,0.211437165,78796800
11/11/1988,0.202405959,0.208249937,0.20187473,0.206125075,54936000
11/14/1988,0.206125036,0.207187476,0.201874692,0.203999554,34329600
11/15/1988,0.199749857,0.206125045,0.197624995,0.206125045,93902400
11/16/1988,0.196562603,0.200812328,0.193374699,0.200281117,199008000
11/17/1988,0.195499554,0.198687459,0.194437114,0.196562596,65865600
11/18/1988,0.198156133,0.198687344,0.194437002,0.196562483,34430400
11/21/1988,0.195499554,0.196562596,0.192312252,0.195499554,47102400
11/22/1988,0.195499554,0.197625037,0.193374692,0.195499554,30312000
11/23/1988,0.199218675,0.199749905,0.19549956,0.196562602,56548800
11/25/1988,0.197093755,0.197624984,0.194437062,0.196562544,11462400
11/28/1988,0.199749857,0.201874701,0.196562555,0.196562555,58737600
11/29/1988,0.201874703,0.201874703,0.198687419,0.19974986,21873600
11/30/1988,0.200812221,0.202937082,0.200812221,0.200812221,35193600
12/1/1988,0.208249882,0.210374743,0.199749833,0.201874677,82008000
12/2/1988,0.211437106,0.213561967,0.206124963,0.206124963,91497600
12/5/1988,0.210374713,0.214624436,0.20718743,0.211437134,70142400
12/6/1988,0.211437106,0.211437106,0.208249824,0.210374685,44366400
12/7/1988,0.209312335,0.212499618,0.208781106,0.210374756,30888000
12/8/1988,0.208249882,0.210374743,0.20718746,0.209312322,40176000
12/9/1988,0.208249882,0.209312322,0.20612502,0.20718746,22305600
12/12/1988,0.201343447,0.208249862,0.201343447,0.207187441,38894400
12/13/1988,0.202937141,0.202937141,0.200812279,0.200812279,39168000
12/14/1988,0.205593884,0.207187535,0.20187475,0.20293719,28008000
12/15/1988,0.208249882,0.209312322,0.20612502,0.208249882,23198400
12/16/1988,0.211437106,0.213561967,0.207187402,0.207187402,51796800
12/19/1988,0.215687498,0.2188748,0.214624457,0.215156288,83534400
12/20/1988,0.217812523,0.223124672,0.216750101,0.218343734,92188800
12/21/1988,0.222062126,0.223124548,0.217812402,0.218874842,46440000
12/22/1988,0.220999613,0.225249956,0.219937192,0.223124475,74592000
12/23/1988,0.220999613,0.220999613,0.21887477,0.219937192,17121600
12/27/1988,0.219937265,0.223124549,0.219937265,0.220999687,30772800
12/28/1988,0.222062126,0.222062126,0.219937264,0.220999686,21268800
12/29/1988,0.226312459,0.22737488,0.220999675,0.220999675,38275200
12/30/1988,0.226312459,0.230562164,0.226312459,0.22737488,63820800
1/3/1989,0.227906033,0.228437262,0.22418692,0.227374823,51825600
1/4/1989,0.23056218,0.233218271,0.227374896,0.227374896,53899200
1/5/1989,0.226843685,0.232687042,0.226312474,0.232687042,47246400
1/6/1989,0.225249931,0.228437232,0.225249931,0.227374792,59054400
1/9/1989,0.223124579,0.226312501,0.221530946,0.225250061,46008000
1/10/1989,0.220999613,0.223124475,0.219937192,0.222062053,54129600
1/11/1989,0.223124579,0.223124579,0.218874872,0.220468505,48297600
1/12/1989,0.223124579,0.228437363,0.222062157,0.222062157,54590400
1/13/1989,0.225249931,0.226312371,0.22312445,0.22312445,35568000
1/16/1989,0.225781187,0.23003091,0.224186935,0.226312416,27532800
1/17/1989,0.218874827,0.224718803,0.217812387,0.223655762,41745600
1/18/1989,0.218874827,0.219937249,0.213562043,0.219937249,63633600
1/19/1989,0.227374867,0.228437307,0.222062101,0.222062101,84297600
1/20/1989,0.230030999,0.231093439,0.226312503,0.227374925,61027200
1/23/1989,0.225249931,0.229499653,0.224718721,0.229499653,52228800
1/24/1989,0.224186942,0.227374845,0.223124502,0.225249984,56217600
1/25/1989,0.225249931,0.226312371,0.22312445,0.225249931,49046400
1/26/1989,0.23056218,0.23162462,0.223124552,0.223655782,87134400
1/27/1989,0.23534368,0.240124614,0.228437283,0.230030915,166420800
1/30/1989,0.248624712,0.249687134,0.2348125,0.23587494,110088000
1/31/1989,0.253406167,0.256062239,0.248624614,0.250749475,125092800
2/1/1989,0.251812041,0.253937523,0.250749619,0.252874481,131212800
2/2/1989,0.258718491,0.267749771,0.251812072,0.252874513,180028800
2/3/1989,0.259249747,0.265624955,0.255000039,0.257124902,91324800
2/6/1989,0.257124871,0.259249715,0.253937568,0.258187293,87580800
2/7/1989,0.264031172,0.265624823,0.257124774,0.257655985,127094400
2/8/1989,0.265624881,0.271999467,0.261374536,0.263500019,133315200
2/9/1989,0.270936996,0.27518734,0.262436946,0.263499988,199036800
2/10/1989,0.262968779,0.269874575,0.261905737,0.267749713,129038400
2/13/1989,0.26031214,0.263500045,0.2592497,0.261374562,94075200
2/14/1989,0.256062329,0.264562396,0.254999907,0.262968745,62956800
2/15/1989,0.264562339,0.264562339,0.256062274,0.257124713,81936000
2/16/1989,0.266687304,0.269874588,0.260312098,0.265624864,61387200
2/17/1989,0.265624881,0.268812165,0.264562459,0.267749743,29692800
2/21/1989,0.262436867,0.266687209,0.261374427,0.264562348,33753600
2/22/1989,0.254999965,0.262436974,0.254999965,0.261374534,95515200
2/23/1989,0.256593645,0.258187296,0.251812088,0.256062434,75945600
2/24/1989,0.24968721,0.258187279,0.24968721,0.256062417,76017600
2/27/1989,0.253937483,0.256062345,0.248624717,0.249687139,68788800
2/28/1989,0.252874494,0.256062398,0.250749631,0.254999976,43444800
3/1/1989,0.251812041,0.256062385,0.251812041,0.254999963,59889600
3/2/1989,0.258187175,0.259249596,0.25181197,0.25181197,92304000
3/3/1989,0.262436867,0.263499908,0.257124723,0.258187144,68947200
3/6/1989,0.263500005,0.264562445,0.259249661,0.262436963,56635200
3/7/1989,0.227374867,0.254999911,0.226312445,0.253937471,788688000
3/8/1989,0.223124579,0.231624648,0.222593368,0.228437363,253612800
3/9/1989,0.219937265,0.224186989,0.218874843,0.224186989,123307200
3/10/1989,0.219937265,0.223124549,0.216749981,0.218874843,66902400
3/13/1989,0.224186942,0.224186942,0.219937219,0.220999641,60206400
3/14/1989,0.224186942,0.226312424,0.22206208,0.226312424,63720000
3/15/1989,0.213561997,0.224186924,0.213561997,0.224186924,104889600
3/16/1989,0.217812523,0.218874964,0.214624618,0.21568766,102888000
3/17/1989,0.197624996,0.214624493,0.195499514,0.213562053,245577600
3/20/1989,0.197624996,0.197624996,0.194437074,0.197093767,238996800
3/21/1989,0.211968407,0.212499618,0.196562544,0.198687405,224467200
3/22/1989,0.208249882,0.211437165,0.20612502,0.210374743,167025600
3/23/1989,0.213561997,0.213561997,0.207187431,0.207187431,87811200
3/27/1989,0.211437106,0.215156238,0.210374685,0.212499546,75542400
3/28/1989,0.211437106,0.214624407,0.209312263,0.213561967,70804800
3/29/1989,0.210374713,0.211437134,0.209312291,0.211437134,30009600
3/30/1989,0.211968407,0.212499618,0.208781105,0.211437178,46742400
3/31/1989,0.211968407,0.21356204,0.210374756,0.212499618,29736000
4/3/1989,0.213561997,0.215687478,0.210905925,0.212499575,35049600
4/4/1989,0.212499663,0.213562085,0.210374801,0.213562085,25027200
4/5/1989,0.214093238,0.214624449,0.211437148,0.212499587,19641600
4/6/1989,0.217812523,0.218874964,0.213562177,0.214624618,51681600
4/7/1989,0.217812523,0.219937386,0.216750101,0.217812523,29448000
4/10/1989,0.21834363,0.222062144,0.217812419,0.217812419,28670400
4/11/1989,0.21834363,0.220999704,0.214093304,0.21887486,28728000
4/12/1989,0.204530776,0.21993724,0.202405914,0.21993724,71020800
4/13/1989,0.207187429,0.214093224,0.201874647,0.202937086,92880000
4/14/1989,0.215687498,0.21781236,0.209312312,0.209312312,62625600
4/17/1989,0.218874827,0.222593321,0.215687525,0.217812387,51638400
4/18/1989,0.226312459,0.226312459,0.220999675,0.223124537,69336000
4/19/1989,0.233218327,0.236937443,0.231624676,0.233749538,168969600
4/20/1989,0.237999752,0.240124595,0.231624548,0.233749409,138801600
4/21/1989,0.234812498,0.2379998,0.233749456,0.2379998,58190400
4/24/1989,0.234281361,0.235875012,0.231624668,0.23374953,29332800
4/25/1989,0.232686982,0.236937325,0.23162456,0.235874903,24897600
4/26/1989,0.229499772,0.233749496,0.227906121,0.233749496,44510400
4/27/1989,0.232686982,0.233218211,0.229499699,0.229499699,34588800
4/28/1989,0.237468556,0.239062206,0.228437296,0.232687001,69782400
5/1/1989,0.23215574,0.237999733,0.23056209,0.235343643,33739200
5/2/1989,0.229499772,0.233749496,0.22737491,0.232687056,34372800
5/3/1989,0.229499772,0.232687056,0.229499772,0.229499772,28857600
5/4/1989,0.223124579,0.230562207,0.222062157,0.230562207,37425600
5/5/1989,0.220999613,0.226312396,0.219937192,0.226312396,35827200
5/8/1989,0.218874827,0.222062111,0.216749965,0.220999671,49003200
5/9/1989,0.225249931,0.227374792,0.218874746,0.219937168,54590400
5/10/1989,0.229499772,0.232687056,0.226312488,0.22737491,58752000
5/11/1989,0.229499772,0.230562194,0.22737491,0.230562194,34401600
5/12/1989,0.23056218,0.233749482,0.227374896,0.232155831,71092800
5/15/1989,0.232686982,0.233749421,0.229499699,0.230030909,74736000
5/16/1989,0.239062205,0.240124627,0.231624578,0.232687,83433600
5/17/1989,0.243843615,0.246499686,0.239593274,0.239593274,89812800
5/18/1989,0.247562215,0.249155847,0.243311872,0.243311872,52574400
5/19/1989,0.247562215,0.252874358,0.247030986,0.247030986,62568000
5/22/1989,0.251812041,0.252874481,0.245437473,0.247562335,74275200
5/23/1989,0.24065581,0.250749507,0.239062159,0.247562224,97545600
5/24/1989,0.244375035,0.244375035,0.236937407,0.238531058,69364800
5/25/1989,0.244375035,0.248624759,0.242249553,0.244375035,33840000
5/26/1989,0.250218421,0.250749632,0.245437486,0.246499908,37886400
5/30/1989,0.250749677,0.253406371,0.248624815,0.250749677,63907200
5/31/1989,0.257124871,0.259249715,0.250749663,0.250749663,80971200
6/1/1989,0.254999965,0.25818725,0.253937525,0.256062387,62798400
6/2/1989,0.247562215,0.256062261,0.247562215,0.25553105,54043200
6/5/1989,0.241187081,0.248624708,0.240124641,0.248624708,61416000
6/6/1989,0.248624712,0.249155923,0.240124645,0.241187085,53899200
6/7/1989,0.253937483,0.254999923,0.249687139,0.249687139,44928000
6/8/1989,0.253937483,0.256062345,0.252874441,0.253937483,29217600
6/9/1989,0.253937483,0.255531134,0.251812001,0.253937483,36144000
6/12/1989,0.250749677,0.256062445,0.249156026,0.253937582,51681600
6/13/1989,0.243311957,0.248624722,0.243311957,0.248093511,40564800
6/14/1989,0.245437443,0.246499865,0.240124659,0.245437443,47304000
6/15/1989,0.241187081,0.245437424,0.239062219,0.245437424,52113600
6/16/1989,0.241187081,0.242249502,0.239062219,0.24065587,47361600
6/19/1989,0.240124568,0.242249429,0.235874864,0.242249429,27158400
6/20/1989,0.231624514,0.241186999,0.231624514,0.24012456,45806400
6/21/1989,0.233749449,0.237999793,0.226312442,0.226312442,80496000
6/22/1989,0.235874981,0.235874981,0.233749498,0.234812541,36072000
6/23/1989,0.23534368,0.23799977,0.234812469,0.235874909,33537600
6/26/1989,0.232686982,0.235874903,0.23056212,0.234812463,30240000
6/27/1989,0.228968561,0.234812538,0.22843735,0.232687056,35899200
6/28/1989,0.224186942,0.229499707,0.220999641,0.229499707,57456000
6/29/1989,0.220999613,0.224718745,0.217812331,0.224718745,77198400
6/30/1989,0.225249931,0.227374792,0.217812307,0.220999589,67248000
7/3/1989,0.229499772,0.230562194,0.225781259,0.225781259,14688000
7/5/1989,0.234812498,0.235874938,0.229499733,0.231624594,26539200
7/6/1989,0.224186942,0.237999773,0.222593291,0.236937333,94780800
7/7/1989,0.227374867,0.23056215,0.223655752,0.224186963,41457600
7/10/1989,0.233218327,0.233749538,0.227374951,0.228437391,27259200
7/11/1989,0.227374867,0.235874934,0.226312445,0.233218241,43488000
7/12/1989,0.226312459,0.22737488,0.220999675,0.225250018,52156800
7/13/1989,0.225249931,0.228437232,0.22312445,0.225781142,33408000
7/14/1989,0.224186942,0.227374845,0.219937219,0.226312424,42768000
7/17/1989,0.226312459,0.22737488,0.223124537,0.224186977,31291200
7/18/1989,0.227374867,0.23056215,0.226312445,0.226312445,42984000
7/19/1989,0.230030999,0.23162465,0.226312503,0.229499788,29764800
7/20/1989,0.227374867,0.234812494,0.227374867,0.23056215,44524800
7/21/1989,0.234812498,0.240124643,0.224186967,0.225250009,99763200
7/24/1989,0.234812498,0.23693736,0.230562154,0.232687016,38361600
7/25/1989,0.220999613,0.242249448,0.21887477,0.233749401,326030400
7/26/1989,0.224186942,0.226312424,0.220999641,0.224186942,123638400
7/27/1989,0.228437304,0.229499726,0.226312443,0.227906075,45561600
7/28/1989,0.23056218,0.23162462,0.226312475,0.229499758,29217600
7/31/1989,0.232686982,0.233749421,0.228437277,0.229499699,33336000
8/1/1989,0.23056218,0.234812524,0.229499758,0.232687042,62136000
8/2/1989,0.23056218,0.232687042,0.229499758,0.229499758,28368000
8/3/1989,0.233749449,0.234812491,0.230562148,0.231093377,27590400
8/4/1989,0.242249429,0.24437491,0.231624522,0.232686943,178128000
8/7/1989,0.245437443,0.246499865,0.242249521,0.245437443,93571200
8/8/1989,0.250749677,0.2518121,0.24437509,0.24437509,110548800
8/9/1989,0.24968721,0.254999995,0.24968721,0.250218439,113774400
8/10/1989,0.248624712,0.250749574,0.24756229,0.250749574,48340800
8/11/1989,0.245437443,0.252874451,0.245437443,0.250749589,61473600
8/14/1989,0.242249429,0.24543735,0.242249429,0.24543735,68990400
8/15/1989,0.244375035,0.246499897,0.24065592,0.242249553,17856000
8/16/1989,0.237468556,0.246499833,0.235874923,0.245437411,46670400
8/17/1989,0.240124568,0.241187008,0.234812425,0.236937286,39960000
8/18/1989,0.244375035,0.245437475,0.240124691,0.240124691,24912000
8/21/1989,0.238531053,0.245968682,0.237999842,0.24437503,32097600
8/22/1989,0.248093441,0.249687073,0.237999744,0.237999744,64771200
8/23/1989,0.251812041,0.253406312,0.246499895,0.249155968,46094400
8/24/1989,0.250749677,0.257124885,0.247562393,0.254468793,92764800
8/25/1989,0.250218421,0.251812054,0.245437486,0.249687192,85147200
8/28/1989,0.251280844,0.252874495,0.247562349,0.249687193,28540800
8/29/1989,0.248624712,0.254999918,0.248093501,0.254468689,54417600
8/30/1989,0.251812041,0.253406312,0.248624757,0.249687179,40377600
8/31/1989,0.24968721,0.253937555,0.24968721,0.252874512,14198400
9/1/1989,0.25446865,0.2560623,0.249687096,0.250749536,44409600
9/5/1989,0.254999965,0.259249672,0.253406314,0.253937525,93340800
9/6/1989,0.251812041,0.254999963,0.249687179,0.253937523,42379200
9/7/1989,0.247562215,0.251811919,0.246499775,0.250749497,41904000
9/8/1989,0.250749677,0.25287454,0.24543753,0.246499952,39787200
9/11/1989,0.252343267,0.252874478,0.248624754,0.249687176,27907200
9/12/1989,0.256062329,0.259249612,0.251811985,0.252874425,67795200
9/13/1989,0.264562339,0.269874483,0.257124713,0.259249556,181022400
9/14/1989,0.270936996,0.274124918,0.264562428,0.26668729,78163200
9/15/1989,0.266687304,0.274124932,0.265624864,0.27199945,89150400
9/18/1989,0.269874513,0.269874513,0.26562479,0.26562479,39110400
9/19/1989,0.265624881,0.271999467,0.265624881,0.270937027,49204800
9/20/1989,0.276249737,0.276249737,0.264562387,0.266687248,72129600
9/21/1989,0.278374612,0.283687396,0.274124907,0.279437052,89352000
9/22/1989,0.280499518,0.280499518,0.275187372,0.278374656,43948800
9/25/1989,0.284749806,0.288999529,0.278374601,0.280499462,69940800
9/26/1989,0.285812199,0.286874621,0.282624898,0.284749759,39988800
9/27/1989,0.283156097,0.286343398,0.279436983,0.281561844,69235200
9/28/1989,0.288999438,0.288999438,0.282624855,0.282624855,41428800
9/29/1989,0.291124344,0.295374687,0.287937043,0.288999482,64324800
10/2/1989,0.295906007,0.29749964,0.28899959,0.290062012,50428800
10/3/1989,0.293249875,0.299624442,0.292718646,0.299624442,68918400
10/4/1989,0.32087487,0.321937291,0.291124364,0.293249846,260020800
10/5/1989,0.33681187,0.349562278,0.319811777,0.320874818,284760000
10/6/1989,0.338936865,0.342124787,0.332562298,0.338405636,87609600
10/9/1989,0.347436875,0.348499297,0.335749507,0.337874387,58536000
10/10/1989,0.345312119,0.352749766,0.343187274,0.350624885,68299200
10/11/1989,0.339999825,0.342124704,0.335749482,0.341062246,106401600
10/12/1989,0.333624721,0.342124789,0.332562299,0.339999908,58881600
10/13/1989,0.31237483,0.331499808,0.310249367,0.330437386,102643200
10/16/1989,0.321937412,0.324062293,0.293249955,0.300686965,253065600
10/17/1989,0.334155977,0.346374542,0.315562223,0.319811948,177206400
10/18/1989,0.34212476,0.343187182,0.333624693,0.335218344,134784000
10/19/1989,0.35806185,0.36549946,0.341062334,0.344249636,179424000
10/20/1989,0.362312198,0.36337462,0.350624827,0.356999432,93542400
10/23/1989,0.353280902,0.364437043,0.350624829,0.360187319,60912000
10/24/1989,0.343718439,0.350624857,0.334687178,0.350624857,157089600
10/25/1989,0.338936865,0.351687277,0.336811985,0.346374475,71481600
10/26/1989,0.330437452,0.341062364,0.32937441,0.334687176,135460800
10/27/1989,0.327249467,0.331499811,0.324062202,0.330437389,97041600
10/30/1989,0.338405699,0.338936928,0.330968708,0.331499901,45921600
10/31/1989,0.347436875,0.348499297,0.33999985,0.341062272,56563200
11/1/1989,0.349031061,0.352749591,0.347436827,0.347436827,74649600
11/2/1989,0.324062169,0.343718337,0.322999747,0.343718337,226051200
11/3/1989,0.332562387,0.334687231,0.324062317,0.325124739,98755200
11/6/1989,0.328312039,0.338936954,0.325124737,0.332562384,88027200
11/7/1989,0.344249606,0.350093601,0.32831193,0.329374352,131544000
11/8/1989,0.353812009,0.359124773,0.348499245,0.349031058,106488000
11/9/1989,0.355936885,0.359124806,0.35062474,0.356999343,111528000
11/10/1989,0.359124839,0.361249719,0.355936918,0.356999376,59169600
11/13/1989,0.374530792,0.375061985,0.355937003,0.359124926,178905600
11/14/1989,0.367624402,0.379312358,0.365499521,0.377186894,95241600
11/15/1989,0.376124203,0.379312087,0.366561719,0.368687181,94492800
11/16/1989,0.371874511,0.379312117,0.366561748,0.378249696,68054400
11/17/1989,0.369218558,0.375061896,0.368687329,0.372405823,31651200
11/20/1989,0.367624402,0.368687444,0.359124953,0.368687444,56937600
11/21/1989,0.374530792,0.376124443,0.367624375,0.367624375,67118400
11/22/1989,0.37506178,0.376124238,0.371874516,0.37506178,38232000
11/24/1989,0.372405827,0.378249821,0.371874634,0.377718592,17971200
11/27/1989,0.368687361,0.372937085,0.364437018,0.371874663,37281600
11/28/1989,0.369749784,0.37506193,0.366561899,0.369749784,56664000
11/29/1989,0.36337471,0.373999625,0.358061943,0.37187478,85896000
11/30/1989,0.369749784,0.370812243,0.355936951,0.35699941,111211200
12/1/1989,0.361249596,0.372936924,0.360718367,0.370280852,52070400
12/4/1989,0.3665618,0.370812143,0.358593548,0.361249656,40536000
12/5/1989,0.368687361,0.370812242,0.365499439,0.368687361,44049600
12/6/1989,0.362312198,0.369749807,0.359124896,0.367624344,57384000
12/7/1989,0.36337471,0.366562013,0.356999521,0.356999521,40348800
12/8/1989,0.360187322,0.365499468,0.352749712,0.363374624,107625600
12/11/1989,0.352749765,0.360187376,0.34849942,0.360187376,103377600
12/12/1989,0.35062477,0.355936915,0.34212474,0.355936915,93628800
12/13/1989,0.339999825,0.350624734,0.336811903,0.343187126,95788800
12/14/1989,0.331499845,0.338936871,0.331499845,0.335749569,61516800
12/15/1989,0.327249467,0.333624691,0.318749437,0.332562269,107164800
12/18/1989,0.332562387,0.335749653,0.327249583,0.328312042,78436800
12/19/1989,0.341593474,0.342124703,0.330437336,0.332562216,70473600
12/20/1989,0.351687253,0.352749674,0.343187185,0.345312029,111009600
12/21/1989,0.354874372,0.354874372,0.345311887,0.351687108,55022400
12/22/1989,0.364437133,0.366562014,0.351687374,0.354874641,54892800
12/26/1989,0.36337471,0.367093206,0.360187407,0.364968362,23817600
12/27/1989,0.3665618,0.369749685,0.362312078,0.365499342,62798400
12/28/1989,0.362312198,0.364437041,0.352749708,0.354874551,123091200
12/29/1989,0.369749784,0.37506193,0.362312175,0.363374597,77630400
1/2/1990,0.377186865,0.377186865,0.366030723,0.370812296,53035200
1/3/1990,0.379312366,0.383562091,0.37612448,0.380374825,113774400
1/4/1990,0.390468419,0.390999648,0.377186814,0.379312278,125740800
1/5/1990,0.380905986,0.390999706,0.380374793,0.388874826,69566400
1/8/1990,0.386749268,0.386749268,0.376124357,0.380374701,58982400
1/9/1990,0.385686904,0.39099967,0.383562024,0.386749326,70300800
1/10/1990,0.37506178,0.387812187,0.374530588,0.382499423,103766400
1/11/1990,0.367624402,0.380374816,0.361249833,0.377186894,95774400
1/12/1990,0.366030484,0.370812055,0.356999229,0.361780763,148910400
1/15/1990,0.366030484,0.369749597,0.362311992,0.364436834,62467200
1/16/1990,0.377186865,0.379312329,0.359124925,0.363374649,80092800
1/17/1990,0.371874511,0.384624261,0.369749632,0.373999354,97588800
1/18/1990,0.403749406,0.403749406,0.38037474,0.380905933,292363200
1/19/1990,0.400030911,0.40799975,0.397374838,0.404811864,99259200
1/22/1990,0.385686904,0.399499738,0.384624446,0.399499738,167688000
1/23/1990,0.381437123,0.38781231,0.379312243,0.386749268,139348800
1/24/1990,0.385686904,0.385686904,0.370281039,0.373999534,180345600
1/25/1990,0.385686904,0.393124514,0.384624446,0.38887479,112752000
1/26/1990,0.385686904,0.387812368,0.382499602,0.384624446,68083200
1/29/1990,0.38887462,0.392061921,0.383561856,0.38887462,55080000
1/30/1990,0.387812316,0.393124462,0.382499551,0.389937196,73108800
1/31/1990,0.393124402,0.393124402,0.387812257,0.390999558,112939200
2/1/1990,0.398437351,0.400562232,0.393124584,0.393124584,89193600
2/2/1990,0.398437351,0.405874378,0.395249465,0.395249465,71395200
2/5/1990,0.400562316,0.400562316,0.39631197,0.397906242,59731200
2/6/1990,0.399499714,0.400562136,0.392062069,0.399499714,81964800
2/7/1990,0.39631179,0.402686977,0.395249368,0.397374832,134150400
2/8/1990,0.400562316,0.403749583,0.39631197,0.397906242,95227200
2/9/1990,0.401624441,0.402686863,0.399499598,0.40056202,62380800
2/12/1990,0.402686894,0.405874195,0.399499629,0.401624472,56088000
2/13/1990,0.402686894,0.404811774,0.401624472,0.403749316,58752000
2/14/1990,0.403749406,0.404811865,0.401624563,0.404811865,35870400
2/15/1990,0.412249506,0.41649985,0.403749437,0.403749437,89496000
2/16/1990,0.416499764,0.419687065,0.415436722,0.417562185,70876800
2/20/1990,0.426062375,0.427124797,0.41224954,0.415436842,132652800
2/21/1990,0.40853098,0.424999267,0.406937329,0.419687121,103348800
2/22/1990,0.409593344,0.417562181,0.409062151,0.411186995,60811200
2/23/1990,0.414374113,0.415436534,0.40587405,0.406937092,56851200
2/26/1990,0.421812028,0.42499933,0.413311959,0.414374417,69220800
2/27/1990,0.416499764,0.42287433,0.416499764,0.42287433,62020800
2/28/1990,0.419687003,0.423936726,0.416499702,0.416499702,39312000
3/1/1990,0.424999326,0.432436937,0.418624758,0.418624758,76867200
3/2/1990,0.440937012,0.443593086,0.425531146,0.426062375,100209600
3/5/1990,0.447312087,0.44943693,0.434561677,0.439874442,75528000
3/6/1990,0.444124252,0.446249715,0.435624804,0.445187294,68630400
3/7/1990,0.436687261,0.448374632,0.436687261,0.445187329,47606400
3/8/1990,0.451561809,0.455812152,0.432436831,0.437749633,88977600
3/9/1990,0.452624232,0.458999418,0.447312087,0.450499352,75744000
3/12/1990,0.460061997,0.462186878,0.450499506,0.451561928,68875200
3/13/1990,0.451561809,0.463249177,0.451561809,0.461124297,85204800
3/14/1990,0.458468318,0.46218685,0.450499479,0.455812245,130968000
3/15/1990,0.471749365,0.474937251,0.45793715,0.458468343,81676800
3/16/1990,0.484499514,0.489811658,0.474937028,0.475999486,118900800
3/19/1990,0.495124429,0.497249272,0.480249143,0.483437064,81172800
3/20/1990,0.480249137,0.496186844,0.478124294,0.495124423,92145600
3/21/1990,0.481311619,0.490874106,0.477061897,0.479717969,69840000
3/22/1990,0.472811401,0.483436925,0.46856168,0.482373884,92419200
3/23/1990,0.468561888,0.481311677,0.463249123,0.475999532,53596800
3/26/1990,0.473874748,0.478124471,0.469093211,0.469624404,55929600
3/27/1990,0.47812441,0.480249253,0.470686765,0.472280416,52516800
3/28/1990,0.471749365,0.477062132,0.461124416,0.477062132,99532800
3/29/1990,0.469624162,0.479186646,0.467499319,0.469092969,64785600
3/30/1990,0.470686644,0.471749102,0.464312079,0.46749938,36691200
4/2/1990,0.473874748,0.477593242,0.464312258,0.466437138,74059200
4/3/1990,0.492999643,0.494062065,0.47812439,0.479186812,84643200
4/4/1990,0.497249424,0.50468707,0.490874237,0.492999701,79646400
4/5/1990,0.486624449,0.497780588,0.486624449,0.49671813,66369600
4/6/1990,0.485561967,0.489811653,0.481311624,0.48768681,72878400
4/9/1990,0.486624449,0.489811714,0.483437148,0.483437148,31176000
4/10/1990,0.501499355,0.501499355,0.486624714,0.487155907,45187200
4/11/1990,0.514249742,0.514249742,0.502562369,0.503624791,70372800
4/12/1990,0.513187289,0.518499436,0.509999403,0.517437014,48254400
4/16/1990,0.51637435,0.524874416,0.511061585,0.518499193,39470400
4/17/1990,0.526999354,0.535499422,0.507874375,0.515312021,66780000
4/18/1990,0.515312195,0.524874688,0.499374476,0.523812266,97797600
4/19/1990,0.505749583,0.52062422,0.503624703,0.509999308,58003200
4/20/1990,0.503624678,0.514249626,0.499374333,0.509999282,44661600
4/23/1990,0.501499355,0.5057497,0.486624714,0.500436933,64879200
4/24/1990,0.492999643,0.507874276,0.480249234,0.507874276,47916000
4/25/1990,0.492999643,0.499374209,0.484499577,0.495124523,53870400
4/26/1990,0.487686664,0.49937399,0.486624243,0.497249147,46296000
4/27/1990,0.47812441,0.486624476,0.472811645,0.485562055,57124800
4/30/1990,0.492999643,0.492999643,0.473874667,0.47812439,51451200
5/1/1990,0.485561967,0.499374139,0.482374046,0.499374139,52473600
5/2/1990,0.495124429,0.497249272,0.486624365,0.486624365,33264000
5/3/1990,0.501499355,0.507874545,0.495124785,0.49724963,45892800
5/4/1990,0.52487427,0.52487427,0.501498957,0.505749299,47815200
5/7/1990,0.543999314,0.560999408,0.522749462,0.526999184,97351200
5/8/1990,0.533374608,0.539749175,0.529124263,0.533374608,50824800
5/9/1990,0.533374608,0.537624295,0.526999383,0.534437029,35164800
5/10/1990,0.548249185,0.552499529,0.53337455,0.537624238,48801600
5/11/1990,0.556749225,0.560999568,0.537624246,0.552499537,49168800
5/14/1990,0.558874249,0.565249439,0.556749369,0.563124594,47232000
5/15/1990,0.550374627,0.558874074,0.546124284,0.556749194,54122400
5/16/1990,0.550374627,0.550374627,0.539749096,0.548249163,38556000
5/17/1990,0.550374627,0.554624351,0.546124284,0.550374627,41731200
5/18/1990,0.580124676,0.588624746,0.548249316,0.549311738,101822400
5/21/1990,0.597124159,0.614124261,0.584374366,0.584374366,159595200
5/22/1990,0.607749522,0.614124088,0.586499082,0.603499178,142437600
5/23/1990,0.644936442,0.645999557,0.610936867,0.611999289,141184800
5/24/1990,0.650249243,0.669374221,0.645999556,0.652374086,146649600
5/25/1990,0.631124556,0.648124698,0.628999712,0.631124556,104688000
5/29/1990,0.639624059,0.641748975,0.628999189,0.631124032,61480800
5/30/1990,0.641749382,0.650249415,0.63537412,0.647062112,65073600
5/31/1990,0.620499194,0.641749084,0.616248851,0.635373825,69436800
6/1/1990,0.638561845,0.63962423,0.620499254,0.62262417,69069600
6/4/1990,0.650249243,0.65662443,0.628999422,0.636437067,59162400
6/5/1990,0.623686612,0.658749265,0.618374466,0.656624421,80258400
6/6/1990,0.620499194,0.633248982,0.616248851,0.62262411,86292000
6/7/1990,0.611999393,0.626874686,0.603499324,0.622624341,90122400
6/8/1990,0.624748945,0.626874445,0.607749435,0.611999157,63770400
6/11/1990,0.63643682,0.641748963,0.620499077,0.620499077,58240800
6/12/1990,0.644936442,0.645999557,0.63324911,0.641749214,46656000
6/13/1990,0.650249243,0.66087419,0.63856191,0.644936441,80265600
6/14/1990,0.641749382,0.652374259,0.631124432,0.650249415,58204800
6/15/1990,0.645999551,0.654498925,0.633249104,0.633249104,51552000
6/18/1990,0.63643682,0.648124148,0.633248863,0.643873806,52790400
6/19/1990,0.637499452,0.641749212,0.626874578,0.635373952,41716800
6/20/1990,0.659811616,0.660874074,0.63749934,0.640686642,39564000
6/21/1990,0.654498935,0.660874195,0.645999561,0.658749278,34308000
6/22/1990,0.643874228,0.660874367,0.641749384,0.656624606,34034400
6/25/1990,0.633249044,0.650249177,0.631124201,0.642811532,68983200
6/26/1990,0.635374069,0.642811716,0.633249225,0.639624414,50198400
6/27/1990,0.648124337,0.650249181,0.633249048,0.635373891,35762400
6/28/1990,0.650249243,0.65662443,0.647061941,0.651311701,30052800
6/29/1990,0.645999551,0.650249238,0.639624291,0.650249238,34956000
7/2/1990,0.626874626,0.645999605,0.625811511,0.645999605,35474400
7/3/1990,0.611999393,0.624749185,0.607749668,0.623686727,79257600
7/5/1990,0.61412406,0.616248903,0.601374307,0.607749493,61855200
7/6/1990,0.622624397,0.628999586,0.609874603,0.613061906,41803200
7/9/1990,0.631124556,0.635374245,0.622624522,0.624749366,37317600
7/10/1990,0.626874626,0.637499501,0.624749125,0.631124313,29700000
7/11/1990,0.641749382,0.643874226,0.622624399,0.628999588,28922400
7/12/1990,0.658749342,0.660874259,0.639624362,0.639624362,89042400
7/13/1990,0.666187108,0.684249705,0.65874946,0.660874377,93628800
7/16/1990,0.673623741,0.686374185,0.667249212,0.669374055,48729600
7/17/1990,0.660874307,0.675749528,0.654499046,0.674687142,54475200
7/18/1990,0.645999551,0.660874185,0.641749207,0.656624425,41853600
7/19/1990,0.652374208,0.652374208,0.626874695,0.640686873,63136800
7/20/1990,0.622624397,0.665124707,0.62049948,0.654499101,87724800
7/23/1990,0.611999393,0.62899953,0.605624204,0.622624341,74203200
7/24/1990,0.590749681,0.616249199,0.567374351,0.616249199,137102400
7/25/1990,0.607749522,0.609874402,0.584374202,0.594999112,60148800
7/26/1990,0.584374249,0.628999429,0.560999548,0.605624107,303321600
7/27/1990,0.586499214,0.594999246,0.575874265,0.58224949,51019200
7/30/1990,0.577998877,0.586498941,0.558873905,0.582249219,87955200
7/31/1990,0.565248847,0.58331139,0.560999127,0.58012409,42307200
8/1/1990,0.567373931,0.571624273,0.54187436,0.56312421,111117600
8/2/1990,0.560999811,0.567374417,0.546124549,0.556749465,91771200
8/3/1990,0.537624419,0.558874284,0.513187287,0.556749404,117180000
8/6/1990,0.514249742,0.526999501,0.497249602,0.522749776,113184000
8/7/1990,0.52062428,0.52912435,0.509999366,0.52062428,91065600
8/8/1990,0.539749026,0.543999369,0.526999237,0.53124958,86263200
8/9/1990,0.553562224,0.558874372,0.537624503,0.54399973,77054400
8/10/1990,0.548249185,0.558874096,0.53337455,0.553561951,73188000
8/13/1990,0.552499473,0.55674916,0.537624183,0.541874527,53942400
8/14/1990,0.546124578,0.559937417,0.541874852,0.554624649,33710400
8/15/1990,0.546124578,0.558874375,0.546124578,0.550374923,51408000
8/16/1990,0.52487427,0.548248962,0.52487427,0.543999241,53330400
8/17/1990,0.512124658,0.524874448,0.509999194,0.518499224,95227200
8/20/1990,0.471749365,0.514249674,0.471749365,0.512124794,113601600
8/21/1990,0.461124361,0.465374705,0.431374469,0.461124361,165650400
8/22/1990,0.456874609,0.471749243,0.453686687,0.467499519,79236000
8/23/1990,0.43987453,0.456874666,0.433499342,0.446249718,107445600
8/24/1990,0.486624449,0.490874172,0.444124156,0.444124156,95443200
8/27/1990,0.51637435,0.520624073,0.501499097,0.501499097,110116800
8/28/1990,0.534436941,0.537624206,0.509999199,0.512124662,79826400
8/29/1990,0.514249742,0.54187476,0.509999397,0.531249846,77954400
8/30/1990,0.509999335,0.530186739,0.509999335,0.516374523,65383200
8/31/1990,0.522749841,0.526999567,0.503624854,0.509999461,40737600
9/4/1990,0.5291242,0.531249664,0.516374409,0.518499253,47376000
9/5/1990,0.501499355,0.535499601,0.49724963,0.531249876,54676800
9/6/1990,0.488749385,0.497249453,0.478124474,0.492999729,115617600
9/7/1990,0.49087435,0.501499263,0.4802494,0.484499745,53704800
9/10/1990,0.473874748,0.509999242,0.473874748,0.499374294,74246400
9/11/1990,0.471749365,0.480249398,0.463249296,0.47599971,78868800
9/12/1990,0.487686664,0.490873964,0.473874459,0.47812418,75016800
9/13/1990,0.488749385,0.497249453,0.484499661,0.492999729,49867200
9/14/1990,0.50787437,0.512124714,0.479186901,0.484499667,67672800
9/17/1990,0.51637435,0.524874416,0.50362456,0.50574944,70394400
9/18/1990,0.52487427,0.530186413,0.507874142,0.515311785,60638400
9/19/1990,0.526999354,0.537624266,0.524874511,0.535499422,52696800
9/20/1990,0.50787437,0.526999349,0.50787437,0.522749625,52444800
9/21/1990,0.514249742,0.516374586,0.497249602,0.507874516,79891200
9/24/1990,0.497249424,0.509999215,0.488749357,0.505749492,81439200
9/25/1990,0.513187289,0.514249748,0.499374452,0.5068121,53308800
9/26/1990,0.512124658,0.516374381,0.505749471,0.514249538,39268800
9/27/1990,0.503624678,0.522749658,0.495124646,0.518499314,65728800
9/28/1990,0.535499275,0.539748997,0.492999604,0.495124483,97984800
10/1/1990,0.570562184,0.573749486,0.548249315,0.550374779,131623200
10/2/1990,0.559937239,0.582249523,0.556749316,0.580124642,83469600
10/3/1990,0.558874249,0.572687086,0.554624525,0.556749369,57600000
10/4/1990,0.545062125,0.558874344,0.543999702,0.554624618,69292800
10/5/1990,0.550374627,0.558874074,0.529124186,0.535499373,82101600
10/8/1990,0.560999811,0.565249536,0.54824943,0.560999811,38678400
10/9/1990,0.535499275,0.560999435,0.531249552,0.554624249,66376800
10/10/1990,0.505749583,0.529124289,0.501499239,0.526999408,115596000
10/11/1990,0.492999643,0.512124619,0.484499577,0.507874276,83815200
10/12/1990,0.484499514,0.499374145,0.458999355,0.497249302,109252800
10/15/1990,0.480249137,0.492999543,0.471749109,0.49087408,130334400
10/16/1990,0.464312077,0.489811613,0.458999313,0.482374006,300888000
10/17/1990,0.480249137,0.482374016,0.4547496,0.465374507,135820800
10/18/1990,0.519561768,0.522749653,0.482374229,0.484499693,123739200
10/19/1990,0.526999354,0.537624266,0.514249599,0.526999354,170337600
10/22/1990,0.543999314,0.5503745,0.524874341,0.526999184,80294400
10/23/1990,0.546124578,0.558874375,0.537624506,0.541874852,71884800
10/24/1990,0.555686951,0.556749373,0.537624389,0.53974927,54734400
10/25/1990,0.550374627,0.563124418,0.54399944,0.556749194,51501600
10/26/1990,0.538686752,0.548249243,0.537624294,0.541874638,59126400
10/29/1990,0.531249762,0.546124399,0.526999417,0.541874674,67881600
10/30/1990,0.542937219,0.546124486,0.526999501,0.531249846,52567200
10/31/1990,0.541874647,0.55462444,0.541874647,0.548249252,61200000
11/1/1990,0.539749026,0.546124213,0.53337446,0.535499303,49442400
11/2/1990,0.552499473,0.55887404,0.537624183,0.539749063,74764800
11/5/1990,0.557811737,0.560999623,0.550374711,0.554624435,50702400
11/6/1990,0.546124578,0.565249565,0.539749387,0.558874375,59212800
11/7/1990,0.541874647,0.550374716,0.539749183,0.541874647,63100800
11/8/1990,0.539749026,0.550374556,0.535499303,0.539749026,43466400
11/9/1990,0.550374627,0.556749194,0.548249163,0.550374627,43344000
11/12/1990,0.585436761,0.588624684,0.560999634,0.560999634,87660000
11/13/1990,0.583311856,0.590749502,0.57587421,0.584374278,67658400
11/14/1990,0.590749681,0.59499937,0.58012473,0.582249611,59724000
11/15/1990,0.576936662,0.588624615,0.571624517,0.586499152,63129600
11/16/1990,0.577998877,0.584374062,0.571624312,0.573749154,67075200
11/19/1990,0.590749681,0.592874525,0.577999266,0.577999266,45554400
11/20/1990,0.580124676,0.599249659,0.579062254,0.588624746,68868000
11/21/1990,0.584374249,0.586499129,0.569499615,0.577999062,60739200
11/23/1990,0.584374249,0.59712404,0.582249405,0.588624593,22060800
11/26/1990,0.597124159,0.599249623,0.575874297,0.582249522,47577600
11/27/1990,0.610936582,0.614123846,0.592874034,0.599249219,63417600
11/28/1990,0.598187149,0.618374551,0.597124107,0.614124206,77623200
11/29/1990,0.60562402,0.60562402,0.592874231,0.597123954,65865600
11/30/1990,0.61412406,0.631124192,0.599249427,0.60562403,72165600
12/3/1990,0.627937019,0.633249165,0.618374529,0.62262429,68241600
12/4/1990,0.633249044,0.639624231,0.620499255,0.624749015,54547200
12/5/1990,0.639624059,0.643873818,0.631124032,0.633248874,68630400
12/6/1990,0.635374069,0.652374207,0.628999538,0.648124519,108201600
12/7/1990,0.631124556,0.639624591,0.614124414,0.631124556,81921600
12/10/1990,0.628999591,0.640686926,0.618374641,0.622624402,55526400
12/11/1990,0.613061905,0.633249273,0.611999446,0.622624396,61768800
12/12/1990,0.616248965,0.618374465,0.599249488,0.609874435,71560800
12/13/1990,0.618374228,0.624748829,0.609874201,0.620499071,50709600
12/14/1990,0.625811458,0.631124259,0.616248969,0.620499312,48636000
12/17/1990,0.628999591,0.631124435,0.61624914,0.620499485,27288000
12/18/1990,0.639624059,0.643873818,0.631124032,0.633248874,51876000
12/19/1990,0.63643682,0.643873806,0.635373706,0.640686505,34264800
12/20/1990,0.641749382,0.645999727,0.628999588,0.631124432,46994400
12/21/1990,0.643874228,0.645999729,0.639624467,0.643874228,33472800
12/24/1990,0.639624059,0.641748975,0.635373717,0.641748975,13550400
12/26/1990,0.637499452,0.643874055,0.633249108,0.639624295,16214400
12/27/1990,0.635374069,0.639624414,0.633249225,0.63749957,22629600
12/28/1990,0.637499452,0.639624295,0.631124265,0.633249108,20268000
12/31/1990,0.639624059,0.639624059,0.633248874,0.637499216,23702400
1/2/1991,0.635374069,0.639624414,0.635374069,0.63749957,38109600
1/3/1991,0.639624059,0.645999317,0.635373717,0.635373717,52826400
1/4/1991,0.644936442,0.650249244,0.637499454,0.637499454,58485600
1/7/1991,0.63643682,0.660873934,0.635373706,0.639624048,87552000
1/8/1991,0.624748945,0.63962416,0.620499186,0.635373817,76442400
1/9/1991,0.628999591,0.643874229,0.624749246,0.628999591,115624800
1/10/1991,0.665124774,0.669374463,0.631124493,0.631124493,123890400
1/11/1991,0.662998974,0.671499004,0.652374028,0.667249318,62006400
1/14/1991,0.652374208,0.658749396,0.641749332,0.656624552,58658400
1/15/1991,0.666187108,0.675749599,0.652374271,0.652374271,83440800
1/16/1991,0.699124098,0.704436826,0.665124488,0.667249332,139917600
1/17/1991,0.713999629,0.733124614,0.711874128,0.730999113,163526400
1/18/1991,0.724624395,0.726749239,0.699124228,0.701249071,103032000
1/21/1991,0.76074928,0.764998967,0.719311374,0.719311374,154512000
1/22/1991,0.755436659,0.773499179,0.742686868,0.761811846,113716800
1/23/1991,0.75649935,0.767124228,0.750124088,0.750124088,77083200
1/24/1991,0.769248843,0.772436802,0.754374208,0.758623968,86083200
1/25/1991,0.76074928,0.773498996,0.756498938,0.771374153,86889600
1/28/1991,0.784124136,0.798999428,0.756499126,0.756499126,130989600
1/29/1991,0.786248803,0.802186477,0.764998985,0.78412396,146980800
1/30/1991,0.818124294,0.820249138,0.777748842,0.786248872,148586400
1/31/1991,0.834061384,0.845748717,0.815998864,0.820249208,111420000
2/1/1991,0.847874105,0.858499051,0.82662363,0.841498919,117878400
2/4/1991,0.842561603,0.856374437,0.832999112,0.849999176,88236000
2/5/1991,0.860624194,0.866999383,0.832999179,0.843624056,88740000
2/6/1991,0.898874044,0.905249232,0.854248897,0.858499241,106351200
2/7/1991,0.875499308,0.926498982,0.869124048,0.90312366,133466400
2/8/1991,0.883998454,0.890373712,0.86487348,0.875499082,74232000
2/11/1991,0.886124074,0.888248918,0.869123942,0.885061689,152337600
2/12/1991,0.877624393,0.890374187,0.871249203,0.877624393,96206400
2/13/1991,0.89674896,0.897811345,0.86487354,0.871248799,95493600
2/14/1991,0.856374383,0.896749185,0.841499091,0.894624342,133704000
2/15/1991,0.877624393,0.886124426,0.860624253,0.862749097,115452000
2/19/1991,0.871249318,0.879749352,0.862749211,0.869124401,66564000
2/20/1991,0.873373926,0.883998801,0.862748977,0.864873821,52552800
2/21/1991,0.84999907,0.879748996,0.84999907,0.875499309,68277600
2/22/1991,0.869124293,0.888249277,0.847874466,0.847874466,105343200
2/25/1991,0.875499308,0.883998682,0.862748861,0.877624152,88524000
2/26/1991,0.86487323,0.871248487,0.854248362,0.862748388,55540800
2/27/1991,0.894624174,0.89887386,0.860623909,0.869123938,87674400
2/28/1991,0.881874025,0.903123851,0.877624337,0.900999007,55008000
3/1/1991,0.898874044,0.903123732,0.866999273,0.875499377,77724000
3/4/1991,0.909499049,0.913749394,0.888249152,0.8988741,47023200
3/5/1991,0.947748899,0.95624893,0.909498942,0.911623786,76356000
3/6/1991,0.911623597,0.960498419,0.907373838,0.956248733,101088000
3/7/1991,0.883998454,0.913749028,0.879748768,0.886123953,165391200
3/8/1991,0.871249318,0.900999183,0.864874055,0.888249387,134697600
3/11/1991,0.843624055,0.871249143,0.830874262,0.864873881,160970400
3/12/1991,0.813874006,0.840436556,0.812811548,0.835123827,152884800
3/13/1991,0.854248703,0.859561431,0.815998752,0.815998752,110268000
3/14/1991,0.83299911,0.862748966,0.824499005,0.862748966,100216800
3/15/1991,0.821311533,0.839374125,0.818124305,0.835123781,76932000
3/18/1991,0.843624055,0.8478744,0.815999041,0.818124541,66218400
3/19/1991,0.841498852,0.858498983,0.822373878,0.835123666,92505600
3/20/1991,0.841498852,0.858498983,0.839374009,0.841498852,83217600
3/21/1991,0.805373788,0.856374183,0.798999258,0.845748581,119188800
3/22/1991,0.796874046,0.811749267,0.790499441,0.803249235,95688000
3/25/1991,0.835124016,0.83937436,0.798999553,0.798999553,59824800
3/26/1991,0.893561542,0.894624657,0.839374544,0.839374544,89928000
3/27/1991,0.915874243,0.928624036,0.892498917,0.892498917,91936800
3/28/1991,0.902061284,0.920123804,0.900998825,0.911623773,30492000
4/1/1991,0.907374144,0.915874249,0.888249163,0.900998955,59205600
4/2/1991,0.954124212,0.956249056,0.907374145,0.913749406,96256800
4/3/1991,0.966873646,0.992373806,0.958373544,0.958373544,91778400
4/4/1991,0.966873646,0.992373806,0.958373544,0.968998489,73850400
4/5/1991,0.93499893,0.971124036,0.926498827,0.968998536,108914400
4/8/1991,0.946686685,0.962624366,0.930749004,0.934999349,46526400
4/9/1991,0.937123775,0.962623937,0.932874089,0.947748721,60768000
4/10/1991,0.913749218,0.937123882,0.896749084,0.932874195,74340000
4/11/1991,0.943499088,0.947748848,0.917998924,0.922248611,47937600
4/12/1991,0.911623597,0.934998915,0.881873677,0.930748572,176731200
4/15/1991,0.966873646,0.971123989,0.892498593,0.900998622,88819200
4/16/1991,0.954124212,0.973249193,0.934999231,0.966874005,81331200
4/17/1991,0.947748899,0.998748575,0.944561598,0.968998722,128383200
4/18/1991,0.93499893,0.951999061,0.917998798,0.945623802,88084800
4/19/1991,0.911623597,0.930748572,0.892498622,0.903123495,96588000
4/22/1991,0.868061781,0.903123784,0.864873822,0.90099894,139708800
4/23/1991,0.863811433,0.875499424,0.854248943,0.869124163,103910400
4/24/1991,0.875499308,0.890373943,0.85424883,0.862748861,82130400
4/25/1991,0.856374383,0.881873893,0.854248883,0.871249018,65707200
4/26/1991,0.856374383,0.869124102,0.839374247,0.852124039,88372800
4/29/1991,0.830874026,0.862748792,0.830874026,0.860623949,71258400
4/30/1991,0.841498852,0.843623695,0.815998692,0.830873907,115178400
5/1/1991,0.856374383,0.856374383,0.824498955,0.837249404,111628800
5/2/1991,0.854248703,0.871248835,0.852123859,0.860623889,66888000
5/3/1991,0.860624194,0.860624194,0.847874401,0.854249006,23047200
5/6/1991,0.873373926,0.87762427,0.852124101,0.854248945,44755200
5/7/1991,0.860624194,0.88187402,0.860624194,0.877624332,50904000
5/8/1991,0.875499308,0.877624152,0.852123986,0.858499174,57592800
5/9/1991,0.898874044,0.900998888,0.873373877,0.877624221,76298400
5/10/1991,0.873373926,0.909499043,0.866999321,0.903123782,52070400
5/13/1991,0.876561821,0.881873967,0.860624142,0.877624279,68745600
5/14/1991,0.860624194,0.877624332,0.856374506,0.872311529,58816800
5/15/1991,0.83299911,0.854248935,0.821311703,0.852124091,111160800
5/16/1991,0.844686568,0.849999298,0.837249577,0.843624109,70243200
5/17/1991,0.843624055,0.845748899,0.832999179,0.841499211,44812800
5/20/1991,0.842561603,0.849999176,0.830874196,0.845748832,65937600
5/21/1991,0.866999149,0.877624096,0.845748672,0.847874172,83570400
5/22/1991,0.907374144,0.907374144,0.869124181,0.873373942,88783200
5/23/1991,0.930748761,0.932874261,0.909498939,0.909498939,67752000
5/24/1991,0.93499893,0.956248748,0.930748586,0.93499893,67932000
5/28/1991,0.941373289,0.949873389,0.93499876,0.939248446,43941600
5/29/1991,0.937123775,0.951999064,0.932874089,0.945623805,64202400
5/30/1991,0.937123775,0.949873564,0.92649883,0.936061317,61833600
5/31/1991,0.932874262,0.943499137,0.917998971,0.939248793,81784800
6/3/1991,0.951999009,0.954123852,0.926498776,0.930748535,46951200
6/4/1991,0.960498273,0.964748616,0.939248459,0.951998902,35035200
6/5/1991,0.951999009,0.971123983,0.951999009,0.956248695,41385600
6/6/1991,0.944561958,0.960498985,0.939249154,0.95837414,32680800
6/7/1991,0.937123775,0.937123775,0.924373987,0.932874089,51984000
6/10/1991,0.939248323,0.943498665,0.932873796,0.937123481,29498400
6/11/1991,0.940311015,0.960498373,0.939248557,0.943498899,41846400
6/12/1991,0.944561958,0.954124451,0.93712431,0.941373999,51069600
6/13/1991,0.943499088,0.954124035,0.939248745,0.943499088,38001600
6/14/1991,0.964748919,0.966873835,0.943499098,0.945623941,46360800
6/17/1991,0.964748919,0.975373866,0.956248888,0.966873835,29419200
6/18/1991,0.947748899,0.964748962,0.932874265,0.962624118,46850400
6/19/1991,0.878686666,0.93287438,0.875499437,0.93287438,157039200
6/20/1991,0.856374383,0.864873758,0.841499091,0.858499227,187999200
6/21/1991,0.869124293,0.875499555,0.86062426,0.86062426,67680000
6/24/1991,0.834061384,0.862748851,0.828749239,0.858499164,79696800
6/25/1991,0.839374006,0.852123794,0.83299882,0.843623692,97228800
6/26/1991,0.856374383,0.862748914,0.835123903,0.841499091,96638400
6/27/1991,0.866999149,0.870186451,0.851061474,0.863811264,56510400
6/28/1991,0.868593395,0.876562238,0.83512437,0.863811855,61526400
7/1/1991,0.910030365,0.913218251,0.863811558,0.876561936,72388800
7/2/1991,0.868593395,0.921186826,0.866999743,0.908437027,43920000
7/3/1991,0.815999031,0.828749408,0.787311558,0.82237422,191630400
7/5/1991,0.787311435,0.812811601,0.784124133,0.812811601,78758400
7/8/1991,0.854248703,0.857436588,0.771374199,0.7745615,109185600
7/9/1991,0.865405917,0.876562062,0.847874583,0.860624379,76948800
7/10/1991,0.831936717,0.87656187,0.828749415,0.870186681,67310400
7/11/1991,0.844686568,0.851061757,0.828749471,0.838311962,51148800
7/12/1991,0.866999149,0.873373753,0.841498986,0.854248776,35174400
7/15/1991,0.890904963,0.895686498,0.873373639,0.876561524,36763200
7/16/1991,0.860624194,0.89249897,0.860624194,0.89249897,42734400
7/17/1991,0.863811433,0.863811433,0.828749358,0.838311848,40526400
7/18/1991,0.854248703,0.882936165,0.851061401,0.866999075,25656000
7/19/1991,0.863811433,0.866999319,0.84149915,0.860624131,24441600
7/22/1991,0.860624194,0.876561874,0.847874401,0.851061703,35136000
7/23/1991,0.847874105,0.870186382,0.847874105,0.86699908,35596800
7/24/1991,0.835124016,0.857436884,0.828749411,0.854248998,54321600
7/25/1991,0.841498852,0.866999012,0.839905201,0.85424864,90211200
7/26/1991,0.905249238,0.914811728,0.851061601,0.854248903,149294400
7/29/1991,0.895686209,0.908435994,0.876561241,0.905248693,136468800
7/30/1991,0.927561581,0.930748883,0.889311619,0.89887411,78038400
7/31/1991,0.937123775,0.943498962,0.927561288,0.930748589,111628800
8/1/1991,0.933936298,0.943498784,0.930748414,0.940310899,53942400
8/2/1991,0.933936298,0.953061269,0.933936298,0.940310899,81369600
8/5/1991,0.921185791,0.93393616,0.914811191,0.93393616,28252800
8/6/1991,0.949873686,0.956248873,0.92118622,0.92118622,53097600
8/7/1991,0.968998432,0.975373618,0.949873459,0.953061344,69235200
8/8/1991,1.007248759,1.010436645,0.968998799,0.968998799,91852800
8/9/1991,1.029561758,1.045498854,0.997686398,1.004061587,114806400
8/12/1991,1.058248758,1.067811245,1.016810925,1.016810925,56899200
8/13/1991,1.051873565,1.067811238,1.048686264,1.067811238,94497600
8/14/1991,1.051873565,1.064623353,1.045498379,1.055060866,67008000
8/15/1991,1.039124012,1.061436292,1.032748825,1.051873803,45460800
8/16/1991,1.042311668,1.050280509,1.023186684,1.029561873,52075200
8/19/1991,1.023186207,1.035935996,0.981748954,0.988123557,85425600
8/20/1991,1.026373863,1.043905194,1.019999258,1.027968098,57326400
8/21/1991,1.070998549,1.077373735,1.042311088,1.045498389,73214400
8/22/1991,1.070998549,1.086936222,1.061436062,1.074185851,43627200
8/23/1991,1.086936712,1.102873809,1.070999032,1.070999032,43161600
8/26/1991,1.086936712,1.086936712,1.064623843,1.080561523,44136000
8/27/1991,1.080561638,1.083748941,1.070999146,1.080561638,34204800
8/28/1991,1.091717362,1.106061387,1.077373921,1.080561223,41558400
8/29/1991,1.093310595,1.10287308,1.08374811,1.096498479,27974400
8/30/1991,1.086936712,1.099686506,1.077374221,1.093311317,22032000
9/3/1991,1.059842706,1.083748638,1.051873867,1.083748638,33494400
9/4/1991,1.05346787,1.064624014,1.032749232,1.061436711,38467200
9/5/1991,1.026373863,1.058249223,1.019999258,1.058249223,58459200
9/6/1991,1.029561758,1.048686741,1.023186569,1.032749061,50788800
9/9/1991,1.029561758,1.039124249,1.023186569,1.029561758,31915200
9/10/1991,1.019999266,1.051874042,1.019999266,1.045498853,65937600
9/11/1991,1.045498848,1.048686734,1.026373865,1.026373865,64032000
9/12/1991,1.091717362,1.093311013,1.058248944,1.058248944,53808000
9/13/1991,1.058248758,1.093310822,1.051873572,1.090123521,51360000
9/16/1991,1.058248758,1.064623361,1.048686271,1.058248758,21686400
9/17/1991,1.077373862,1.080561164,1.045498513,1.055061001,23366400
9/18/1991,1.080561638,1.09012413,1.067811843,1.070999146,26942400
9/19/1991,1.099686265,1.112436056,1.080561286,1.083748588,51364800
9/20/1991,1.102873564,1.109248751,1.09649896,1.106061449,30316800
9/23/1991,1.082154393,1.102873012,1.077373443,1.099685712,49771200
9/24/1991,1.121998906,1.125186793,1.086936823,1.086936823,47625600
9/25/1991,1.118810892,1.126779728,1.10287322,1.121998193,25766400
9/26/1991,1.137935877,1.147498363,1.112435719,1.115623603,48000000
9/27/1991,1.125186682,1.141123778,1.118811493,1.141123778,33273600
9/30/1991,1.134748459,1.14112306,1.109248303,1.125185973,27700800
10/1/1991,1.133154988,1.13793594,1.121998267,1.134748639,19627200
10/2/1991,1.109248519,1.153873654,1.099686032,1.128373493,67219200
10/3/1991,1.115623832,1.12518632,1.099686157,1.102873458,34632000
10/4/1991,1.123592377,1.134748513,1.115623541,1.121998143,26457600
10/7/1991,1.128373623,1.133155159,1.106061345,1.112435948,27187200
10/8/1991,1.137935877,1.141123178,1.121998205,1.121998205,37708800
10/9/1991,1.141123772,1.163436641,1.137936469,1.141123772,60931200
10/10/1991,1.14431119,1.153873677,1.128373516,1.153873677,42048000
10/11/1991,1.142718077,1.160248826,1.118811555,1.157061523,69921600
10/14/1991,1.176186085,1.176186085,1.147498619,1.147498619,50625600
10/15/1991,1.165029407,1.176185541,1.157060573,1.176185541,57854400
10/16/1991,1.157060623,1.166623108,1.145904489,1.166623108,100200000
10/17/1991,1.137935877,1.15706085,1.12837339,1.15706085,95563200
10/18/1991,1.147498488,1.163436162,1.144311187,1.147498488,37843200
10/21/1991,1.160248756,1.166623945,1.14431166,1.147498962,28704000
10/22/1991,1.165029407,1.182560725,1.163435756,1.166623057,32496000
10/23/1991,1.150686145,1.172999011,1.14431154,1.169811126,36724800
10/24/1991,1.150686145,1.153874031,1.137936352,1.153874031,26942400
10/25/1991,1.141123772,1.157061452,1.137936469,1.150686263,28080000
10/28/1991,1.150686145,1.150686145,1.118811372,1.141123654,37953600
10/29/1991,1.157060623,1.157060623,1.144310838,1.150685439,36523200
10/30/1991,1.204873681,1.208060983,1.157061233,1.157061233,65592000
10/31/1991,1.19690454,1.214435864,1.188935704,1.204873377,41092800
11/1/1991,1.180967331,1.195310768,1.172998495,1.192123467,34296000
11/4/1991,1.160248756,1.179373739,1.157061454,1.176186437,28838400
11/5/1991,1.195311308,1.204873798,1.160248648,1.163436534,51739200
11/6/1991,1.214435935,1.217623236,1.188935773,1.198498261,38308800
11/7/1991,1.208060622,1.220810994,1.204873321,1.217623109,20894400
11/8/1991,1.214435935,1.23356091,1.211248634,1.211248634,36494400
11/11/1991,1.243122935,1.249498119,1.219217017,1.223997967,40564800
11/12/1991,1.273404717,1.284560858,1.249498786,1.252686088,80035200
11/13/1991,1.287749171,1.297311664,1.259061694,1.268624186,57523200
11/14/1991,1.265435815,1.294123281,1.259061211,1.294123281,44371200
11/15/1991,1.211248875,1.281373604,1.208060989,1.262248625,71592000
11/18/1991,1.239936471,1.246311076,1.211248999,1.214436302,72432000
11/19/1991,1.227186441,1.241530473,1.201686848,1.227186441,71976000
11/20/1991,1.230373621,1.24312341,1.223998435,1.236748224,36441600
11/21/1991,1.239936471,1.239936471,1.22081149,1.227186094,35558400
11/22/1991,1.223998785,1.243123766,1.214436295,1.236748578,38102400
11/25/1991,1.219217777,1.236748523,1.21443624,1.220811428,33724800
11/26/1991,1.204873681,1.227185962,1.1825614,1.225592311,58809600
11/27/1991,1.214435935,1.217623236,1.198498261,1.201686146,15009600
11/29/1991,1.239936471,1.246311076,1.208061113,1.208061113,20524800
12/2/1991,1.290936232,1.294123534,1.223998797,1.2271861,55852800
12/3/1991,1.292529583,1.310060909,1.268623654,1.287748631,64996800
12/4/1991,1.300498486,1.313248276,1.274998321,1.297311184,36297600
12/5/1991,1.297311306,1.30368591,1.284560931,1.297311306,24892800
12/6/1991,1.32918632,1.341936114,1.287749052,1.294123657,51580800
12/9/1991,1.300498486,1.322810765,1.290935997,1.316436162,57720000
12/10/1991,1.297311306,1.300498608,1.274998441,1.300498608,46252800
12/11/1991,1.284561276,1.310061451,1.268624178,1.30209261,39134400
12/12/1991,1.300498486,1.316436162,1.281373508,1.287748695,36979200
12/13/1991,1.300498486,1.310060974,1.294123298,1.303685787,26193600
12/16/1991,1.302092314,1.303685965,1.284560985,1.300498663,27225600
12/17/1991,1.298904538,1.319623162,1.278185914,1.300498189,27480000
12/18/1991,1.311655402,1.316436941,1.290936761,1.300499256,33561600
12/19/1991,1.310061693,1.316436884,1.290936705,1.305280738,38116800
12/20/1991,1.316435933,1.338748209,1.303685561,1.32599842,35356800
12/23/1991,1.361060619,1.361060619,1.306873576,1.316436064,46113600
12/24/1991,1.354685545,1.370622631,1.351497661,1.361060146,23995200
12/26/1991,1.375404954,1.380185907,1.348311134,1.354686322,24326400
12/27/1991,1.407279968,1.421623998,1.373811538,1.380186144,36657600
12/30/1991,1.412061214,1.418435819,1.396123537,1.408873329,35524800
12/31/1991,1.418436289,1.427998782,1.386561506,1.412061683,40512000
1/2/1992,1.45349884,1.463061333,1.396123886,1.412061568,74265600
1/3/1992,1.440748692,1.456685786,1.424811014,1.453498484,38246400
1/6/1992,1.485372782,1.501310455,1.432779395,1.443935533,63057600
1/7/1992,1.529998422,1.533185724,1.475810783,1.485373273,64363200
1/8/1992,1.584186554,1.60331154,1.514061215,1.517249102,90763200
1/9/1992,1.62243557,1.644747846,1.580997735,1.58418562,88348800
1/10/1992,1.596935868,1.628810641,1.58099819,1.619248151,64641600
1/13/1992,1.620841742,1.643154015,1.565060473,1.580997562,52804800
1/14/1992,1.635185838,1.63837314,1.606498367,1.625623347,44006400
1/15/1992,1.676622748,1.69893561,1.635185494,1.64156068,65294400
1/16/1992,1.628811121,1.682998776,1.625623818,1.673436283,58761600
1/17/1992,1.612874031,1.651124003,1.577811362,1.62881113,85027200
1/20/1992,1.561873198,1.622436024,1.561873198,1.622436024,58862400
1/21/1992,1.5220294,1.568248194,1.478998491,1.558685705,120019200
1/22/1992,1.600123048,1.600123048,1.517248528,1.529998319,56131200
1/23/1992,1.593748689,1.649529983,1.577811009,1.600123294,75590400
1/24/1992,1.588966966,1.600123107,1.580998127,1.587373315,37756800
1/27/1992,1.537967086,1.600122973,1.536373435,1.590560484,46233600
1/28/1992,1.539561391,1.552311187,1.478999129,1.542748694,95539200
1/29/1992,1.587372899,1.603310573,1.552310251,1.561872738,97344000
1/30/1992,1.574623585,1.590560679,1.549123416,1.587373377,41923200
1/31/1992,1.533185959,1.577811114,1.526811354,1.574623812,49948800
2/3/1992,1.593748689,1.600123294,1.498123779,1.50768627,80265600
2/4/1992,1.587372899,1.606497874,1.561872738,1.596935386,58440000
2/5/1992,1.62243557,1.63837266,1.574623132,1.590560222,71212800
2/6/1992,1.609685421,1.644748074,1.603310818,1.612873306,62356800
2/7/1992,1.603310823,1.625623103,1.58099796,1.609685427,36499200
2/10/1992,1.587372899,1.606497874,1.555498136,1.601716922,41371200
2/11/1992,1.561873198,1.590560668,1.549123405,1.584186064,41078400
2/12/1992,1.603310823,1.616060614,1.512466888,1.512466888,83342400
2/13/1992,1.561873198,1.612873534,1.549123405,1.600123158,97358400
2/14/1992,1.510873318,1.561873066,1.50449813,1.558685764,82632000
2/18/1992,1.507685304,1.558685028,1.50449742,1.520435089,73694400
2/19/1992,1.467841744,1.504497451,1.44712254,1.504497451,145372800
2/20/1992,1.498123407,1.520435686,1.475810545,1.47899843,74323200
2/21/1992,1.459873557,1.510873305,1.450311068,1.491748327,91118400
2/24/1992,1.464654446,1.485373074,1.440748515,1.459873493,59049600
2/25/1992,1.475810409,1.485372896,1.443935644,1.466247921,57388800
2/26/1992,1.555498004,1.555498004,1.478998112,1.478998112,100670400
2/27/1992,1.592155695,1.596936651,1.565061862,1.565061862,79579200
2/28/1992,1.574623585,1.612873546,1.558685906,1.593748565,58276800
3/2/1992,1.568248272,1.603310928,1.552310595,1.577810761,34876800
3/3/1992,1.571435928,1.596936101,1.561873437,1.574623815,27734400
3/4/1992,1.561873198,1.584186064,1.552310707,1.571435688,33086400
3/5/1992,1.545935869,1.57143545,1.520435705,1.561872961,55689600
3/6/1992,1.507685304,1.555497728,1.488560334,1.539560059,61867200
3/9/1992,1.517248869,1.536373852,1.507686377,1.514060983,30427200
3/10/1992,1.552310586,1.565060961,1.520435816,1.523623118,45480000
3/11/1992,1.533185959,1.571435925,1.520436165,1.558686131,39532800
3/12/1992,1.544343114,1.549124069,1.510874092,1.533186384,50025600
3/13/1992,1.542748332,1.568248502,1.536373727,1.561873314,36763200
3/16/1992,1.584186554,1.584186554,1.536374088,1.542748695,55132800
3/17/1992,1.631998539,1.641561029,1.590560692,1.598529531,94473600
3/18/1992,1.611279607,1.644748025,1.606498071,1.638372838,69230400
3/19/1992,1.625622153,1.660684786,1.609684487,1.61924697,111576000
3/20/1992,1.638372779,1.644747966,1.625622989,1.625622989,35774400
3/23/1992,1.638372779,1.647935267,1.628810291,1.638372779,37843200
3/24/1992,1.625622153,1.655903253,1.61287237,1.64474712,70228800
3/25/1992,1.638372779,1.647935267,1.619247803,1.625622989,36739200
3/26/1992,1.593748689,1.644748446,1.584186198,1.641561144,60403200
3/27/1992,1.545935869,1.593748313,1.523623006,1.587373126,89971200
3/30/1992,1.529998422,1.55549859,1.529998422,1.549123402,40713600
3/31/1992,1.510873318,1.555498463,1.501310828,1.536373484,86702400
4/1/1992,1.536373377,1.539560679,1.491748235,1.494935537,74203200
4/2/1992,1.491748452,1.549123393,1.48856115,1.5363736,56918400
4/3/1992,1.498123407,1.520435686,1.488560919,1.498123407,59534400
4/6/1992,1.545935869,1.550716822,1.501310727,1.501310727,40123200
4/7/1992,1.478998423,1.561872934,1.475810537,1.555498331,72758400
4/8/1992,1.494935155,1.498123039,1.443935423,1.475810182,105388800
4/9/1992,1.529998422,1.533185724,1.486967508,1.507686139,70008000
4/10/1992,1.478998423,1.555498331,1.453498259,1.545935842,126446400
4/13/1992,1.498123407,1.506092245,1.456685568,1.488560919,45552000
4/14/1992,1.491748452,1.533185715,1.485373264,1.50768613,72806400
4/15/1992,1.643154502,1.647935455,1.612873383,1.641560851,223305600
4/16/1992,1.627216339,1.644747661,1.619247503,1.644747661,66393600
4/20/1992,1.506092668,1.59374874,1.472623656,1.587373552,226118400
4/21/1992,1.480592489,1.510873614,1.472623649,1.507686312,99244800
4/22/1992,1.499716878,1.510873016,1.459873278,1.485372855,61790400
4/23/1992,1.475810409,1.517248244,1.431185855,1.510873058,115334400
4/24/1992,1.43118608,1.488561015,1.427998194,1.478998526,90393600
4/27/1992,1.44393599,1.485373252,1.4343735,1.4343735,99585600
4/28/1992,1.389748454,1.459873775,1.364248868,1.450311284,199876800
4/29/1992,1.420030236,1.421623888,1.380186037,1.396123716,137308800
4/30/1992,1.405685544,1.437560305,1.399310358,1.427997818,95870400
5/1/1992,1.450311303,1.453498606,1.405686151,1.408873454,62083200
5/4/1992,1.45349884,1.478999015,1.434373856,1.447123651,73920000
5/5/1992,1.485372782,1.498123153,1.443935533,1.450310719,59246400
5/6/1992,1.478998423,1.494935514,1.472623236,1.491748213,50016000
5/7/1992,1.466248035,1.485373012,1.456685547,1.478998409,40579200
5/8/1992,1.459873557,1.491748327,1.44393588,1.478998536,59822400
5/11/1992,1.45349884,1.469436522,1.443936348,1.463061333,41112000
5/12/1992,1.456685662,1.469436037,1.437560684,1.46306085,49905600
5/13/1992,1.437560081,1.456685052,1.415247811,1.450310451,64320000
5/14/1992,1.412061214,1.440748684,1.392936234,1.437560799,72307200
5/15/1992,1.402498722,1.421623702,1.396123534,1.405686024,40814400
5/18/1992,1.437560081,1.447122567,1.408872626,1.41206051,37526400
5/19/1992,1.459873557,1.459873557,1.44393588,1.44393588,51240000
5/20/1992,1.488560438,1.491747739,1.459872982,1.459872982,58800000
5/21/1992,1.486967683,1.491748637,1.469436352,1.491748637,48566400
5/22/1992,1.475810409,1.491748083,1.466247921,1.491748083,36969600
5/26/1992,1.472622991,1.491747965,1.466247805,1.478998176,38217600
5/27/1992,1.466248035,1.482185711,1.463060734,1.475810524,31166400
5/28/1992,1.517248869,1.523623474,1.459873919,1.463061222,62702400
5/29/1992,1.542748332,1.558686011,1.52362335,1.526811236,89918400
6/1/1992,1.584186554,1.584186554,1.529998898,1.536374088,68529600
6/2/1992,1.566654801,1.587373434,1.558685962,1.584186131,42585600
6/3/1992,1.568248272,1.584185949,1.561873084,1.561873084,28190400
6/4/1992,1.563467264,1.574623404,1.56187303,1.571435519,41755200
6/5/1992,1.542748332,1.568248502,1.53956103,1.561873314,40939200
6/8/1992,1.507685304,1.542747359,1.507685304,1.539560059,40228800
6/9/1992,1.466248035,1.517248363,1.453498245,1.510873176,84604800
6/10/1992,1.43437326,1.472623213,1.427998073,1.469435912,65457600
6/11/1992,1.376998425,1.469436013,1.370623237,1.434373359,130732800
6/12/1992,1.43437326,1.440748446,1.388154468,1.405685794,138028800
6/15/1992,1.448717356,1.491748264,1.434373331,1.434373331,54940800
6/16/1992,1.391341805,1.463060148,1.386560271,1.443935179,57376000
6/17/1992,1.38417089,1.400905397,1.367436383,1.386561367,70032000
6/18/1992,1.381779909,1.429592353,1.357873396,1.39612335,53356800
6/19/1992,1.405685544,1.420029566,1.391342106,1.405685544,43110400
6/22/1992,1.420030236,1.42481119,1.367436243,1.400905254,54080000
6/23/1992,1.405685544,1.448717026,1.391342106,1.429592053,57420800
6/24/1992,1.381779909,1.410467375,1.37221742,1.410467375,34096000
6/25/1992,1.338748693,1.381780193,1.271811259,1.381780193,165340800
6/26/1992,1.276592731,1.333967673,1.257467751,1.329186136,140982400
6/29/1992,1.381779909,1.391342398,1.30528,1.310060952,90963200
6/30/1992,1.338748693,1.396123637,1.329186203,1.391342684,74048000
7/1/1992,1.379389048,1.391342598,1.329186121,1.343530148,45136000
7/2/1992,1.336358309,1.396123734,1.314842849,1.39134278,80563200
7/6/1992,1.32918632,1.343530349,1.295717892,1.338748812,36224000
7/7/1992,1.300498486,1.333967488,1.286155044,1.333967488,54396800
7/8/1992,1.312451005,1.319623015,1.252685616,1.300498044,93417600
7/9/1992,1.319623232,1.353092229,1.305279793,1.319623232,61174400
7/10/1992,1.32918632,1.338748812,1.293326831,1.324405366,28905600
7/13/1992,1.338748693,1.362655212,1.310061221,1.33396774,35113600
7/14/1992,1.360263586,1.367435597,1.343529672,1.348310624,41116800
7/15/1992,1.367435813,1.400904813,1.357873325,1.372217349,80172800
7/16/1992,1.381779909,1.381779909,1.353092443,1.357873396,42291200
7/17/1992,1.343530297,1.376998724,1.333967806,1.372217771,59865600
7/20/1992,1.324405193,1.343530174,1.310061166,1.329186147,48707200
7/21/1992,1.372217298,1.391342273,1.32918581,1.338748298,45907200
7/22/1992,1.338748693,1.372217703,1.329186203,1.372217703,59008000
7/23/1992,1.35787344,1.381779954,1.314842531,1.333967509,68441600
7/24/1992,1.391341805,1.410466775,1.357872817,1.360263293,76259200
7/27/1992,1.396122932,1.405685418,1.381779496,1.391341981,30512000
7/28/1992,1.415248036,1.424810523,1.391342111,1.40568555,45363200
7/29/1992,1.415248036,1.429592058,1.376998089,1.424810523,145273600
7/30/1992,1.398513556,1.42481054,1.39612308,1.405685567,32035200
7/31/1992,1.391341805,1.405685241,1.381779321,1.405685241,35312000
8/3/1992,1.410467744,1.420030235,1.376998733,1.391342761,31516800
8/4/1992,1.41285789,1.424810855,1.405685877,1.415248366,31430400
8/5/1992,1.376998425,1.410467428,1.362654983,1.410467428,60150400
8/6/1992,1.367435813,1.376998301,1.343529884,1.367435813,3705600
8/7/1992,1.353091717,1.410466618,1.348310183,1.36743515,55008000
8/10/1992,1.355482817,1.386560757,1.353092341,1.357873293,42067200
8/11/1992,1.365045786,1.374608277,1.338748789,1.362655309,33436800
8/12/1992,1.35787344,1.386560907,1.353092487,1.372217465,30441600
8/13/1992,1.355482817,1.372217317,1.348310805,1.362654829,28227200
8/14/1992,1.35787344,1.372217465,1.353092487,1.35787344,33942400
8/17/1992,1.32918632,1.357873795,1.32918632,1.353092841,63318400
8/18/1992,1.32918632,1.353092841,1.300498846,1.319623829,66313600
8/19/1992,1.324405193,1.348311127,1.314842703,1.329186147,27433600
8/20/1992,1.345920205,1.353092216,1.31962322,1.329185707,36534400
8/21/1992,1.333967447,1.355482901,1.319623423,1.348310888,52710400
8/24/1992,1.319623232,1.338748206,1.31484228,1.331576195,42800000
8/25/1992,1.345920205,1.353092216,1.310060733,1.314842268,37123200
8/26/1992,1.369826198,1.381779745,1.343529795,1.343529795,50016000
8/27/1992,1.408076167,1.415248179,1.376998228,1.376998228,88028800
8/28/1992,1.422419786,1.424810262,1.405685292,1.405685292,49468800
8/31/1992,1.424810648,1.434373136,1.405685673,1.420029696,25651200
9/1/1992,1.424810648,1.427201124,1.400904721,1.41524816,30825600
9/2/1992,1.441545486,1.4487175,1.41046754,1.424810983,61955200
9/3/1992,1.465451479,1.477405029,1.443936022,1.448717559,85296000
9/4/1992,1.45349884,1.463061333,1.443936348,1.458280378,28585600
9/8/1992,1.467841744,1.47023222,1.439154289,1.453497725,49376000
9/9/1992,1.494138837,1.498920373,1.463060892,1.467842428,60982400
9/10/1992,1.510873318,1.510873318,1.48218585,1.496529876,53302400
9/11/1992,1.506092668,1.515655159,1.491748639,1.50131113,30796800
9/14/1992,1.563467264,1.568248217,1.525217308,1.525217308,95100800
9/15/1992,1.553904653,1.563467141,1.52999814,1.558685605,44614400
9/16/1992,1.537170529,1.563467525,1.520436025,1.525217562,35708800
9/17/1992,1.55151403,1.558686044,1.534780108,1.539561062,23590400
9/18/1992,1.527608156,1.558686108,1.498920682,1.553905154,71683200
9/21/1992,1.513264179,1.520436194,1.496530256,1.506092748,31811200
9/22/1992,1.486967683,1.513264096,1.482186145,1.510873619,30777600
9/23/1992,1.513264179,1.525217732,1.482186227,1.486967765,37654400
9/24/1992,1.534780502,1.539561457,1.515655515,1.515655515,36953600
9/25/1992,1.506092668,1.537170618,1.453498674,1.534780141,41817600
9/28/1992,1.472622991,1.4965295,1.458279552,1.463060504,52854400
9/29/1992,1.506092668,1.510873621,1.472623656,1.472623656,39392000
9/30/1992,1.539561391,1.539561391,1.506092957,1.525217943,59843200
10/1/1992,1.522825956,1.549122942,1.52043548,1.529997968,47804800
10/2/1992,1.506092668,1.52521765,1.491748639,1.515655159,36803200
10/5/1992,1.563467264,1.563467264,1.448717395,1.501310793,71347200
10/6/1992,1.577811122,1.596936105,1.553905185,1.573030168,74316800
10/7/1992,1.55151403,1.611280036,1.549123553,1.577811026,58153600
10/8/1992,1.594545126,1.616060579,1.563467184,1.573029672,59532800
10/9/1992,1.57542026,1.596935715,1.558685758,1.596935715,40182400
10/12/1992,1.604108691,1.606499169,1.582593223,1.587374179,34700800
10/13/1992,1.611279607,1.63279506,1.59215463,1.620842095,86643200
10/14/1992,1.596935868,1.625623339,1.587373378,1.613670372,47456000
10/15/1992,1.616060853,1.62084239,1.582592429,1.592154919,35942400
10/16/1992,1.632794976,1.635185452,1.601717036,1.620842012,47644800
10/19/1992,1.680607796,1.687779809,1.625623331,1.625623331,83280000
10/20/1992,1.680607796,1.71646728,1.663873292,1.687779809,84150400
10/21/1992,1.721248388,1.721248388,1.67821747,1.687779961,60396800
10/22/1992,1.716466904,1.726029392,1.687779439,1.721247856,49174400
10/23/1992,1.6949507,1.726029221,1.687779272,1.726029221,46006400
10/26/1992,1.721248388,1.726029926,1.67821747,1.692560915,40121600
10/27/1992,1.682997704,1.726029187,1.673435217,1.721247651,49116800
10/28/1992,1.692560315,1.697341851,1.668654388,1.687779363,36172800
10/29/1992,1.721248388,1.721248388,1.692560915,1.697342452,32774400
10/30/1992,1.697341681,1.721247605,1.692560145,1.71885713,24998400
11/2/1992,1.714076281,1.721248294,1.678217379,1.702123313,31091200
11/3/1992,1.687779546,1.716467012,1.675825997,1.711685476,35267200
11/4/1992,1.692560315,1.716466826,1.682997827,1.687779363,23657600
11/5/1992,1.757107854,1.764279868,1.687779941,1.702123385,90361600
11/6/1992,1.773841381,1.783403867,1.745153924,1.75471641,61155200
11/9/1992,1.757107854,1.773842359,1.730810858,1.773842359,54796800
11/10/1992,1.776232839,1.783404853,1.749935843,1.759498334,38710400
11/11/1992,1.792966723,1.816872651,1.764279261,1.773841748,60748800
11/12/1992,1.788185358,1.802529383,1.759497892,1.792966894,46960000
11/13/1992,1.783404827,1.792967318,1.769060799,1.788185781,25811200
11/16/1992,1.773841381,1.788184818,1.764278895,1.778622332,19312000
11/17/1992,1.721248388,1.797748317,1.706904944,1.776232858,56649600
11/18/1992,1.759498119,1.769060609,1.718857684,1.73081065,33273600
11/19/1992,1.797748089,1.816873069,1.764279666,1.764279666,46857600
11/20/1992,1.816872716,1.816872716,1.792966788,1.79774774,41113600
11/23/1992,1.692560315,1.754716777,1.668654388,1.726029314,309884800
11/24/1992,1.749935985,1.773842506,1.706905064,1.745155031,145513600
11/25/1992,1.742763758,1.769060753,1.726029837,1.759498262,53152000
11/27/1992,1.754717231,1.769060674,1.740373204,1.749935694,17593600
11/30/1992,1.781013489,1.783404549,1.754717081,1.769060523,35251200
12/1/1992,1.781013489,1.788185502,1.759498034,1.77384206,33593600
12/2/1992,1.735592484,1.788185895,1.730810947,1.778623404,49881600
12/3/1992,1.752325892,1.769060393,1.730810439,1.735591975,26048000
12/4/1992,1.754717231,1.769060674,1.745154741,1.749935694,23548800
12/7/1992,1.785794854,1.78818533,1.740372888,1.759497865,46422400
12/8/1992,1.769060254,1.797747718,1.749935278,1.792966766,26908800
12/9/1992,1.759498119,1.783404636,1.745154677,1.754717166,26048000
12/10/1992,1.702123284,1.754717273,1.692560794,1.721248265,89296000
12/11/1992,1.651920676,1.702123614,1.639967707,1.692561122,112934400
12/14/1992,1.666263223,1.687779256,1.65431026,1.659091795,51286400
12/15/1992,1.651920676,1.678217676,1.635186169,1.668655184,45289600
12/16/1992,1.663873434,1.687779953,1.630405007,1.654310943,73792000
12/17/1992,1.721248388,1.726029926,1.663873442,1.668654979,51859200
12/18/1992,1.721248388,1.726029926,1.692560915,1.702123406,74387200
12/21/1992,1.730811357,1.759498839,1.706905415,1.716467909,64928000
12/22/1992,1.678216696,1.749935054,1.663872674,1.740372567,56928000
12/23/1992,1.66865468,1.687779659,1.644748165,1.682998122,59974400
12/24/1992,1.66865468,1.66865468,1.644748165,1.66865468,32723200
12/28/1992,1.673435807,1.678217344,1.644748336,1.668654854,45731200
12/29/1992,1.654310942,1.673435924,1.649529988,1.66865497,60035200
12/30/1992,1.642357826,1.663873283,1.630404859,1.65909233,50860800
12/31/1992,1.632794976,1.649529476,1.6304045,1.64474794,30851200
1/4/1993,1.628013611,1.63996716,1.616060645,1.625623134,72646400
1/5/1993,1.654310942,1.659092479,1.620842515,1.625623469,71529600
1/6/1993,1.702123284,1.706904821,1.65909237,1.663873323,87440000
1/7/1993,1.66865468,1.718857603,1.663873144,1.702123101,58748800
1/8/1993,1.666263223,1.687779256,1.649529308,1.668654282,43977600
1/11/1993,1.704514265,1.706905326,1.649530367,1.668655353,58348800
1/12/1993,1.716466904,1.745154368,1.697341928,1.70212288,85129600
1/13/1993,1.745154619,1.764279598,1.687779682,1.711685614,83696000
1/14/1993,1.745154619,1.797748019,1.730810593,1.764279598,121264000
1/15/1993,1.716466904,1.740372832,1.663872927,1.673435415,181958400
1/18/1993,1.706904173,1.71646666,1.687779199,1.711685124,50611200
1/19/1993,1.690170407,1.706904912,1.68777993,1.702123375,52960000
1/20/1993,1.690170407,1.702123375,1.67821744,1.692560884,47968000
1/21/1993,1.711685777,1.721248267,1.659092371,1.678217352,73363200
1/22/1993,1.709295034,1.726029536,1.697342069,1.716467047,49088000
1/25/1993,1.692560315,1.726029314,1.678216875,1.706904338,49609600
1/26/1993,1.682997704,1.721247651,1.673435217,1.692560191,42345600
1/27/1993,1.649529934,1.678217406,1.635185906,1.673435869,64192000
1/28/1993,1.663873434,1.666263911,1.620842516,1.649529989,77030400
1/29/1993,1.654310942,1.682998415,1.639967497,1.673435924,39424000
2/1/1993,1.673435807,1.682998298,1.635185846,1.649529873,42854400
2/2/1993,1.702123284,1.711685775,1.66865486,1.671045337,70371200
2/3/1993,1.690170407,1.726029894,1.682998393,1.711685866,71728000
2/4/1993,1.625622153,1.678216103,1.61605967,1.678216103,124214400
2/5/1993,1.702123284,1.711685775,1.573029956,1.620842408,177216000
2/8/1993,1.639967442,1.702123339,1.625623414,1.692560848,92665600
2/9/1993,1.604108691,1.668655679,1.596936674,1.659093184,64550400
2/10/1993,1.635185838,1.649529865,1.606498367,1.616060857,39193600
2/11/1993,1.630404711,1.654310642,1.620842222,1.649529689,31635200
2/12/1993,1.599325776,1.630404296,1.592154349,1.630404296,34752000
2/16/1993,1.532389164,1.601717667,1.525217733,1.584983161,91180800
2/17/1993,1.534780502,1.553905489,1.477405541,1.549123951,121913600
2/18/1993,1.561076403,1.582592444,1.510873474,1.553904973,138553600
2/19/1993,1.525217295,1.568248204,1.520435758,1.565857727,97094400
2/22/1993,1.467841744,1.549122575,1.467841744,1.525216655,76256000
2/23/1993,1.520435691,1.539560668,1.467842295,1.491748225,105974400
2/24/1993,1.604108691,1.606499169,1.506093263,1.510874219,77548800
2/25/1993,1.613670588,1.625623556,1.577811098,1.577811098,60806400
2/26/1993,1.594545126,1.625623068,1.587373114,1.611279627,29833600
3/1/1993,1.55868578,1.601717274,1.553904827,1.601717274,26432000
3/2/1993,1.618451118,1.620842178,1.553904755,1.563467244,38380800
3/3/1993,1.620841742,1.635185179,1.596935234,1.620841742,42352000
3/4/1993,1.601717353,1.620842333,1.563467393,1.620842333,56659200
3/5/1993,1.582592487,1.625623403,1.57781095,1.596935931,35724800
3/8/1993,1.599325776,1.616060274,1.56824784,1.580200802,48022400
3/9/1993,1.611279607,1.625623048,1.601717118,1.606498071,41312000
3/10/1993,1.625622153,1.63996617,1.596934704,1.61605967,26592000
3/11/1993,1.654310942,1.678217461,1.625623469,1.630405006,57779200
3/12/1993,1.702123284,1.706904821,1.630404898,1.644748342,73580800
3/15/1993,1.675826192,1.706904721,1.663873226,1.706904721,35347200
3/16/1993,1.678216696,1.697341669,1.663872674,1.687779182,36336000
3/17/1993,1.632794976,1.673435404,1.6304045,1.659091964,39644800
3/18/1993,1.630404711,1.659092179,1.625623174,1.6399672,34406400
3/19/1993,1.611279607,1.639967072,1.606498071,1.639967072,45404800
3/22/1993,1.594545126,1.606498091,1.577810625,1.59215465,34083200
3/23/1993,1.589763045,1.625622511,1.58737257,1.596935055,34409600
3/24/1993,1.649529934,1.659092425,1.587373453,1.59215499,50576000
3/25/1993,1.671045065,1.687779566,1.651920087,1.654310564,43833600
3/26/1993,1.656701326,1.687779858,1.644748359,1.682998321,28380800
3/29/1993,1.663873434,1.692560907,1.65909248,1.65909248,48262400
3/30/1993,1.740372896,1.745154432,1.668654525,1.692560454,140777600
3/31/1993,1.769060254,1.802529253,1.735591838,1.745154326,179660800
4/1/1993,1.778622031,1.812091017,1.769059547,1.769059547,100412800
4/2/1993,1.716466904,1.759497808,1.716466904,1.754716856,73251200
4/5/1993,1.749935985,1.764280014,1.682998543,1.697342572,61187200
4/6/1993,1.716466904,1.778622784,1.706904416,1.754716856,55699200
4/7/1993,1.726029038,1.73080999,1.706904066,1.721247504,39417600
4/8/1993,1.702123284,1.726029802,1.687779841,1.721248265,40185600
4/12/1993,1.723638296,1.745154332,1.692560356,1.697341892,48976000
4/13/1993,1.699732423,1.764279364,1.697341947,1.726029411,53337600
4/14/1993,1.702123284,1.726029802,1.67821735,1.702123284,38592000
4/15/1993,1.666263223,1.718857193,1.644747773,1.682997721,109152000
4/16/1993,1.663873434,1.678217462,1.635185961,1.668654971,49600000
4/19/1993,1.663873434,1.668654971,1.62562347,1.663873434,45673600
4/20/1993,1.659092903,1.673436351,1.625623884,1.659092903,46009600
4/21/1993,1.623232484,1.65909196,1.61127952,1.65909196,92528000
4/22/1993,1.592155695,1.625624135,1.584983678,1.61606164,79872000
4/23/1993,1.556295514,1.592155,1.544342547,1.587373463,89296000
4/26/1993,1.537170529,1.577810969,1.525217562,1.558685988,65376000
4/27/1993,1.577811122,1.58259266,1.534780201,1.539561155,58208000
4/28/1993,1.64474833,1.64474833,1.582592435,1.587373388,55372800
4/29/1993,1.635185838,1.639967375,1.606498367,1.639967375,49660800
4/30/1993,1.635185838,1.659092355,1.625623347,1.625623347,46825600
5/3/1993,1.647138476,1.663872977,1.625623023,1.635185512,38096000
5/4/1993,1.682997704,1.692560191,1.654310243,1.659091778,49664000
5/5/1993,1.706904173,1.721247611,1.673435178,1.682997664,51868800
5/6/1993,1.66865468,1.716467127,1.659092191,1.702123101,47244800
5/7/1993,1.663873434,1.678217462,1.654310943,1.668654971,31798400
5/10/1993,1.704514265,1.721248774,1.682998801,1.692561294,69091200
5/11/1993,1.678216696,1.697341669,1.668654209,1.687779182,38220800
5/12/1993,1.649529934,1.682998359,1.639967443,1.673435869,48272000
5/13/1993,1.639967442,1.644748395,1.616060923,1.639967442,43708800
5/14/1993,1.635185838,1.659092355,1.620842394,1.644748328,49116800
5/17/1993,1.654310942,1.656701419,1.630405006,1.639967497,27763200
5/18/1993,1.692560315,1.697341851,1.654310365,1.6590919,84185600
5/19/1993,1.769060254,1.778622742,1.711685327,1.735591838,181017600
5/20/1993,1.800138593,1.821654633,1.759498156,1.764279693,150256000
5/21/1993,1.769060254,1.802529253,1.759497766,1.78818523,75500800
5/24/1993,1.761888623,1.797748106,1.759498147,1.764279683,64252800
5/25/1993,1.745154619,1.759498062,1.721248104,1.754717109,36716800
5/26/1993,1.821653962,1.821653962,1.74515407,1.749935022,87484800
5/27/1993,1.800138593,1.826435586,1.778623136,1.816873096,95052800
5/28/1993,1.771451712,1.792967759,1.754717786,1.788186221,35136000
6/1/1993,1.840778947,1.874247358,1.773841541,1.778622493,173088000
6/2/1993,1.831217647,1.864686079,1.821655154,1.831217647,70710400
6/3/1993,1.809700847,1.835997837,1.80731037,1.831216884,23936000
6/4/1993,1.797748089,1.807310579,1.788185599,1.797748089,32652800
6/7/1993,1.783404827,1.831217281,1.77862329,1.802529809,52761600
6/8/1993,1.764280081,1.783405065,1.735592605,1.778623527,48131200
6/9/1993,1.740372896,1.77862285,1.735591944,1.773841898,62480000
6/10/1993,1.742763758,1.769060753,1.711685809,1.745154818,56544000
6/11/1993,1.709295034,1.769060444,1.702123022,1.754717003,67542400
6/14/1993,1.764280081,1.764280081,1.726030112,1.740373559,40489600
6/15/1993,1.769060254,1.778622742,1.749935278,1.778622742,42345600
6/16/1993,1.745154619,1.783404577,1.706904661,1.773842088,66966400
6/17/1993,1.73798275,1.754717254,1.730810736,1.749935717,28083200
6/18/1993,1.673435807,1.745154777,1.663873317,1.730810749,75910400
6/21/1993,1.6949507,1.706904246,1.663872763,1.697341759,68102400
6/22/1993,1.682997704,1.7164667,1.668654265,1.706904213,41062400
6/23/1993,1.6949507,1.706904246,1.678216785,1.682997737,33129600
6/24/1993,1.692560315,1.71168529,1.668654388,1.687779363,35782400
6/25/1993,1.692560315,1.706904338,1.6590919,1.692560315,45484800
6/28/1993,1.726029038,1.726029038,1.692560045,1.69734158,52224000
6/29/1993,1.702123284,1.754717273,1.692560794,1.726029802,42361600
6/30/1993,1.682997704,1.726029187,1.668654265,1.706904213,56422400
7/1/1993,1.666263223,1.692560208,1.65431026,1.687779256,57907200
7/2/1993,1.66865468,1.673435633,1.654310654,1.66865468,25404800
7/6/1993,1.64474833,1.678217338,1.630404887,1.659092357,47721600
7/7/1993,1.594545126,1.611279627,1.553904695,1.570638613,182569600
7/8/1993,1.623232484,1.635185448,1.606497984,1.606497984,70105600
7/9/1993,1.618451118,1.625623131,1.596935664,1.625623131,50000000
7/12/1993,1.601717353,1.620842333,1.596935816,1.620842333,26540800
7/13/1993,1.582592487,1.606498422,1.57781095,1.606498422,36476800
7/14/1993,1.611279607,1.635185536,1.577810605,1.587373094,43491200
7/15/1993,1.596935868,1.611279895,1.582592425,1.611279895,34432000
7/16/1993,1.55151403,1.592155054,1.544342599,1.592155054,86217600
7/19/1993,1.506092668,1.534780141,1.491748639,1.520436113,122435200
7/20/1993,1.539561391,1.539561391,1.491748925,1.51565545,74822400
7/21/1993,1.510873318,1.510873318,1.467842407,1.501310828,178963200
7/22/1993,1.484576344,1.56346732,1.467842426,1.544342341,147584000
7/23/1993,1.484576344,1.496529894,1.467842426,1.472623379,92790400
7/26/1993,1.496529818,1.515654796,1.486967329,1.496529818,65801600
7/27/1993,1.44393599,1.506092467,1.44393599,1.50131093,112220800
7/28/1993,1.496529818,1.520435748,1.429592395,1.453498325,113459200
7/29/1993,1.510873318,1.544342322,1.48218585,1.491748339,96534400
7/30/1993,1.415248036,1.420029572,1.376998089,1.396123063,287936000
8/2/1993,1.391341805,1.448716713,1.381779321,1.429591744,148208000
8/3/1993,1.396122932,1.400904467,1.376997961,1.396122932,85136000
8/4/1993,1.396122932,1.410466953,1.37221701,1.400904467,94416000
8/5/1993,1.429592609,1.434373563,1.400905138,1.405686092,67910400
8/6/1993,1.400904775,1.45110769,1.391342287,1.429592238,71760000
8/9/1993,1.396122932,1.415247904,1.381779496,1.400904467,70876800
8/10/1993,1.35787344,1.400904932,1.345920474,1.396123396,192028800
8/11/1993,1.38417089,1.396123859,1.360264368,1.362655428,95974400
8/12/1993,1.415248036,1.424810523,1.381779625,1.386560576,77366400
8/13/1993,1.439154983,1.448717472,1.396123487,1.415248467,61900800
8/16/1993,1.486967683,1.496530174,1.44393618,1.448717718,78451200
8/17/1993,1.477405071,1.501311006,1.453498553,1.491748515,54272000
8/18/1993,1.477405071,1.515655033,1.463061044,1.486967562,66012800
8/19/1993,1.420030236,1.489358152,1.410467745,1.477405183,114742400
8/20/1993,1.458279848,1.467842337,1.400904915,1.405685867,73683200
8/23/1993,1.472622991,1.4965295,1.44393553,1.44393553,59472000
8/24/1993,1.451107979,1.472623435,1.448717502,1.463060945,39417600
8/25/1993,1.420030236,1.453498664,1.39373324,1.434373681,68800000
8/26/1993,1.379389048,1.410467578,1.367436081,1.405686041,136256000
8/27/1993,1.374607801,1.386560766,1.362654837,1.381779813,67763200
8/30/1993,1.388951302,1.40090485,1.372217385,1.386560825,54012800
8/31/1993,1.436763644,1.443935656,1.405685705,1.410467241,93020800
9/1/1993,1.467841744,1.477404229,1.434372755,1.439154289,86035200
9/2/1993,1.465451479,1.501310963,1.455888989,1.477405029,55497600
9/3/1993,1.448717356,1.467842333,1.439154867,1.463060797,26800000
9/7/1993,1.429592609,1.458280081,1.420030119,1.44871759,38659200
9/8/1993,1.424810648,1.429592184,1.400904721,1.41524816,54777600
9/9/1993,1.458279848,1.463060801,1.424810845,1.434373334,29856000
9/10/1993,1.491748452,1.496529989,1.458280029,1.472623472,56540800
9/13/1993,1.460669875,1.501310295,1.4582794,1.501310295,33481600
9/14/1993,1.439154983,1.458279962,1.420030003,1.453498425,57756800
9/15/1993,1.463060617,1.467842153,1.422420191,1.448717178,60428800
9/16/1993,1.45349884,1.477405363,1.448717886,1.467842871,25641600
9/17/1993,1.45349884,1.463061333,1.439155394,1.443936348,25286400
9/20/1993,1.446326613,1.486967638,1.434373646,1.458280165,34691200
9/21/1993,1.45349884,1.47979584,1.429592901,1.443936348,57846400
9/22/1993,1.477405071,1.491748515,1.439155109,1.453498553,72051200
9/23/1993,1.506092668,1.515655159,1.467842702,1.477405194,72214400
9/24/1993,1.529998422,1.544342449,1.501310951,1.501310951,91481600
9/27/1993,1.573029637,1.57781059,1.55390466,1.563467149,73472000
9/28/1993,1.606497765,1.6112793,1.573029353,1.573029353,84012800
9/29/1993,1.587372899,1.606497874,1.544341998,1.601716922,87529600
9/30/1993,1.577811122,1.592155151,1.573030168,1.58259266,38400000
10/1/1993,1.568248272,1.592154787,1.568248272,1.577810761,46048000
10/4/1993,1.580201268,1.606498261,1.577810792,1.577810792,40505600
10/5/1993,1.592155695,1.62084318,1.577811661,1.5825932,86931200
10/6/1993,1.623232484,1.635185448,1.587373008,1.592154544,77321600
10/7/1993,1.608888745,1.639967275,1.601717316,1.625623248,41596800
10/8/1993,1.616060853,1.62084239,1.573029939,1.6112799,38086400
10/11/1993,1.606497765,1.620841786,1.573029353,1.616060251,36457600
10/12/1993,1.611279607,1.630404584,1.573029653,1.611279607,79296000
10/13/1993,1.592155695,1.611280685,1.553905715,1.60171819,62409600
10/14/1993,1.570638657,1.606498136,1.56824818,1.601717183,63257600
10/15/1993,1.544343114,1.587374046,1.53478062,1.573030597,126425600
10/18/1993,1.587372899,1.592154435,1.544341998,1.54912295,67750400
10/19/1993,1.534780502,1.606498912,1.52043647,1.568248938,91392000
10/20/1993,1.549122691,1.563466712,1.515654283,1.539560205,81590400
10/21/1993,1.520435691,1.52999818,1.491748225,1.50609225,127142400
10/22/1993,1.537170529,1.544342543,1.515655071,1.515655071,47625600
10/25/1993,1.539561391,1.553905422,1.510873912,1.539561391,48553600
10/26/1993,1.520435691,1.544342204,1.515654738,1.539560668,66944000
10/27/1993,1.527608156,1.539561125,1.520436142,1.520436142,45564800
10/28/1993,1.510873318,1.539560786,1.506092365,1.525217344,56009600
10/29/1993,1.532389164,1.534780225,1.515655241,1.520436195,39843200
11/1/1993,1.546733022,1.558685989,1.525217564,1.534780054,30163200
11/2/1993,1.534780502,1.558686444,1.52043647,1.553905489,42422400
11/3/1993,1.501311421,1.539561394,1.486967974,1.529998901,56796800
11/4/1993,1.463060617,1.510873056,1.463060617,1.506092104,63177600
11/5/1993,1.506092668,1.510873621,1.453498674,1.458280211,56432000
11/8/1993,1.501311421,1.520436408,1.486967974,1.510873915,28819200
11/9/1993,1.496529818,1.529998237,1.491748281,1.510873259,36320000
11/10/1993,1.556295514,1.561076468,1.510873537,1.529998519,57177600
11/11/1993,1.561076403,1.577810907,1.549123436,1.553904973,31158400
11/12/1993,1.565857172,1.577810133,1.563466697,1.563466697,34339200
11/15/1993,1.539561391,1.56824887,1.539561391,1.56824887,29244800
11/16/1993,1.573029637,1.582592126,1.539560636,1.549123124,47664000
11/17/1993,1.544343114,1.587374046,1.544343114,1.582593091,72217600
11/18/1993,1.534780502,1.558686444,1.529998964,1.544342996,48438400
11/19/1993,1.532389164,1.534780225,1.520436195,1.525217733,38403200
11/22/1993,1.472622991,1.525216961,1.463060504,1.525216961,80355200
11/23/1993,1.479796052,1.501311517,1.477405574,1.486968068,98256000
11/24/1993,1.506092668,1.52521765,1.482186148,1.482186148,32467200
11/26/1993,1.510873318,1.515654854,1.506092365,1.510873318,6403200
11/29/1993,1.520435691,1.52999818,1.510873202,1.510873202,32105600
11/30/1993,1.529998422,1.539560912,1.496529998,1.501310951,44153600
12/1/1993,1.55868578,1.573029806,1.539560801,1.539560801,58886400
12/2/1993,1.584982872,1.587373349,1.563467415,1.568248369,51936000
12/3/1993,1.639967442,1.654310886,1.596935942,1.601717479,114502400
12/6/1993,1.623232484,1.635185448,1.606497984,1.62562296,59337600
12/7/1993,1.635185838,1.644748328,1.625623347,1.625623347,32780800
12/8/1993,1.596935868,1.601717405,1.573029935,1.587373378,105900800
12/9/1993,1.55151403,1.596936008,1.539561062,1.596936008,61465600
12/10/1993,1.565857172,1.573029182,1.544341725,1.553904211,19916800
12/13/1993,1.556295514,1.568248482,1.544342547,1.558685991,20112000
12/14/1993,1.529998422,1.558685892,1.515654978,1.549123402,47414400
12/15/1993,1.525217295,1.549123225,1.525217295,1.529998247,35219200
12/16/1993,1.529998422,1.549123402,1.525217468,1.529998422,29113600
12/17/1993,1.539561391,1.539561391,1.525217943,1.539561391,26112000
12/20/1993,1.568248272,1.568248272,1.539560804,1.549123293,35462400
12/21/1993,1.577811122,1.577811122,1.558686139,1.56824863,31008000
12/22/1993,1.55151403,1.577811026,1.549123553,1.573030072,24169600
12/23/1993,1.546733022,1.573030017,1.544342545,1.549123499,31820800
12/27/1993,1.539561391,1.553905422,1.525217943,1.544342929,24537600
12/28/1993,1.582592487,1.587373441,1.539560988,1.539560988,27776000
12/29/1993,1.55868578,1.596935737,1.539560801,1.582592295,48988800
12/30/1993,1.553904653,1.573029629,1.544342164,1.563467141,25328000
12/31/1993,1.541952014,1.558686524,1.534780581,1.54912403,22995200
1/3/1994,1.532389164,1.544342716,1.515655241,1.539561179,36646400
1/4/1994,1.539561391,1.544342929,1.51565545,1.534780436,45302400
1/5/1994,1.573029637,1.57781059,1.529998148,1.534779684,53974400
1/6/1994,1.618451118,1.620842178,1.577810686,1.580201162,82006400
1/7/1994,1.630404711,1.6399672,1.592154754,1.611279732,70832000
1/10/1994,1.639967442,1.654310886,1.625623414,1.625623414,74185600
1/11/1994,1.630404711,1.644748153,1.613670209,1.625623174,35360000
1/12/1994,1.635185838,1.639967375,1.601717414,1.625623347,39488000
1/13/1994,1.632794976,1.635185452,1.606497988,1.620842012,40755200
1/14/1994,1.637576222,1.644748236,1.620842303,1.635185746,45216000
1/17/1994,1.620841742,1.644747666,1.616060207,1.630404228,30755200
1/18/1994,1.618451118,1.63518562,1.606498153,1.630404667,43686400
1/19/1994,1.592155695,1.611280685,1.577811661,1.60171819,76563200
1/20/1994,1.649529934,1.651920411,1.59215499,1.59215499,145004800
1/21/1994,1.649529934,1.663873378,1.625623415,1.649529934,99078400
1/24/1994,1.630404711,1.663873131,1.625623174,1.644748153,38374400
1/25/1994,1.628013611,1.632795147,1.606498156,1.630404671,70361600
1/26/1994,1.611279607,1.625623048,1.606498071,1.625623048,50489600
1/27/1994,1.611279607,1.620842095,1.59215463,1.606498071,51129600
1/28/1994,1.623232484,1.635185448,1.61127952,1.616060472,41875200
1/31/1994,1.628013611,1.642357636,1.620842182,1.630404671,62566400
2/1/1994,1.628013611,1.63996716,1.616060645,1.625623134,44003200
2/2/1994,1.606497765,1.635185225,1.606497765,1.620841786,40924800
2/3/1994,1.616060853,1.616060853,1.596935872,1.6112799,31792000
2/4/1994,1.553904653,1.616060535,1.553904653,1.606498047,78217600
2/7/1994,1.544343114,1.553905608,1.520436586,1.525218125,118851200
2/8/1994,1.506092668,1.539561095,1.491748639,1.539561095,149875200
2/9/1994,1.522825956,1.534779503,1.491748019,1.501310506,98585600
2/10/1994,1.518045068,1.544342055,1.510873056,1.525217079,66620800
2/11/1994,1.506092668,1.520436113,1.491748639,1.515655159,53747200
2/14/1994,1.513264179,1.520436194,1.506092748,1.510873702,55270400
2/15/1994,1.525217295,1.534779784,1.515654806,1.525217295,28876800
2/16/1994,1.506092668,1.534780141,1.506092668,1.534780141,43731200
2/17/1994,1.503700733,1.520435229,1.491747772,1.510872743,85017600
2/18/1994,1.529998422,1.544342449,1.501310951,1.501310951,79465600
2/22/1994,1.520435691,1.534779716,1.501310714,1.52999818,63235200
2/23/1994,1.549122691,1.568247663,1.496529311,1.525216769,139462400
2/24/1994,1.527608156,1.544342662,1.515655188,1.529998633,82553600
2/25/1994,1.549122691,1.553904226,1.525216769,1.534779254,52995200
2/28/1994,1.577811122,1.587373614,1.549123647,1.553905185,55494400
3/1/1994,1.592155695,1.592155695,1.573030705,1.587374156,48070400
3/2/1994,1.582592487,1.587373441,1.549123478,1.563467506,68499200
3/3/1994,1.549122691,1.592154169,1.539560205,1.587372634,31564800
3/4/1994,1.549122691,1.558685177,1.539560205,1.549122691,25705600
3/7/1994,1.553904653,1.573029629,1.544342164,1.553904653,30540800
3/8/1994,1.549122691,1.553904226,1.525216769,1.553904226,24723200
3/9/1994,1.546733022,1.563467526,1.529998517,1.553905036,37024000
3/10/1994,1.546733022,1.573030017,1.539561008,1.558685989,46588800
3/11/1994,1.563467264,1.573029753,1.544342286,1.549123239,34857600
3/14/1994,1.604108691,1.611280708,1.573030728,1.577811684,69203200
3/15/1994,1.623232484,1.630404496,1.596935496,1.606497984,62934400
3/16/1994,1.620841742,1.630404228,1.616060207,1.625622693,41286400
3/17/1994,1.616060853,1.63040488,1.616060853,1.62084239,30992000
3/18/1994,1.620841742,1.625622693,1.596935234,1.616060207,36857600
3/21/1994,1.592155695,1.632796152,1.587374156,1.625624135,65078400
3/22/1994,1.620841742,1.639966714,1.573029309,1.573029309,89024000
3/23/1994,1.649529934,1.673435869,1.625623415,1.630404953,116441600
3/24/1994,1.66865468,1.66865468,1.625623186,1.639967212,60166400
3/25/1994,1.673435807,1.706904815,1.663873317,1.663873317,102051200
3/28/1994,1.651920676,1.68299863,1.601717738,1.673436138,118403200
3/29/1994,1.577811122,1.654311055,1.577811122,1.654311055,78339200
3/30/1994,1.599325776,1.625622761,1.577810327,1.582591862,86860800
3/31/1994,1.620841742,1.639966714,1.577810261,1.596935234,72297600
4/4/1994,1.616060853,1.63996737,1.568248402,1.577810892,73996800
4/5/1994,1.678216696,1.678216696,1.625622727,1.630404263,101878400
4/6/1994,1.702123284,1.706904821,1.66865486,1.673435813,80780800
4/7/1994,1.716466904,1.723638332,1.697341928,1.706904416,76630400
4/8/1994,1.663873434,1.72124838,1.65909248,1.716467426,118710400
4/11/1994,1.663873434,1.668654971,1.644748452,1.663873434,40400000
4/12/1994,1.620841742,1.659091687,1.60649772,1.659091687,84969600
4/13/1994,1.623232484,1.635185448,1.587373008,1.620842008,69644800
4/14/1994,1.608888745,1.630404785,1.601717316,1.616060758,53088000
4/15/1994,1.623232484,1.630404496,1.596935496,1.596935496,35241600
4/18/1994,1.587372899,1.639966871,1.57302946,1.620841897,78006400
4/19/1994,1.685389042,1.71168604,1.639967643,1.663873581,291273600
4/20/1994,1.711685777,1.714076253,1.663873325,1.692560796,104732800
4/21/1994,1.749935985,1.754717522,1.706905064,1.711686018,141980800
4/22/1994,1.754717231,1.773842211,1.735592251,1.759498184,66060800
4/25/1994,1.792966723,1.802529211,1.749935237,1.759497725,142745600
4/26/1994,1.81567812,1.821654822,1.797748303,1.807310794,113193600
4/28/1994,1.761888623,1.821654623,1.754717194,1.821654623,141382400
4/29/1994,1.769060254,1.78818523,1.745154326,1.759497766,56803200
5/2/1994,1.826435089,1.827630254,1.759497677,1.7738417,79260800
5/3/1994,1.788185358,1.826435312,1.783404406,1.82165436,41929600
5/4/1994,1.819263816,1.821654876,1.77384242,1.792967403,68889600
5/5/1994,1.804919362,1.84077883,1.797747352,1.821653858,56374400
5/6/1994,1.769060254,1.802529253,1.737982314,1.783404278,96403200
5/9/1994,1.764280081,1.790576496,1.752326528,1.754717589,47600000
5/10/1994,1.797748089,1.807310579,1.773842156,1.778623109,65305600
5/11/1994,1.788185358,1.802529383,1.773841917,1.797747847,57433600
5/12/1994,1.807310581,1.822550653,1.783404648,1.788185602,58998400
5/13/1994,1.845560193,1.864685169,1.807310241,1.864685169,179920000
5/16/1994,1.816872716,1.850341716,1.812091764,1.840779228,56633600
5/17/1994,1.809700847,1.821654395,1.788185393,1.816872859,122464000
5/18/1994,1.856317759,1.864685081,1.812091691,1.821654179,96953600
5/19/1994,1.881420374,1.893373343,1.855123376,1.859904914,89651200
5/20/1994,1.869467258,1.898154731,1.859904768,1.874248212,78140800
5/23/1994,1.934013128,1.950747629,1.855122745,1.874247722,74947200
5/24/1994,1.955529094,1.984216558,1.922060094,1.960310046,85144000
5/25/1994,2.008121967,2.017684453,1.922059597,1.950747054,86003200
5/26/1994,1.988997698,2.017685165,1.960310231,2.017685165,64296000
5/27/1994,2.003342152,2.017685596,1.96031065,1.979435632,47544000
5/31/1994,2.055935383,2.05653333,1.984216999,1.998560442,76000000
6/1/1994,2.027246952,2.046371923,2.00334103,2.046371923,100764800
6/2/1994,1.998560429,2.041591926,1.988997939,2.036810389,60291200
6/3/1994,2.022465706,2.046371625,1.998559203,2.008121688,86841600
6/6/1994,2.084623337,2.089404875,1.979435921,2.012904936,764504000
6/7/1994,2.051154137,2.075060067,2.0463726,2.065497578,166171200
6/8/1994,1.988997698,2.051154168,1.974654256,2.051154168,203835200
6/9/1994,1.998560429,2.010513395,1.979435448,1.984216985,79356800
6/10/1994,2.010513067,2.027247568,1.984216662,1.998560102,53726400
6/13/1994,2.022465706,2.041590674,1.984215769,2.012903222,56628800
6/14/1994,2.048762321,2.070278351,2.027246876,2.03202841,59249600
6/15/1994,2.075059175,2.089403194,2.036809237,2.051153256,58860800
6/16/1994,2.048762321,2.075059302,2.046371846,2.075059302,48478400
6/17/1994,2.027246952,2.051153458,2.022466001,2.046371923,47622400
6/20/1994,2.046372414,2.046372414,2.00334151,2.008122462,45668800
6/21/1994,2.012904644,2.041592117,1.988998125,1.993779662,86995200
6/22/1994,1.969872832,2.027247769,1.960310343,2.01768528,82924800
6/23/1994,1.91727829,1.99855911,1.912496756,1.969871659,85979200
6/24/1994,1.89337337,1.926842383,1.883810878,1.912498354,81454400
6/27/1994,1.984216809,1.993779299,1.888591917,1.902935359,76161600
6/28/1994,1.962700486,2.017684937,1.919669583,1.988997474,99417600
6/29/1994,1.965093017,1.984218007,1.945968027,1.965093017,53435200
6/30/1994,1.974654436,1.993779416,1.95074792,1.979435389,40827200
7/1/1994,1.922060013,1.979434939,1.907118626,1.974653987,66622400
7/5/1994,1.879028082,1.950746408,1.874246549,1.926840494,40430400
7/6/1994,1.84795177,1.874248774,1.826436305,1.857514264,89254400
7/7/1994,1.926841378,1.93162233,1.833606986,1.855122436,89667200
7/8/1994,1.89337337,1.945967367,1.879029924,1.9077174,48945600
7/11/1994,1.850342035,1.898154483,1.826435519,1.898154483,85406400
7/12/1994,1.835998178,1.845560668,1.792967262,1.845560668,83752000
7/13/1994,1.89337337,1.89337337,1.831217465,1.845560911,82956800
7/14/1994,1.864685535,1.898154542,1.850342092,1.888592052,81446400
7/15/1994,1.859904408,1.888591876,1.835997894,1.864685361,45520000
7/18/1994,1.931623101,1.979435554,1.893373139,1.969873064,150499200
7/19/1994,1.91727829,1.936403257,1.898153322,1.936403257,70126400
7/20/1994,1.850342035,1.912497926,1.831217056,1.912497926,112604800
7/21/1994,1.826435089,1.869466574,1.816872602,1.859904087,85740800
7/22/1994,1.934013128,1.94118514,1.807310303,1.855122745,152916800
7/25/1994,1.957919359,1.974653857,1.922059887,1.936403909,51513600
7/26/1994,1.926841378,1.96030979,1.902934869,1.955528839,54308800
7/27/1994,1.89337337,1.926842383,1.89337337,1.926842383,29291200
7/28/1994,1.89337337,1.922060845,1.883810878,1.89337337,39899200
7/29/1994,1.969872832,1.974654369,1.898154453,1.907716943,67064000
8/1/1994,2.041591644,2.051154133,1.969872687,1.974654223,83934400
8/2/1994,2.020075321,2.089403793,2.012903893,2.055934795,95249600
8/3/1994,2.041591644,2.065497574,2.032029156,2.055935086,58771200
8/4/1994,2.017684698,2.051153693,2.017684698,2.046372158,40192000
8/5/1994,2.008121967,2.022465987,1.998559482,2.012903502,31204800
8/8/1994,2.027246952,2.027246952,1.98899701,2.00334103,34537600
8/9/1994,2.046372414,2.060716437,2.01768495,2.027247438,40198400
8/10/1994,2.070278168,2.079840652,2.03680918,2.046371665,48646400
8/11/1994,2.113309622,2.141997083,2.060716235,2.060716235,81428800
8/12/1994,2.113309622,2.127653644,2.098966183,2.118091157,38088000
8/15/1994,2.08223176,2.122872185,2.079841284,2.122872185,36113600
8/16/1994,2.098966837,2.108529327,2.06549783,2.098966837,56779200
8/17/1994,2.137217283,2.15156073,2.108529807,2.118092299,79790400
8/18/1994,2.122872353,2.156341353,2.1180914,2.137216377,61276800
8/19/1994,2.098966837,2.14199775,2.0941853,2.137216797,74761600
8/22/1994,2.089403868,2.103747308,2.084622332,2.103747308,62835200
8/23/1994,2.122872353,2.156341353,2.0846224,2.089403936,58363200
8/24/1994,2.132434845,2.141997333,2.122872357,2.122872357,35246400
8/25/1994,2.149168968,2.170684417,2.132434471,2.137216006,55174400
8/26/1994,2.175466537,2.208934957,2.151560023,2.156341559,60961600
8/29/1994,2.182637453,2.223278459,2.180246977,2.194590999,56625600
8/30/1994,2.232841015,2.237621967,2.165903606,2.180247044,39851200
8/31/1994,2.223279238,2.266310151,2.208935211,2.232841728,60968000
9/1/1994,2.14677906,2.18024748,2.132435035,2.18024748,115568000
9/2/1994,2.141997099,2.161122073,2.132434612,2.161122073,46964800
9/6/1994,2.141997099,2.151559586,2.130044136,2.137216147,28804800
9/7/1994,2.175466537,2.211325433,2.14677907,2.151560023,43588800
9/8/1994,2.216107368,2.218497845,2.180247882,2.180247882,28377600
9/9/1994,2.175466537,2.213716493,2.137216582,2.14677907,60800000
9/12/1994,2.14677906,2.185029016,2.137216571,2.185029016,36238400
9/13/1994,2.201763153,2.213716703,2.156341764,2.156341764,41134400
9/14/1994,2.204154253,2.223279233,2.199372716,2.208935206,29968000
9/15/1994,2.228060961,2.228060961,2.194592526,2.204155019,40640000
9/16/1994,2.175466537,2.223278982,2.170685001,2.218497446,52921600
9/19/1994,2.175466537,2.189809979,2.165904048,2.185029026,48350400
9/20/1994,2.141997099,2.185028582,2.139606623,2.175466095,40276800
9/21/1994,2.18981123,2.194592769,2.10374878,2.15395173,82948800
9/22/1994,2.180248499,2.199373486,2.165905051,2.189810992,44320000
9/23/1994,2.141997099,2.199372021,2.141997099,2.175466095,48371200
9/26/1994,2.125263214,2.141997717,2.113310248,2.141997717,29921600
9/27/1994,2.161123276,2.161123276,2.098967367,2.122873306,50585600
9/28/1994,2.180248499,2.199373486,2.161123512,2.165905051,33355200
9/29/1994,2.161123276,2.189810753,2.156342321,2.175467306,27105600
9/30/1994,2.14677906,2.199372458,2.14677906,2.161122502,34608000
10/3/1994,2.137217283,2.156342268,2.122873253,2.146779775,28833600
10/4/1994,2.103747129,2.146778613,2.098966178,2.141997077,42622400
10/5/1994,2.122872353,2.137216377,2.07027896,2.098966424,50985600
10/6/1994,2.084623337,2.137217337,2.075060844,2.122873306,40790400
10/7/1994,2.079842329,2.098967313,2.060717345,2.089404821,51518400
10/10/1994,2.094184637,2.118091146,2.079841199,2.079841199,39480000
10/11/1994,2.134825945,2.165904478,2.108529533,2.108529533,55692800
10/12/1994,2.15155983,2.161122318,2.132434853,2.137216389,27912000
10/13/1994,2.18981123,2.208936219,2.165905285,2.165905285,63033600
10/14/1994,2.139606714,2.194591163,2.110919252,2.189809627,99878400
10/17/1994,2.108529329,2.151560242,2.103747792,2.141997752,31160000
10/18/1994,2.165904522,2.170685476,2.106138515,2.113310529,52686400
10/19/1994,2.204154253,2.218497696,2.151560266,2.165904293,59488000
10/20/1994,2.280653,2.290215485,2.213715604,2.22805904,136558400
10/21/1994,2.271092653,2.280655147,2.232842677,2.266311114,67099200
10/24/1994,2.251966,2.275871925,2.232841025,2.275871925,57145600
10/25/1994,2.2830441,2.285434576,2.232841185,2.247184625,44780800
10/26/1994,2.333247423,2.33802896,2.285434976,2.290216513,97904000
10/27/1994,2.357154131,2.357154131,2.323685123,2.33802915,41238400
10/28/1994,2.376279354,2.385841845,2.347591881,2.357154372,58414400
10/31/1994,2.409747362,2.438434831,2.371497404,2.381059894,59932800
11/1/1994,2.400185108,2.404966645,2.376279174,2.400185108,39624000
11/2/1994,2.409747362,2.452778857,2.390622383,2.400184873,61408000
11/3/1994,2.395403147,2.419309071,2.38584066,2.409746585,63441600
11/4/1994,2.352372169,2.414528637,2.345200157,2.39540366,46947200
11/7/1994,2.366715908,2.37149686,2.328465959,2.352371885,47094400
11/8/1994,2.433654308,2.4432168,2.359544855,2.36671687,43328000
11/9/1994,2.438435078,2.471904086,2.414529143,2.457560059,60206400
11/10/1994,2.436044931,2.46234193,2.428872917,2.428872917,24689600
11/11/1994,2.381060839,2.397795348,2.323685879,2.381060839,132899200
11/14/1994,2.467121601,2.467121601,2.400184193,2.400184193,48934400
11/15/1994,2.469512701,2.491028887,2.457559881,2.46712237,52544000
11/16/1994,2.471903324,2.481465812,2.467121789,2.476684276,30196800
11/17/1994,2.457560301,2.476685284,2.443216855,2.47190433,33232000
11/18/1994,2.452778101,2.476684026,2.447996566,2.452778101,25694400
11/21/1994,2.42887187,2.476684308,2.424090918,2.467121821,35560000
11/22/1994,2.371497869,2.443216847,2.366716916,2.419310327,56358400
11/23/1994,2.352372169,2.373887623,2.335637669,2.357153706,87507200
11/25/1994,2.381060839,2.385842377,2.357154897,2.361935852,12563200
11/28/1994,2.424090624,2.428871575,2.381059143,2.390621629,43449600
11/29/1994,2.452778101,2.462340588,2.428871593,2.433653128,37673600
11/30/1994,2.404965878,2.457559267,2.400184342,2.457559267,40934400
12/1/1994,2.393013,2.425286842,2.390622524,2.395404061,43096000
12/2/1994,2.419309139,2.419309139,2.371496706,2.400184166,37715200
12/5/1994,2.421701431,2.457560929,2.414529999,2.424092492,38166400
12/6/1994,2.424090624,2.452778083,2.409746602,2.419309089,38830400
12/7/1994,2.409747362,2.443216367,2.409747362,2.428872341,36744000
12/8/1994,2.390622616,2.438435068,2.381060125,2.414529134,41934400
12/9/1994,2.414529085,2.419310038,2.381060077,2.390622568,79956800
12/12/1994,2.414529085,2.428872529,2.357154144,2.414529085,65313600
12/13/1994,2.400185108,2.42887258,2.381060127,2.424091626,30219200
12/14/1994,2.419309139,2.433653161,2.390621679,2.390621679,33641600
12/15/1994,2.42887187,2.452778381,2.409746895,2.424090918,28854400
12/16/1994,2.424090624,2.457559035,2.417515977,2.43365311,54020800
12/19/1994,2.395403147,2.433653093,2.390621612,2.424090606,31507200
12/20/1994,2.290216684,2.400185029,2.247185187,2.395404076,253456000
12/21/1994,2.352372169,2.357153706,2.299778775,2.304559727,69395200
12/22/1994,2.318903446,2.371496834,2.304559424,2.35237186,57355200
12/23/1994,2.328466177,2.347591153,2.309341201,2.318903689,19486400
12/27/1994,2.323684454,2.357153452,2.318903502,2.333246941,20566400
12/28/1994,2.333247423,2.333247423,2.294997465,2.323684934,34961600
12/29/1994,2.364325047,2.366716106,2.318903666,2.328466154,23446400
12/30/1994,2.338028669,2.366716134,2.338028669,2.366716134,20686400
1/3/1995,2.302168846,2.352371756,2.29977837,2.352371756,39545600
1/4/1995,2.318903446,2.323684398,2.275871962,2.304559424,51611200
1/5/1995,2.280653,2.333246376,2.271090515,2.328465426,39824000
1/6/1995,2.318903446,2.342809372,2.285434449,2.290215984,46681600
1/9/1995,2.304560661,2.333248138,2.285435677,2.328467184,46000000
1/10/1995,2.333247423,2.352372402,2.314122444,2.318903981,42184000
1/11/1995,2.347590446,2.361933883,2.323683941,2.338027961,31512000
1/12/1995,2.3428092,2.376278195,2.333246714,2.3428092,26996800
1/13/1995,2.400185108,2.409747599,2.366716683,2.371497637,41307200
1/16/1995,2.452778101,2.467121539,2.40974662,2.419309106,74648000
1/17/1995,2.471903324,2.491028299,2.462340837,2.476684276,73932800
1/18/1995,2.488637686,2.495809845,2.457559886,2.481466402,50504000
1/19/1995,2.42887187,2.486246796,2.426481394,2.467121821,67108800
1/20/1995,2.357154131,2.428872516,2.342810104,2.404966582,82388800
1/23/1995,2.402575254,2.409747267,2.314122376,2.333247354,53843200
1/24/1995,2.372095346,2.414528894,2.371497399,2.409747357,36739200
1/25/1995,2.361933947,2.381058918,2.33324649,2.357152996,52459200
1/26/1995,2.290216684,2.333247598,2.285435147,2.328466645,80836800
1/27/1995,2.290216684,2.304560128,2.285435147,2.299779174,58376000
1/30/1995,2.256747246,2.299778735,2.251966293,2.299778735,55164800
1/31/1995,2.271092653,2.285436103,2.228061138,2.261530159,59945600
2/1/1995,2.261528492,2.323684366,2.256149009,2.271090979,66705600
2/2/1995,2.256747246,2.27109127,2.232841317,2.247184757,46312000
2/3/1995,2.299779177,2.31412262,2.266310169,2.275872659,60332800
2/6/1995,2.328466177,2.338028665,2.299778712,2.299778712,48345600
2/7/1995,2.333247423,2.33802896,2.318903981,2.323684934,33152000
2/8/1995,2.366715908,2.37149686,2.333246911,2.342809398,49150400
2/9/1995,2.366715908,2.390621835,2.361934373,2.376278395,42398400
2/10/1995,2.371497869,2.39540439,2.352372887,2.371497869,49862400
2/13/1995,2.371497869,2.400185344,2.357154424,2.371497869,38160000
2/14/1995,2.366715908,2.381059347,2.352371885,2.376278395,31121600
2/15/1995,2.323684454,2.347590964,2.280653552,2.299778527,147001600
2/16/1995,2.328466177,2.338028665,2.304559665,2.328466177,56744000
2/17/1995,2.309341669,2.328466649,2.304560132,2.323685113,37824000
2/21/1995,2.285435438,2.323685404,2.275872947,2.314122912,55392000
2/22/1995,2.352372169,2.371497146,2.280653798,2.28543475,60902400
2/23/1995,2.357154131,2.376279111,2.333247614,2.342810104,59939200
2/24/1995,2.3428092,2.366715708,2.3428092,2.347590735,34177600
2/27/1995,2.361933947,2.371496432,2.338028024,2.34759051,28592000
2/28/1995,2.409747362,2.419309852,2.361934914,2.366716451,52544000
3/1/1995,2.419309139,2.447996599,2.400184166,2.414528188,52032000
3/2/1995,2.438435078,2.438435078,2.414529143,2.419310097,26038400
3/3/1995,2.433654308,2.4432168,2.414529326,2.433654308,31776000
3/6/1995,2.45994997,2.462341176,2.404966243,2.419309684,45156800
3/7/1995,2.499395132,2.525094903,2.457559537,2.462341073,91750400
3/8/1995,2.620123386,2.624904925,2.514935951,2.514935951,140096000
3/9/1995,2.596215487,2.629683899,2.557965539,2.620121412,58238400
3/10/1995,2.622512579,2.629684738,2.543622329,2.596216315,44324800
3/13/1995,2.639246464,2.665543595,2.610559002,2.624903025,34550400
3/14/1995,2.744434357,2.753996846,2.648809466,2.653591003,78643200
3/15/1995,2.696622133,2.749216119,2.69184118,2.744434582,57294400
3/16/1995,2.682277679,2.696621117,2.663152707,2.677496145,47510400
3/17/1995,2.675106525,2.744434277,2.672715903,2.696621833,59868800
3/20/1995,2.720527887,2.734871326,2.677496403,2.682277939,37772800
3/21/1995,2.694230318,2.734870586,2.691839697,2.725308101,74772800
3/22/1995,2.713356256,2.715746587,2.672715683,2.696621611,52464000
3/23/1995,2.782683134,2.801808104,2.725308224,2.730089758,105286400
3/24/1995,2.82571578,2.835278269,2.797028313,2.801809266,65683200
3/27/1995,2.792245865,2.825714857,2.777902428,2.782683379,61008000
3/28/1995,2.816153049,2.83049649,2.787465585,2.787465585,47603200
3/29/1995,2.763558865,2.830496277,2.756386707,2.816152837,65763200
3/30/1995,2.758778811,2.782684745,2.691841377,2.773122254,75011200
3/31/1995,2.720527887,2.758777836,2.696621378,2.744433813,63080000
4/3/1995,2.677497387,2.730091377,2.658372406,2.71574735,65617600
4/4/1995,2.672716618,2.734872519,2.66793508,2.687060063,66689600
4/5/1995,2.701403379,2.701403379,2.629684422,2.672715913,65792000
4/6/1995,2.677497387,2.710966396,2.655982075,2.701403905,35414400
4/7/1995,2.66315341,2.706184318,2.658371874,2.68705934,43148800
4/10/1995,2.713356256,2.725309075,2.653590707,2.658371659,43169600
4/11/1995,2.758778811,2.759376174,2.720528848,2.739653829,43624000
4/12/1995,2.739653111,2.801808991,2.706184111,2.758778087,40430400
4/13/1995,2.773121119,2.773121119,2.720527734,2.744433659,32814400
4/17/1995,2.959592104,2.988279585,2.887873109,2.887873109,187913600
4/18/1995,2.935682774,2.964370227,2.90699532,2.959589277,75609600
4/19/1995,2.911777735,2.945246149,2.887871224,2.93090271,59163200
4/20/1995,2.878309727,2.940466209,2.830497273,2.926122181,83913600
4/21/1995,2.868746519,2.90221552,2.863965567,2.892653032,53555200
4/24/1995,2.97393465,2.974532598,2.873528788,2.883091279,68089600
4/25/1995,3.059996843,3.06477838,2.969153479,2.969153479,69371200
4/26/1995,3.045652628,3.069558555,3.026527653,3.05043358,44305600
4/27/1995,3.007402182,3.079120536,2.921339806,3.045652126,128844800
4/28/1995,3.126934052,3.141278078,3.007403225,3.016965715,92104000
5/1/1995,3.141277313,3.203433188,3.126933291,3.131714826,65550400
5/2/1995,3.043262243,3.146059306,3.040871913,3.141278352,78099200
5/3/1995,3.093466043,3.098246997,3.069559525,3.069559525,61566400
5/4/1995,3.117371559,3.184308985,3.09824658,3.117371559,66524800
5/5/1995,3.059996843,3.122153321,3.05521589,3.112590831,43707200
5/8/1995,3.055216312,3.074341295,3.026528838,3.055216312,43988800
5/9/1995,3.052824259,3.074340442,3.026527998,3.059996417,36748800
5/10/1995,3.031307697,3.074339171,3.016964262,3.064776686,38688000
5/11/1995,3.112591028,3.117371982,3.021747074,3.026528612,38673600
5/12/1995,3.088685274,3.146060233,3.074341826,3.112591799,36192000
5/15/1995,3.11019969,3.13649683,3.055215954,3.083903425,35232000
5/16/1995,3.246464968,3.251843867,3.117371088,3.117371088,86708800
5/17/1995,3.28949666,3.322965668,3.256028236,3.260809189,66515200
5/18/1995,3.236902952,3.31818382,3.236902952,3.27515291,58326400
5/19/1995,3.265589952,3.270370905,3.212995977,3.222558465,45190400
5/22/1995,3.337309361,3.346871852,3.212996977,3.26559097,91382400
5/23/1995,3.38512063,3.38512063,3.290691065,3.34687068,55516800
5/24/1995,3.346871614,3.423371537,3.327746634,3.409028093,68684800
5/25/1995,3.413807869,3.418589404,3.332527021,3.361214482,43440000
5/26/1995,3.346871614,3.413809047,3.327746634,3.411418716,52934400
5/30/1995,3.174745798,3.380339568,3.160402359,3.365995545,99612800
5/31/1995,3.239293575,3.241683906,3.098246565,3.184308969,119756800
6/1/1995,3.217777967,3.275152904,3.208215478,3.251246388,61153600
6/2/1995,3.179527044,3.21777699,3.160402071,3.203432969,55556800
6/5/1995,3.241683483,3.265589995,3.126933625,3.160402626,55852800
6/6/1995,3.179527044,3.290093294,3.179527044,3.24646445,49036800
6/7/1995,3.212995529,3.241682989,3.141277171,3.169964631,64590400
6/8/1995,3.217777967,3.236902946,3.198652989,3.217777967,29320000
6/9/1995,3.246464968,3.28471492,3.160402576,3.20343348,81214400
6/12/1995,3.20343399,3.241683949,3.184309011,3.236902996,45832000
6/13/1995,3.208217382,3.241685823,3.189092392,3.217779877,37691200
6/14/1995,3.205824614,3.21777831,3.165184321,3.189090839,43096000
6/15/1995,3.246464968,3.25124592,3.208215016,3.212995968,43912000
6/16/1995,3.327746868,3.34687185,3.246465986,3.25124694,92278400
6/19/1995,3.435324669,3.438313239,3.322965981,3.337309426,78982400
6/20/1995,3.495090961,3.495090961,3.432934474,3.456840995,56670400
6/21/1995,3.461622715,3.533341709,3.442497728,3.514216722,57224000
6/22/1995,3.514215708,3.518996661,3.466403253,3.466403253,46296000
6/23/1995,3.485528469,3.526169058,3.452059457,3.47118444,46356800
6/26/1995,3.432933092,3.485527066,3.423370604,3.480745531,41048000
6/27/1995,3.322965145,3.461620941,3.318183609,3.423370986,66004800
6/28/1995,3.361215591,3.404246505,3.246465709,3.318184094,107286400
6/29/1995,3.418590069,3.43293351,3.365996088,3.365996088,57643200
6/30/1995,3.456840038,3.480745969,3.428152572,3.428152572,53342400
7/3/1995,3.478356838,3.485528707,3.456841231,3.475966215,16763200
7/5/1995,3.468792915,3.518995687,3.456839805,3.504652246,48547200
7/6/1995,3.547682762,3.557245249,3.456839425,3.466401913,47070400
7/7/1995,3.657650232,3.657650232,3.54768138,3.552462914,66699200
7/10/1995,3.781964064,3.815432478,3.662432679,3.671995167,111982400
7/11/1995,3.691120386,3.791526802,3.691120386,3.786745267,78227200
7/12/1995,3.820216179,3.824997133,3.700684727,3.700684727,94675200
7/13/1995,3.829777718,3.882371123,3.753277794,3.829777718,84811200
7/14/1995,3.963652849,3.963652849,3.748496508,3.758058999,89905600
7/17/1995,4.169246674,4.178809166,4.07362175,4.121434212,155830400
7/18/1995,3.896714211,4.097526462,3.872807698,4.092744926,289624000
7/19/1995,3.614621162,3.77718349,3.385121406,3.710246061,305092800
7/20/1995,3.67677784,3.724590292,3.59549638,3.643308832,177848000
7/21/1995,3.518996239,3.671996075,3.509433749,3.595496157,169257600
7/24/1995,3.581151962,3.585932914,3.523777036,3.542902011,94811200
7/25/1995,3.686340094,3.734152542,3.633746108,3.652871088,109422400
7/26/1995,3.671996355,3.753277816,3.62896544,3.734152835,77470400
7/27/1995,3.691120386,3.734151874,3.681557898,3.691120386,52916800
7/28/1995,3.5429039,3.671997262,3.518997376,3.671997262,158468800
7/31/1995,3.461622715,3.576372639,3.442497728,3.562029191,101435200
8/1/1995,3.423371553,3.476562906,3.361215658,3.471184005,166144000
8/2/1995,3.404246569,3.542902971,3.365996607,3.480746492,129804800
8/3/1995,3.485528469,3.495090961,3.346872049,3.365997033,113536000
8/4/1995,3.590714216,3.590714216,3.490307809,3.495089345,77705600
8/7/1995,3.581151962,3.652870329,3.509433012,3.614620378,64273600
8/8/1995,3.576370716,3.628964695,3.571589764,3.600277229,43913600
8/9/1995,3.691120386,3.75327685,3.67199541,3.738932826,144384000
8/10/1995,3.600277662,3.715027539,3.590715173,3.710246002,71883200
8/11/1995,3.691120386,3.695901922,3.523777137,3.62418297,97195200
8/14/1995,3.777181625,3.796306596,3.662431804,3.705463279,88872000
8/15/1995,3.762840748,3.801090714,3.705465798,3.796309177,63267200
8/16/1995,3.777181625,3.78196316,3.715025764,3.762838189,38118400
8/17/1995,3.791526318,3.85368219,3.772998708,3.781963831,74564800
8/18/1995,3.715028286,3.815434156,3.710246748,3.813043825,77502400
8/21/1995,3.614621162,3.75805851,3.609840209,3.729371041,110491200
8/22/1995,3.798697233,3.801088438,3.60983872,3.638526178,94320000
8/23/1995,3.743713617,3.84411943,3.729369596,3.824994458,111188800
8/24/1995,3.67677784,3.753277763,3.652871322,3.753277763,95275200
8/25/1995,3.609838724,3.700682048,3.609838724,3.686338611,73489600
8/28/1995,3.444884777,3.60983822,3.437713497,3.60983822,112622400
8/29/1995,3.514215708,3.514215708,3.327746843,3.447278271,163929600
8/30/1995,3.566809416,3.585934399,3.499871974,3.55246597,79499200
8/31/1995,3.538120508,3.595495435,3.499870557,3.571589508,38764800
9/1/1995,3.432933092,3.518995482,3.418589652,3.509432994,80262400
9/5/1995,3.633745432,3.638526968,3.45205816,3.475964672,92052800
9/6/1995,3.576370716,3.691120579,3.557245739,3.643308136,100265600
9/7/1995,3.619401693,3.695901591,3.566807722,3.605057671,93932800
9/8/1995,3.652870178,3.657651714,3.566807792,3.585932767,64417600
9/11/1995,3.734152794,3.743715284,3.633746353,3.64809038,77408000
9/12/1995,3.68155694,3.738931853,3.657651018,3.738931853,71155200
9/13/1995,3.67677784,3.710246264,3.638527878,3.67677784,61208000
9/14/1995,3.628965378,3.691121273,3.624183841,3.67677783,54230400
9/15/1995,3.573979855,3.64808913,3.538120236,3.62418262,88316800
9/18/1995,3.518996239,3.571590224,3.475965327,3.566808688,76827200
9/19/1995,3.569197655,3.614619756,3.499869922,3.518994894,58011200
9/20/1995,3.562027454,3.619402389,3.542902476,3.576370896,44652800
9/21/1995,3.466403246,3.559636949,3.461621709,3.490309181,83836800
9/22/1995,3.432933092,3.471183043,3.404245629,3.437714628,99899200
9/25/1995,3.451462507,3.466404488,3.385122995,3.461622949,57878400
9/26/1995,3.375558138,3.514214501,3.370777186,3.456839575,76548800
9/27/1995,3.389901876,3.394682828,3.189089653,3.365995368,140756800
9/28/1995,3.499871969,3.499871969,3.399466098,3.404247052,105510400
9/29/1995,3.461622715,3.547685158,3.444888059,3.504654228,95158400
10/2/1995,3.375558138,3.47596455,3.370777186,3.461620527,67731200
10/3/1995,3.399464846,3.413808286,3.337308381,3.370777381,80736000
10/4/1995,3.294277906,3.370777822,3.270371391,3.370777822,73473600
10/5/1995,3.346871614,3.346871614,3.251246711,3.289496672,101289600
10/6/1995,3.284715652,3.404246487,3.270371625,3.346871547,76616000
10/9/1995,3.179527044,3.27993286,3.165183023,3.24646445,108614400
10/10/1995,3.20343399,3.217778017,3.074340674,3.107809095,157644800
10/11/1995,3.313403368,3.342090841,3.251246886,3.284715895,107009600
10/12/1995,3.351653099,3.370778079,3.313403138,3.327746582,78700800
10/13/1995,3.299059391,3.394684301,3.2894969,3.38512181,68644800
10/16/1995,3.318185329,3.342091856,3.270372861,3.279935354,61067200
10/17/1995,3.485528469,3.499871915,3.318184575,3.337309558,123140800
10/18/1995,3.657650232,3.772400034,3.628962782,3.758056017,294329600
10/19/1995,3.700683594,3.710246084,3.624183674,3.643308654,95840000
10/20/1995,3.652870178,3.705464151,3.628964252,3.691120128,79984000
10/23/1995,3.686340094,3.715027563,3.614621129,3.633746108,93473600
10/24/1995,3.729371071,3.753277587,3.686340158,3.686340158,68681600
10/25/1995,3.667213917,3.738932275,3.667213917,3.734151323,60211200
10/26/1995,3.748495102,3.753276638,3.648089275,3.662432714,82841600
10/27/1995,3.824995279,3.830374179,3.724589445,3.729370397,130683200
10/30/1995,3.930186033,3.954092566,3.767623594,3.796311083,125464000
10/31/1995,3.824995279,3.954089162,3.815432791,3.939745138,91958400
11/1/1995,3.762840748,3.863246618,3.75805921,3.829778189,72819200
11/2/1995,3.824995279,3.839339303,3.758057862,3.772401886,63504000
11/3/1995,3.805870056,3.829776567,3.777182593,3.824995031,40635200
11/6/1995,3.724589348,3.781964276,3.705464372,3.710245324,87729600
11/7/1995,3.557244062,3.724587825,3.552463112,3.691118839,115921600
11/8/1995,3.643307447,3.652869934,3.571589089,3.590714062,71280000
11/9/1995,3.78674674,3.787344688,3.671996839,3.691121823,99814400
11/10/1995,3.705462933,3.786743757,3.695302501,3.767618788,60819200
11/13/1995,3.683949232,3.719808864,3.674386741,3.695902929,59003200
11/14/1995,3.595496178,3.671996096,3.590715225,3.667215143,75657600
11/15/1995,3.595496178,3.619402694,3.514215306,3.609840204,108686400
11/16/1995,3.437714815,3.513018826,3.428152327,3.461620744,195126400
11/17/1995,3.34209013,3.466402484,3.34209013,3.442495971,143803200
11/20/1995,3.28949666,3.418590571,3.27993417,3.38034061,115296000
11/21/1995,3.365995407,3.394682868,3.222558103,3.28471456,130163200
11/22/1995,3.34209013,3.423370993,3.337308594,3.380340085,65428800
11/24/1995,3.365995407,3.375557894,3.342089482,3.351651969,15014400
11/27/1995,3.337309361,3.42337178,3.333125771,3.389903353,79100800
11/28/1995,3.499871969,3.499871969,3.308622135,3.327747118,86537600
11/29/1995,3.432933092,3.538120457,3.413808117,3.51421453,91067200
11/30/1995,3.332527399,3.432933232,3.322964911,3.423370744,93512000
12/1/1995,3.299059391,3.361215874,3.284715946,3.332528401,96124800
12/4/1995,3.361215591,3.428153023,3.260809153,3.29427816,130436800
12/5/1995,3.28949666,3.37077812,3.256028236,3.361215629,104528000
12/6/1995,3.466403246,3.48074669,3.289496872,3.29427841,145272000
12/7/1995,3.461622715,3.518997677,3.39886885,3.485529241,132876800
12/8/1995,3.614621162,3.619402699,3.527960806,3.54290278,147041600
12/11/1995,3.562027454,3.624183341,3.557245918,3.614620852,61924800
12/12/1995,3.495090961,3.562028402,3.48552847,3.557246865,44739200
12/13/1995,3.509433985,3.523778012,3.461621533,3.485528051,39577600
12/14/1995,3.394682646,3.576369886,3.389901694,3.528557454,92822400
12/15/1995,3.380340815,3.432934223,3.337309314,3.409028287,115470400
12/18/1995,3.327746868,3.404246796,3.265590968,3.38034086,99460800
12/19/1995,3.4759655,3.481344401,3.342090636,3.342090636,84340800
12/20/1995,3.332527399,3.495089697,3.327745863,3.485527209,84980800
12/21/1995,3.442496777,3.442496777,3.342090912,3.356434357,60593600
12/22/1995,3.461622715,3.475966747,3.409029292,3.447279266,36057600
12/26/1995,3.4520576,3.490307546,3.437714162,3.4520576,34707200
12/27/1995,3.399464846,3.466402263,3.380339869,3.456839775,40539200
12/28/1995,3.34209013,3.385121038,3.337308594,3.375558549,49777600
12/29/1995,3.356432915,3.394682862,3.299057993,3.337307941,52342400
1/2/1996,3.432933092,3.432933092,3.342089751,3.361214726,57779200
1/3/1996,3.322965145,3.447277499,3.318183609,3.409027544,62857600
1/4/1996,3.34209013,3.346871082,3.246465242,3.337308594,102353600
1/5/1996,3.303841352,3.351653814,3.29427886,3.299059815,62083200
1/8/1996,3.299059391,3.351653383,3.294278437,3.308621882,11377600
1/9/1996,3.067169428,3.289497063,3.055216314,3.289497063,177424000
1/10/1996,3.150840521,3.184308942,3.078523612,3.079121559,181571200
1/11/1996,3.313403368,3.322965859,3.179528496,3.193871941,116617600
1/12/1996,3.279934168,3.322965666,3.208215783,3.308621639,80544000
1/15/1996,3.155622244,3.284716173,3.131716307,3.284716173,84572800
1/16/1996,3.303841352,3.308024359,3.184309908,3.198653938,122006400
1/17/1996,3.246464968,3.3468708,3.23690248,3.241683432,143078400
1/18/1996,3.351653099,3.39946555,3.25124666,3.270371641,121331200
1/19/1996,3.514215708,3.566809116,3.428153289,3.452059225,227440000
1/22/1996,3.518996239,3.547683708,3.475965327,3.504652796,82643200
1/23/1996,3.423371553,3.509433967,3.413809063,3.495090523,66473600
1/24/1996,3.490308762,3.53812121,3.423371333,3.43771536,92217600
1/25/1996,3.418590069,3.504652469,3.404246044,3.49508998,59881600
1/26/1996,3.461622715,3.475966747,3.404247753,3.409029292,50881600
1/29/1996,3.456840038,3.490308458,3.417992135,3.47118348,39587200
1/30/1996,3.473572493,3.495088668,3.466401212,3.475963698,45120000
1/31/1996,3.538120508,3.542902044,3.447277165,3.471183093,68774400
2/1/1996,3.600277662,3.605058615,3.518996208,3.528558698,78587200
2/2/1996,3.557244062,3.600275532,3.52377566,3.595493999,44686400
2/5/1996,3.715028286,3.71980924,3.547684391,3.547684391,126480000
2/6/1996,3.691120386,3.729370338,3.65765197,3.691120386,98158400
2/7/1996,3.705462933,3.715025417,3.65227103,3.671993946,65555200
2/8/1996,3.781964064,3.80586999,3.652870192,3.695901677,103924800
2/9/1996,3.829777718,3.834558671,3.767621238,3.777183728,122832000
2/12/1996,3.805870056,3.868026517,3.791526617,3.815432544,87779200
2/13/1996,3.810652733,3.834558667,3.729371272,3.738933763,114513600
2/14/1996,3.777181625,3.829775585,3.762838189,3.829775585,80212800
2/15/1996,3.76761961,3.791526117,3.738932151,3.76761961,52195200
2/16/1996,3.743713617,3.796306999,3.743713617,3.777182027,62206400
2/20/1996,3.73893404,3.767621514,3.705465613,3.719809058,64182400
2/21/1996,3.820216179,3.829778672,3.729372205,3.738934698,80046400
2/22/1996,3.920620441,3.925401978,3.824995553,3.824995553,106500800
2/23/1996,3.958870173,3.963651708,3.89671429,3.925401755,102640000
2/26/1996,3.848900557,3.949306359,3.844119022,3.939743873,63696000
2/27/1996,3.829777718,3.856073983,3.814835743,3.853683652,60958400
2/28/1996,3.829777718,3.901496104,3.820215227,3.853683652,60051200
2/29/1996,3.774792671,3.829776981,3.770010843,3.78674549,61723200
3/1/1996,3.652870178,3.772401562,3.619401764,3.762839075,157652800
3/4/1996,3.68155694,3.724588417,3.652869483,3.671994455,72564800
3/5/1996,3.753276348,3.758655247,3.662432432,3.671994919,57369600
3/6/1996,3.710246325,3.781965295,3.710246325,3.758058777,44256000
3/7/1996,3.72219944,3.734153138,3.695903173,3.715028155,44291200
3/8/1996,3.638528347,3.729371725,3.624184318,3.652871793,108524800
3/11/1996,3.691120386,3.695901922,3.638526994,3.638526994,74592000
3/12/1996,3.662434816,3.695903834,3.624184844,3.681559802,76888000
3/13/1996,3.858464718,3.863245671,3.73893331,3.757460341,156710400
3/14/1996,3.810652733,3.896715147,3.810652733,3.868027675,60640000
3/15/1996,3.915838718,3.944526179,3.810651361,3.8249948,121721600
3/18/1996,4.025808811,4.049715331,3.915840454,3.915840454,119472000
3/19/1996,4.087965012,4.095136296,4.00668355,4.06884003,92491200
3/20/1996,4.001900196,4.078400075,3.96783326,4.064056056,92944000
3/21/1996,3.85368228,3.992338634,3.844119793,3.987557098,66313600
3/22/1996,3.868026733,3.879979844,3.815432757,3.868026733,48046400
3/25/1996,3.820216179,3.915841107,3.779575001,3.88237209,63379200
3/26/1996,3.930186033,3.934967573,3.77718609,3.801092623,79899200
3/27/1996,3.920620441,3.977995375,3.868027044,3.949307908,52729600
3/28/1996,3.911057234,3.958869669,3.868026334,3.896713795,54955200
3/29/1996,3.944525003,3.98277494,3.906275067,3.915837551,53508800
4/1/1996,3.930186033,3.958873523,3.906280084,3.945127434,31692800
4/2/1996,4.001900196,4.016243632,3.925400317,3.930181268,54396800
4/3/1996,3.997120857,4.021027374,3.954089944,3.982777414,46072000
4/4/1996,3.992339373,4.01146435,3.95887037,4.001901861,28961600
4/8/1996,3.968433619,3.973215156,3.896715231,3.920621165,73753600
4/9/1996,3.887151718,3.977995064,3.882370182,3.977995064,66942400
4/10/1996,3.887151718,3.939745111,3.872807694,3.882370182,51910400
4/11/1996,3.868026733,3.915839174,3.810651805,3.882370174,62465600
4/12/1996,3.868026733,3.88715171,3.844120221,3.868026733,33737600
4/15/1996,3.95946908,3.96365267,3.863246226,3.863246226,50102400
4/16/1996,4.025808811,4.035371302,3.977996355,3.987558846,80116800
4/17/1996,4.052103996,4.054494326,3.98994725,4.025806866,62630400
4/18/1996,4.169246674,4.178809166,4.03537178,4.054496765,133958400
4/19/1996,4.19793272,4.288776659,4.188370231,4.26965168,169492800
4/22/1996,4.312682629,4.336589143,4.217057737,4.226620226,92758400
4/23/1996,4.307900906,4.331806833,4.260088468,4.312681858,57139200
4/24/1996,4.26486969,4.327026154,4.255307202,4.322244619,69251200
4/25/1996,4.312682629,4.350932585,4.217057737,4.264870183,63896000
4/26/1996,4.341369152,4.355713175,4.298338252,4.312681691,54296000
4/29/1996,4.307900906,4.34136932,4.283994395,4.336588368,34267200
4/30/1996,4.331808567,4.331808567,4.279215157,4.307902631,28441600
5/1/1996,4.403526783,4.408307736,4.307901886,4.317464376,65014400
5/2/1996,4.26965189,4.408307697,4.250526911,4.403526744,87340800
5/3/1996,4.240962505,4.37961825,4.21227505,4.303118368,75300800
5/6/1996,4.274433613,4.298340133,4.193152729,4.245746139,75852800
5/7/1996,4.327023983,4.341367416,4.269649083,4.269649083,47366400
5/8/1996,4.370055199,4.374836733,4.236180422,4.317461828,77851200
5/9/1996,4.341369152,4.40352561,4.331806665,4.370056613,47776000
5/10/1996,4.393963337,4.404123188,4.365275874,4.374838362,43913600
5/13/1996,4.537401676,4.546964166,4.398745283,4.398745283,95606400
5/14/1996,4.551743507,4.589993453,4.522458101,4.561305994,76832000
5/15/1996,4.499151707,4.580432578,4.489589217,4.551745108,56323200
5/16/1996,4.480028629,4.489591123,4.422653667,4.436997115,67092800
5/17/1996,4.475243568,4.513493513,4.451337645,4.508712562,35392000
5/20/1996,4.465681553,4.508713037,4.460900601,4.489588063,38457600
5/21/1996,4.403526783,4.470464211,4.403526783,4.465682674,42113600
5/22/1996,4.470462799,4.484806237,4.384400419,4.398743857,45646400
5/23/1996,4.532618999,4.55652551,4.470463124,4.470463124,51976000
5/24/1996,4.532618999,4.551743974,4.523056512,4.532618999,26443200
5/28/1996,4.484807968,4.557124301,4.480027015,4.54218291,43376000
5/29/1996,4.480028629,4.52305956,4.460903642,4.489591123,33569600
5/30/1996,4.523056984,4.523056984,4.460901102,4.484807031,33824000
5/31/1996,4.54218483,4.566091357,4.513497347,4.535012667,40259200
6/3/1996,4.527837276,4.57086817,4.518274791,4.542180713,31684800
6/4/1996,4.508714199,4.546964158,4.446557724,4.537401668,65852800
6/5/1996,4.623463154,4.637806594,4.5087133,4.513494252,50968000
6/6/1996,4.582820892,4.704742875,4.580430563,4.656930447,88136000
6/7/1996,4.637806416,4.637806416,4.499150639,4.499150639,70198400
6/10/1996,4.613901138,4.637807068,4.589396677,4.62824458,45819200
6/11/1996,4.671276569,4.714307482,4.61390163,4.618682584,65259200
6/12/1996,4.781245232,4.795589259,4.695182817,4.699964355,88844800
6/13/1996,4.766899586,4.814712016,4.733430593,4.786024558,62577600
6/14/1996,4.704744339,4.781244247,4.699963387,4.771681758,55944000
6/17/1996,4.766899586,4.781243023,4.680837211,4.709524669,57499200
6/18/1996,4.680839062,4.762119933,4.666495035,4.762119933,74585600
6/19/1996,4.656931877,4.709525855,4.642588436,4.685619342,73409600
6/20/1996,4.656931877,4.685021395,4.551744504,4.666494366,102228800
6/21/1996,4.738213539,4.747776028,4.647369603,4.680838606,56806400
6/24/1996,4.747774601,4.786024545,4.704743122,4.742993066,48102400
6/25/1996,4.666494846,4.752557251,4.642588915,4.752557251,41145600
6/26/1996,4.609121323,4.666496277,4.551746368,4.661715322,71457600
6/27/1996,4.587603569,4.628243848,4.55174395,4.609118874,77582400
6/28/1996,4.594777107,4.628245533,4.556527144,4.609120552,52000000
7/1/1996,4.678447247,4.685619405,4.594776055,4.599557008,47862400
7/2/1996,4.652149677,4.690399621,4.637805657,4.680837135,38548800
7/3/1996,4.633026123,4.699963545,4.613901145,4.652151101,44243200
7/5/1996,4.527837276,4.594774676,4.527837276,4.594774676,35331200
7/8/1996,4.601946831,4.618681476,4.518275649,4.532619088,64432000
7/9/1996,4.589993954,4.642587926,4.589993954,4.623462951,35571200
7/10/1996,4.570870876,4.589995859,4.518277466,4.589995859,77980800
7/11/1996,4.379622459,4.527841415,4.350934976,4.523059876,140915200
7/12/1996,4.298337936,4.405915909,4.226021049,4.405915909,139478400
7/15/1996,4.231401443,4.350932258,4.202713978,4.298338863,111832000
7/16/1996,4.413089752,4.422652243,4.111871003,4.217058401,182100800
7/17/1996,4.480028629,4.518278604,4.422653667,4.503934572,126208000
7/18/1996,4.585213184,4.589994136,4.43221338,4.484806771,98537600
7/19/1996,4.627645969,4.652150427,4.50393158,4.50393158,99208000
7/22/1996,4.580433369,4.647370808,4.508714975,4.628843773,144475200
7/23/1996,4.288775921,4.589993984,4.217056973,4.589993984,257678400
7/24/1996,4.389184475,4.427434449,4.188372113,4.188372113,192225600
7/25/1996,4.532618999,4.542181487,4.403525712,4.436994126,100920000
7/26/1996,4.556525707,4.570869147,4.523056708,4.570869147,59304000
7/29/1996,4.470462799,4.585212639,4.465681264,4.56130613,56748800
7/30/1996,4.537401676,4.542182629,4.441776779,4.508714207,66976000
7/31/1996,4.508714199,4.575651627,4.499151709,4.551745111,56320000
8/1/1996,4.613901138,4.623463627,4.489588784,4.508713761,96025600
8/2/1996,4.719089031,4.738214011,4.613901643,4.671276582,109289600
8/5/1996,4.656931877,4.733431785,4.6378069,4.723869296,55072000
8/6/1996,4.742995739,4.747777277,4.623464888,4.652152362,67388800
8/7/1996,4.771682739,4.786026767,4.699964353,4.757339295,76790400
8/8/1996,4.790805817,4.814712325,4.733430897,4.747774919,54379200
8/9/1996,4.762121677,4.800371651,4.738215736,4.771684171,44313600
8/12/1996,4.790805817,4.824274812,4.742993383,4.75255587,66187200
8/13/1996,4.723867893,4.814711798,4.719086942,4.781242807,72508800
8/14/1996,4.776463032,4.78602552,4.733431544,4.73821308,52032000
8/15/1996,4.786026478,4.809932411,4.757339008,4.771682451,35556800
8/16/1996,4.752558231,4.790808197,4.733433249,4.786027243,47598400
8/19/1996,4.723867893,4.747774399,4.676055465,4.738211913,43131200
8/20/1996,4.719089031,4.747776501,4.714307494,4.733432474,25678400
8/21/1996,4.723867893,4.723867893,4.656930494,4.685617951,49345600
8/22/1996,4.781245232,4.786026769,4.723870289,4.747776807,50236800
8/23/1996,4.714307785,4.781245218,4.714307785,4.776464265,44006400
8/26/1996,4.699962616,4.733431028,4.695181081,4.71908759,31944000
8/27/1996,4.771682739,4.771682739,4.704745306,4.709526843,28038400
8/28/1996,4.805151463,4.809932416,4.776463993,4.781244946,32070400
8/29/1996,4.747774601,4.790805496,4.728649629,4.790805496,34182400
8/30/1996,4.685618401,4.752555806,4.685618401,4.752555806,28088000
9/3/1996,4.719089031,4.719089031,4.613901643,4.666495045,48524800
9/4/1996,4.719089031,4.728651521,4.702354674,4.719089031,27126400
9/5/1996,4.647368908,4.695181345,4.647368908,4.695181345,40372800
9/6/1996,4.685618401,4.695180887,4.65214999,4.666493428,41921600
9/9/1996,4.776463032,4.781243984,4.676056616,4.685619104,41747200
9/10/1996,4.75733757,4.786025031,4.728650109,4.771681009,38904000
9/11/1996,4.786026478,4.800369921,4.728651539,4.740604651,36387200
9/12/1996,4.919900894,4.95336902,4.788416386,4.800369205,95944000
9/13/1996,5.010744095,5.025088412,4.929463524,4.95815099,80137600
9/16/1996,5.029870033,5.092026806,5.010745052,5.015526881,62409600
9/17/1996,5.120713711,5.149401179,5.058556945,5.082463753,75624000
9/18/1996,5.221119404,5.273713681,5.096807037,5.125494506,86049600
9/19/1996,5.268932819,5.288057802,5.192432887,5.221120362,75912000
9/20/1996,5.28327322,5.302398189,5.19721086,5.240241457,104849600
9/23/1996,5.268932819,5.28327714,5.21155787,5.264152157,46385600
9/24/1996,5.235462189,5.29283711,5.206774728,5.259367822,72520000
9/25/1996,5.187649727,5.273712109,5.17808724,5.259367795,44067200
9/26/1996,5.048996449,5.206778171,5.039433955,5.192433848,92604800
9/27/1996,5.139838696,5.173306825,5.020306993,5.068119441,98372800
9/30/1996,5.044212818,5.15896267,5.039430991,5.106368404,89574400
10/1/1996,5.053775787,5.120713207,5.005963345,5.039431471,69124800
10/2/1996,5.154180527,5.192430475,5.063337483,5.082462457,68760000
10/3/1996,5.125492573,5.168524344,5.111149427,5.154180031,58294400
10/4/1996,5.216338634,5.225901124,5.13505689,5.149401208,45166400
10/7/1996,5.259368896,5.283275702,5.197213302,5.21633828,42432000
10/8/1996,5.178087711,5.268930762,5.163743396,5.268930762,48465600
10/9/1996,5.144619942,5.206776714,5.096807489,5.201994885,64955200
10/10/1996,5.115932465,5.206776709,5.101589312,5.115932465,51739200
10/11/1996,5.245026588,5.24980725,5.135057365,5.149401684,36523200
10/14/1996,5.22590065,5.283275582,5.216338161,5.254588116,36091200
10/15/1996,5.311961174,5.321523659,5.254586262,5.307179348,61206400
10/16/1996,5.278492928,5.314352255,5.240242979,5.307180389,36427200
10/17/1996,5.182868958,5.316743801,5.182868958,5.288056335,49097600
10/18/1996,5.154180527,5.163743014,5.108758713,5.125493066,69646400
10/21/1996,5.125492573,5.201992462,5.1063676,5.154180031,71401600
10/22/1996,5.068119526,5.101588823,5.020307078,5.092026334,113806400
10/23/1996,5.144619942,5.154182432,5.039432545,5.072901846,67443200
10/24/1996,5.22590065,5.254588116,5.120713274,5.158963229,81417600
10/25/1996,5.218726635,5.273711512,5.206774111,5.225899083,53084800
10/28/1996,5.22590065,5.264150605,5.211556333,5.228290689,51240000
10/29/1996,5.178087711,5.254587613,5.158962736,5.235462638,66756800
10/30/1996,5.211556911,5.240244381,5.158963802,5.178088781,60526400
10/31/1996,5.249804497,5.254586323,5.206773896,5.216336381,37028800
11/1/1996,5.254588127,5.307181231,5.221118833,5.249806299,56531200
11/4/1996,5.278492928,5.292837242,5.230680492,5.249805466,36006400
11/5/1996,5.412365437,5.412365437,5.290443777,5.297615639,86417600
11/6/1996,5.527117729,5.527117729,5.393242905,5.40758722,71438400
11/7/1996,5.488868713,5.589275432,5.474525563,5.536681159,76742400
11/8/1996,5.488868713,5.488868713,5.412368801,5.484088053,67369600
11/11/1996,5.493649006,5.536679611,5.469742206,5.48408652,38593600
11/12/1996,5.42193079,5.579712428,5.412368302,5.507993183,81156800
11/13/1996,5.546242237,5.574929697,5.474524171,5.493649144,90409600
11/14/1996,5.723148823,5.723148823,5.555804723,5.555804723,114969600
11/15/1996,5.699242592,5.770961832,5.637087006,5.766180005,104041600
11/18/1996,5.75183773,5.804430836,5.684900307,5.713587774,98585600
11/19/1996,5.962211132,5.962211132,5.747054594,5.756617081,104739200
11/20/1996,5.86180687,6.043494195,5.86180687,5.966994268,123857600
11/21/1996,5.75183773,5.914400044,5.737493413,5.909618216,130718400
11/22/1996,5.756619453,5.83311938,5.713588829,5.766181944,94424000
11/25/1996,5.871365547,5.876147373,5.756615732,5.780522527,75129600
11/26/1996,5.880931854,5.943088628,5.828338738,5.890494345,108238400
11/27/1996,5.947869301,5.957431792,5.880931865,5.895276185,44446400
11/29/1996,6.000462055,6.010024544,5.947867785,5.947867785,17152000
12/2/1996,6.033929825,6.033929825,5.938304946,6.024367337,64502400
12/3/1996,5.916790009,6.10086792,5.91439997,6.057837304,77563200
12/4/1996,5.86180687,5.938306796,5.818776244,5.933526134,102542400
12/5/1996,5.85224247,5.943086687,5.809211859,5.866586785,74950400
12/6/1996,5.847459793,5.909615358,5.671150903,5.699240701,110238400
12/9/1996,6.253868103,6.263430592,5.966993419,5.995680888,94718400
12/10/1996,6.263428211,6.46902224,6.253865725,6.454677928,125725600
12/11/1996,6.378180027,6.397305005,6.129555318,6.19649274,113558400
12/12/1996,6.196490765,6.52161528,6.196490765,6.502490309,78272800
12/13/1996,6.119993687,6.272993529,6.061423435,6.206056098,74532000
12/16/1996,5.871365547,6.177365055,5.852240578,6.139115116,64883200
12/17/1996,6.110432625,6.12955761,5.842682838,5.861807823,68944800
12/18/1996,6.320805073,6.330367562,6.119992809,6.225180185,61796800
12/19/1996,6.492929935,6.512054913,6.349492603,6.425992513,94609600
12/20/1996,6.397304058,6.550303856,6.378179083,6.540741369,90414400
12/23/1996,6.406867981,6.483367897,6.339930554,6.43555545,36892800
12/24/1996,6.492929935,6.512054913,6.359055091,6.435555002,16246400
12/26/1996,6.540743351,6.588555802,6.51205588,6.52161837,27905600
12/27/1996,6.44511652,6.559866369,6.427186856,6.540741394,19079200
12/30/1996,6.387743473,6.550305807,6.387743473,6.531180826,27279200
12/31/1996,6.320805073,6.445117427,6.311242584,6.425992449,34367200
1/2/1997,6.244306087,6.35905597,6.177368656,6.35905597,54480800
1/3/1997,6.473804951,6.48336744,6.272992685,6.292117663,44131200
1/6/1997,6.454681873,6.521619315,6.359056957,6.473806857,55948000
1/7/1997,6.502488613,6.512051096,6.378176331,6.46423868,36880800
1/8/1997,6.378180027,6.520422048,6.359055049,6.502492381,50593600
1/9/1997,6.301680565,6.406867949,6.292118075,6.406867949,47763200
1/10/1997,6.44511652,6.454679007,6.244304284,6.272991746,66556800
1/13/1997,6.406867981,6.540742834,6.387743002,6.512055366,50361600
1/14/1997,6.531178951,6.626803826,6.445116564,6.445116564,63728000
1/15/1997,6.473804951,6.598117306,6.454679973,6.550304862,53058400
1/16/1997,6.57899332,6.665055733,6.502493398,6.502493398,58688000
1/17/1997,6.665053844,6.712866282,6.540741506,6.550303993,65368800
1/20/1997,6.942368031,7.104930367,6.626805847,6.655493319,146220800
1/21/1997,7.267490864,7.272272691,6.856303881,6.932803785,114592000
1/22/1997,7.449178696,7.535241094,7.238803944,7.277053899,129236800
1/23/1997,7.248365879,7.630865398,7.229240903,7.506553054,105048000
1/24/1997,7.33920908,7.477864552,7.219677413,7.277052333,89817600
1/27/1997,7.353555202,7.450375419,7.30574275,7.382242674,53263200
1/28/1997,7.315300465,7.554362571,7.248363075,7.525675119,64656800
1/29/1997,7.439616203,7.449178692,7.324866339,7.401366249,48933600
1/30/1997,7.736052513,7.745615001,7.496990322,7.516115297,79937600
1/31/1997,7.802986622,7.898611458,7.716924269,7.793424138,86516000
2/3/1997,7.831676483,7.909371686,7.736051618,7.850801456,60804800
2/4/1997,7.889050007,7.898612492,7.688237825,7.831675098,56464000
2/5/1997,7.525681496,7.917743683,7.410931587,7.889056206,110099200
2/6/1997,7.430055618,7.52568053,7.343993198,7.516118039,102122400
2/7/1997,7.678678513,7.688241001,7.45874127,7.525678692,62448000
2/10/1997,7.47786808,7.764742815,7.468305589,7.707367868,66804800
2/11/1997,7.53523922,7.544801706,7.277052089,7.516114247,88834400
2/12/1997,7.640431404,7.649993896,7.458744049,7.525681496,72001600
2/13/1997,7.649990559,7.736052952,7.602178118,7.688240511,58292000
2/14/1997,7.487426281,7.68823848,7.46830131,7.602176109,57395200
2/18/1997,7.449178696,7.48742865,7.363116297,7.468303673,52545600
2/19/1997,7.458742142,7.506554591,7.382242222,7.449179652,56383200
2/20/1997,7.286614895,7.458739656,7.277052408,7.410927222,75395200
2/21/1997,7.267490864,7.296178328,7.19099096,7.257928376,61131200
2/24/1997,7.659554482,7.669116971,7.190992472,7.210117452,68599200
2/25/1997,7.611740112,7.727685274,7.563927674,7.649990063,63941600
2/26/1997,7.669112206,7.67867469,7.525674945,7.611737301,48849600
2/27/1997,7.353555202,7.669117389,7.343992712,7.669117389,56628800
2/28/1997,7.458742142,7.525679571,7.300961642,7.353554753,78412000
3/3/1997,7.611740112,7.65955255,7.391802898,7.420490361,53874400
3/4/1997,7.583052635,7.659552536,7.544802685,7.592615123,63920800
3/5/1997,7.716929436,7.726491926,7.592617066,7.611742046,46393600
3/6/1997,7.47786808,7.716930359,7.476672769,7.707367868,57018400
3/7/1997,7.401367188,7.611741965,7.382242208,7.525679556,46032000
3/10/1997,7.649990559,7.659553047,7.339210276,7.43005333,45997600
3/11/1997,7.525681496,7.693025696,7.525681496,7.621306419,47577600
3/12/1997,7.554363251,7.611738161,7.47786337,7.47786337,43234400
3/13/1997,7.621304512,7.659554472,7.496992142,7.516117122,45505600
3/14/1997,7.573493481,7.669118398,7.563930989,7.630868431,61327200
3/17/1997,7.688240051,7.707365027,7.496990299,7.535240249,83958400
3/18/1997,7.621304512,7.71214875,7.563929572,7.697804432,59012000
3/19/1997,7.401367188,7.516117066,7.262711668,7.477867107,111560000
3/20/1997,7.34399271,7.477867577,7.296180258,7.391805163,81410400
3/21/1997,7.190992355,7.430054601,7.104929947,7.382242152,85829600
3/24/1997,6.894554138,7.152741325,6.70330437,7.12405386,186269600
3/25/1997,6.908899784,6.990180368,6.798930563,6.932805426,89701600
3/26/1997,7.21011591,7.238803373,6.932803759,6.942366247,81270400
3/27/1997,7.171864986,7.353552233,6.96149028,7.27705234,93919200
3/31/1997,7.014087677,7.229243139,6.980618375,7.124055739,93825600
4/1/1997,7.133618832,7.171868799,6.865869063,6.894556538,86680800
4/2/1997,7.037992477,7.162304845,6.961492559,7.104929906,63331200
4/3/1997,7.277056217,7.296181201,6.932806514,6.96149399,92252800
4/4/1997,7.205334187,7.401364577,7.1718649,7.1718649,94964000
4/7/1997,7.334427834,7.468302657,7.267490422,7.315302859,76511200
4/8/1997,7.516112328,7.516112328,7.305737682,7.391800037,53339200
4/9/1997,7.496990204,7.592615079,7.477865229,7.583052591,73762400
4/10/1997,7.401367188,7.477867107,7.305742288,7.477867107,67913600
4/11/1997,7.267490864,7.439615647,7.262710203,7.305740816,60033600
4/14/1997,7.449178696,7.449178696,7.143179057,7.248366433,59107200
4/15/1997,7.430055618,7.573492985,7.334430707,7.487430565,84440000
4/16/1997,7.516112328,7.535237295,7.363112586,7.391800037,42710400
4/17/1997,7.506552696,7.649990009,7.458740259,7.535240159,71720800
4/18/1997,8.23330307,8.23330307,7.879490975,7.955990888,231764000
4/21/1997,8.23330307,8.558427698,8.118553201,8.185490625,155695200
4/22/1997,8.462802887,8.477147204,8.223740659,8.233303148,82300000
4/23/1997,8.807053566,8.854866017,8.443678935,8.462803915,102814400
4/24/1997,8.730550766,9.01742538,8.625363407,8.921800509,118163200
4/25/1997,8.692300797,8.826175616,8.663613335,8.682738309,58566400
4/28/1997,8.78792572,8.802270035,8.539301053,8.701863336,67224000
4/29/1997,9.103487015,9.113049501,8.912237288,8.979174692,73953600
4/30/1997,9.294737816,9.380800203,9.055675629,9.074800604,90204000
5/1/1997,9.256484985,9.428609706,9.122610203,9.332984861,72325600
5/2/1997,9.237365723,9.447740511,9.098710196,9.332990627,96192000
5/5/1997,9.194335938,9.237366565,8.835741931,9.151304143,111063200
5/6/1997,8.974396706,9.160864662,8.902677453,9.132177194,74770400
5/7/1997,8.835738182,9.103487824,8.80705072,8.902675593,70532800
5/8/1997,8.902676582,9.036551418,8.8070517,8.816614188,53834400
5/9/1997,8.931363106,9.065237927,8.854863208,9.026987978,58392000
5/12/1997,9.036554337,9.065241811,8.950491914,8.98874188,42976000
5/13/1997,9.007863045,9.122612892,8.940925634,9.055675481,49813600
5/14/1997,8.86442852,9.074803307,8.84530354,9.055678326,60744800
5/15/1997,8.960056305,9.017431265,8.864431371,8.873993864,41861600
5/16/1997,8.830960274,8.950490817,8.787928484,8.902678367,59913600
5/19/1997,8.807053566,8.960053411,8.807053566,8.883553488,45632000
5/20/1997,9.113050461,9.122612948,8.816613352,8.864425789,64876800
5/21/1997,9.208674431,9.404705986,9.160861999,9.227799404,76620000
5/22/1997,9.227801323,9.30430123,9.160863904,9.256488788,33655200
5/23/1997,9.399924278,9.409486765,9.246924493,9.28517444,28904800
5/27/1997,9.686806679,9.744181644,9.361681874,9.390369357,69036000
5/28/1997,9.629423141,9.734610485,9.552923256,9.734610485,52241600
5/29/1997,9.629423141,9.873266528,9.562485741,9.734610485,51111200
5/30/1997,9.485991478,9.610303866,8.988741925,8.988741925,83337600
6/2/1997,9.51467514,9.600737529,9.419050265,9.562487578,38939200
6/3/1997,9.237365723,9.447740511,9.227803232,9.438178021,41995200
6/4/1997,9.117832184,9.352112538,9.046112946,9.227800204,54639200
6/5/1997,9.223020554,9.294738632,9.141738819,9.20030906,35892000
6/6/1997,9.490774155,9.509899139,9.256492511,9.285179987,35964000
6/9/1997,9.572052956,9.648552879,9.371240656,9.552927975,48200000
6/10/1997,9.548150063,9.72027494,9.466868287,9.572055712,53135200
6/11/1997,9.71548748,9.744174943,9.452519653,9.548144529,49056800
6/12/1997,9.71548748,9.801549869,9.59117514,9.696362505,44614400
6/13/1997,9.916300774,9.949769484,9.682020384,9.696363534,50116000
6/16/1997,10.05017662,10.05017662,9.858926828,9.916301765,40612800
6/17/1997,10.26533031,10.32270524,10.0119244,10.05973683,53191200
6/18/1997,9.959334373,10.21274038,9.949771882,10.1936154,55657600
6/19/1997,9.89239502,10.00236364,9.791988884,9.820676351,65519200
6/20/1997,9.935429573,10.05017948,9.830242157,9.897179604,64240000
6/23/1997,9.796768188,10.05973659,9.791986945,9.935424254,35724800
6/24/1997,10.10276985,10.1075511,9.82067642,9.906738823,39319200
6/25/1997,9.978458405,10.19361443,9.930645954,10.16492696,49576000
6/26/1997,9.81111145,10.00714243,9.78242399,9.954548752,37312000
6/27/1997,9.753740311,9.944990121,9.73461533,9.878052687,38198400
6/30/1997,9.667676926,9.849364227,9.653333775,9.7824268,38286400
7/1/1997,9.557705879,9.705923837,9.428611727,9.672455718,59377600
7/2/1997,9.820682526,9.830245021,9.490777026,9.610307632,53237600
7/3/1997,9.911519051,9.949769004,9.830237901,9.949769004,28764000
7/7/1997,9.906740189,10.07886502,9.897177698,9.992802603,39320000
7/8/1997,10.04061699,10.04539824,9.86371088,9.897179604,36007200
7/9/1997,10.00236702,10.14580441,9.906742096,10.13624191,48266400
7/10/1997,9.935429573,10.04061699,9.858929634,9.983242035,43780800
7/11/1997,9.925863266,10.0262694,9.825457135,9.964113221,38094400
7/14/1997,10.39920616,10.40398741,9.983237915,10.00714414,57424000
7/15/1997,10.59285164,10.65261722,10.45180487,10.56177354,75503200
7/16/1997,11.3554554,11.43673655,10.70998741,10.89167469,111217600
7/17/1997,11.43674088,11.5323658,11.20724106,11.51324081,131668000
7/18/1997,10.74823952,11.2741765,10.70998955,11.09248918,158927200
7/21/1997,10.39920616,10.78648694,10.23186261,10.77692445,127223200
7/22/1997,11.02555275,11.07814645,10.46136575,10.47092824,101384000
7/23/1997,10.81995869,11.23592705,10.78648997,11.11161467,95556000
7/24/1997,10.55698586,10.73867311,10.3752986,10.58567332,141855200
7/25/1997,10.59523964,10.88211436,10.49961473,10.59523964,90308800
7/28/1997,10.48049355,10.66218093,10.3848686,10.65261844,56404000
7/29/1997,10.70520592,10.71476841,10.41355002,10.46136246,79061600
7/30/1997,10.79605198,10.86298941,10.68130209,10.76736451,78324000
7/31/1997,10.81517506,10.87254999,10.7769251,10.8629875,42240800
8/1/1997,10.75779819,10.84864182,10.64782959,10.81517312,58912800
8/4/1997,10.82951641,10.86298511,10.66695413,10.7291103,46312800
8/5/1997,10.96339226,11.0446734,10.86298614,10.88211111,59333600
8/6/1997,10.97295475,11.06379838,10.88211112,10.96339226,43410400
8/7/1997,11.01120472,11.04467343,10.86298616,11.03989218,43947200
8/8/1997,10.70998955,10.94905181,10.70998955,10.92514559,66815200
8/11/1997,10.57611179,10.7291116,10.43267447,10.70998663,72696000
8/12/1997,10.40398788,10.69086255,10.38964415,10.66217508,60887200
8/13/1997,10.40877056,10.57611414,10.30836441,10.56655165,66731200
8/14/1997,10.42311382,10.46136378,10.2605515,10.40398884,45900800
8/15/1997,10.16492558,10.40398779,10.15536309,10.36573784,51078400
8/18/1997,10.24142647,10.24142647,10.0214892,10.17448904,69969600
8/19/1997,10.61914444,10.63348817,10.29880105,10.30836354,91013600
8/20/1997,10.75301361,10.7625761,10.48048281,10.63348256,51433600
8/21/1997,10.54742527,10.89167487,10.5187378,10.83429994,64412000
8/22/1997,10.49960899,10.51873396,10.26054686,10.34660923,72161600
8/25/1997,10.44223881,10.6334886,10.37530138,10.54742619,38856800
8/26/1997,10.32748985,10.47092721,10.30836487,10.40398978,34327200
8/27/1997,10.29401875,10.35139368,10.17448764,10.34661243,49371200
8/28/1997,10.10276985,10.23186346,10.09798861,10.21273848,43641600
8/29/1997,10.1123333,10.24142691,10.07886458,10.10277081,37857600
9/2/1997,10.49482632,10.51873253,10.1744831,10.18404558,50112800
9/3/1997,10.44702053,10.6239266,10.41833306,10.5283017,42872800
9/4/1997,10.57133389,10.59524011,10.38486531,10.40399029,44476000
9/5/1997,10.50439072,10.68607795,10.42310959,10.63826552,48398400
9/8/1997,10.65738869,10.69563862,10.53785763,10.53785763,42416000
9/9/1997,10.67173767,10.7291126,10.58567527,10.65261269,39465600
9/10/1997,10.33705044,10.64305008,10.33226919,10.6239251,53294400
9/11/1997,10.46614647,10.50917768,10.164928,10.32749035,61779200
9/12/1997,10.55220699,10.58567571,10.37530094,10.47092583,48576000
9/15/1997,9.997581482,10.49961212,9.992800238,10.37529977,129003200
9/16/1997,10.43267632,10.48048876,10.02148926,10.07886419,102538400
9/17/1997,10.18883133,10.46136225,10.14580013,10.45179976,61609600
9/18/1997,10.11711311,10.33705035,10.05495694,10.27011293,61077600
9/19/1997,10.34183216,10.34661341,10.09798868,10.11711366,77435200
9/22/1997,10.19839954,10.39443066,10.18883705,10.32749321,43251200
9/23/1997,10.36573792,10.36573792,10.18405063,10.21751934,39946400
9/24/1997,10.13145828,10.4087705,10.10755206,10.37530178,60040000
9/25/1997,10.15536213,10.2605495,10.10276845,10.16492462,39272000
9/26/1997,10.20317364,10.2318611,10.06929882,10.22229861,36652000
9/29/1997,10.28923988,10.30836486,10.16492751,10.21273996,27505600
9/30/1997,10.12189484,10.38486329,10.11711359,10.28445715,43892800
10/1/1997,10.24142647,10.28923892,10.05017667,10.13623908,61466400
10/2/1997,10.18883133,10.29879995,10.15536262,10.23186253,28831200
10/3/1997,10.32270527,10.42311139,10.20317417,10.32270527,60284800
10/6/1997,10.33705044,10.42311284,10.27011302,10.39442537,41776800
10/7/1997,10.44702053,10.53308294,10.29880193,10.3274894,54548800
10/8/1997,10.63349056,10.63827181,10.42311575,10.45180322,71196800
10/9/1997,10.62870693,10.68130062,10.56655075,10.59523822,34672800
10/10/1997,10.44223881,10.61436362,10.42311383,10.58089491,24893600
10/13/1997,10.46136665,10.54742908,10.44702291,10.48049164,19051200
10/14/1997,10.45658302,10.50917672,10.35617688,10.49005174,33361600
10/15/1997,10.38486099,10.40398597,10.31792358,10.38486099,45003200
10/16/1997,10.24381542,10.45179954,10.11711245,10.41354959,47327200
10/17/1997,10.11711311,10.2988004,9.973675782,10.18405053,87720000
10/20/1997,10.14579964,10.34661188,9.753737634,10.1744871,154052800
10/21/1997,10.59523964,10.65141927,10.35139613,10.41355232,115682400
10/22/1997,10.38007927,10.59523522,10.35617305,10.58567273,55775200
10/23/1997,10.37529755,10.49960987,10.09798545,10.09798545,66413600
10/24/1997,10.35617447,10.49961179,10.19361217,10.47092432,70030400
10/27/1997,9.858922958,10.42310963,9.839797987,10.31792228,96795200
10/28/1997,10.20317364,10.32748597,9.447737164,10.11711125,160057600
10/29/1997,10.0119276,10.33227104,9.954552661,10.23186489,85532800
10/30/1997,9.839800835,10.05017559,9.830238346,9.906738255,72097600
10/31/1997,9.944983482,10.05973329,9.91629603,10.02148336,46808800
11/3/1997,10.26055527,10.27011776,10.04539917,10.0693054,67714400
11/4/1997,10.27011395,10.32270764,10.18883278,10.25098897,49134400
11/5/1997,10.21751976,10.29880092,10.1362386,10.28923843,42512800
11/6/1997,10.10276985,10.21273848,10.07886363,10.1936135,40266400
11/7/1997,10.0645237,10.09799242,9.935430044,9.949773783,63628800
11/10/1997,9.959334373,10.13624046,9.925865655,10.06930302,36764800
11/11/1997,9.99280262,10.05495881,9.897177714,9.978458884,37013600
11/12/1997,9.882831573,10.02148765,9.868487841,9.954550235,45784000
11/13/1997,10.0645237,10.06930494,9.882836333,9.949773783,60094400
11/14/1997,10.19839954,10.24143077,10.05018089,10.06930588,46663200
11/17/1997,10.31792545,10.38964412,10.20795683,10.28923799,60094400
11/18/1997,10.25098515,10.36573498,10.23186017,10.32270379,36683200
11/19/1997,10.33226585,10.3370471,10.2031723,10.22229727,31720800
11/20/1997,10.47092342,10.4900484,10.31792363,10.34661109,53680800
11/21/1997,10.54742527,10.55698776,10.4326754,10.54264403,68220800
11/24/1997,10.36573792,10.56655018,10.36573792,10.49005027,39084000
11/25/1997,10.63349056,10.65261555,10.38486578,10.39442827,56463200
11/26/1997,10.82951641,10.85342263,10.57611051,10.63348543,63053600
11/28/1997,10.82473087,10.88210577,10.79604342,10.80560591,17392800
12/1/1997,11.001647,11.01599073,10.83430339,10.85820962,49006400
12/2/1997,10.8821106,11.08292283,10.86298562,10.98251671,50167200
12/3/1997,11.06858253,11.09727001,10.78648907,10.83908277,57712000
12/4/1997,10.90602016,11.15942616,10.88211394,11.07336374,62630400
12/5/1997,10.9490509,11.07336327,10.87255098,10.87255098,48136000
12/8/1997,11.17854595,11.2167959,10.94904629,10.97773375,49952800
12/9/1997,11.0398941,11.12117526,10.97773792,11.0924878,51782400
12/10/1997,10.8821106,10.95861049,10.78648572,10.8821106,66434400
12/11/1997,10.63826847,10.78648704,10.62392474,10.7386746,70189600
12/12/1997,10.46136665,10.59524155,10.4039917,10.53786659,54308000
12/15/1997,10.41355038,10.4804878,10.17448816,10.4374566,84305600
12/16/1997,10.63826847,10.7386746,10.32748759,10.39442501,65401600
12/17/1997,10.37529755,10.73867202,10.36573506,10.70042208,51472000
12/18/1997,10.0119276,10.30836481,9.973677642,10.28923983,98774400
12/19/1997,9.844582558,9.959332427,9.65811402,9.849363802,138065600
12/22/1997,9.71548748,9.944987184,9.629425091,9.878049771,59063200
12/23/1997,9.433392525,9.811110118,9.409485727,9.72026709,67195200
12/24/1997,9.098711967,9.476429828,9.026992692,9.466867336,88411200
12/26/1997,9.237365723,9.237365723,9.084365876,9.093928367,32388800
12/29/1997,9.662900925,9.696369071,9.342556787,9.361681775,67815200
12/30/1997,9.964115143,10.02149009,9.658115446,9.672459765,77864800
12/31/1997,9.887611389,10.05973615,9.868486415,10.0214862,46147200
1/2/1998,10.03105068,10.05973815,9.906738329,9.916300817,39748000
1/5/1998,9.973678589,10.22230337,9.78242876,10.04061603,80377600
1/6/1998,10.03105068,10.17448801,9.887613351,9.925863306,67834400
1/7/1998,9.911519051,10.0358314,9.753737995,9.935425271,61492800
1/8/1998,9.983242035,10.10755444,9.753742218,9.839804649,77619200
1/9/1998,9.71548748,10.05973704,9.629425091,9.949768428,87534400
1/12/1998,9.906740189,9.944990151,9.514678077,9.533803058,78393600
1/13/1998,10.10755062,10.11711311,9.801550981,9.906738357,66945600
1/14/1998,10.03105068,10.13623806,9.887613351,10.10755059,54774400
1/15/1998,10.12189484,10.17448853,9.935426297,9.973676254,50622400
1/16/1998,10.34661102,10.35617351,10.12189258,10.12667382,72943200
1/20/1998,10.54263878,10.5569825,10.25098301,10.2605455,64956000
1/21/1998,10.48049355,10.59046223,10.37530611,10.49961853,85567200
1/22/1998,10.60480213,10.70042704,10.35139613,10.37052111,159139200
1/23/1998,10.57611179,10.66695543,10.457776,10.61436175,63312000
1/26/1998,10.84386158,10.85342407,10.59165095,10.70042426,74277600
1/27/1998,11.1068325,11.1594262,10.82952029,10.89167647,97540800
1/28/1998,11.39848518,11.43673513,11.13073553,11.18811046,79387200
1/29/1998,11.34111309,11.48455044,11.28373815,11.39370679,73571200
1/30/1998,11.41283321,11.47498941,11.29330207,11.369802,50071200
2/2/1998,11.84792328,11.86704826,11.51323618,11.60886107,98397600
2/3/1998,11.92442131,11.94354628,11.76664027,11.86704639,61374400
2/4/1998,11.99614525,12.08698892,11.86227037,11.92442656,61940800
2/5/1998,11.89095783,12.14436385,11.83836413,12.09655139,67014400
2/6/1998,12.09654808,12.10611057,11.86704835,11.88617333,50070400
2/9/1998,12.02482891,12.1539225,11.90529781,12.14436001,54681600
2/10/1998,12.18260956,12.20173453,11.9913598,12.02960975,48099200
2/11/1998,12.15870667,12.24476908,12.01526931,12.19217538,76460000
2/12/1998,12.14435959,12.15870332,11.96745356,12.09176591,76658400
2/13/1998,12.04873848,12.14436339,12.03917599,12.1348009,42203200
2/17/1998,11.80967331,12.12523543,11.77142336,12.12523543,85673600
2/18/1998,11.82879639,11.93398374,11.76185898,11.82879639,76608800
2/19/1998,11.84792328,11.93876692,11.80011084,11.89573572,73773600
2/20/1998,11.86704636,11.91485879,11.69492159,11.89573382,86092000
2/23/1998,12.48861217,12.49817467,12.14436253,12.38342478,120803600
2/24/1998,12.56510925,12.99542121,12.5268593,12.75635901,118302000
2/25/1998,12.99542618,13.00498867,12.70855143,12.76592638,94944400
2/26/1998,13.0814867,13.11017417,12.91892437,13.0814867,61388000
2/27/1998,12.96673393,13.1579837,12.93804647,13.09104628,47532400
3/2/1998,12.74680233,13.13886452,12.70855236,13.13886452,50093600
3/3/1998,12.92848682,12.93804931,12.63204963,12.64161212,50753600
3/4/1998,12.59379959,12.82329936,12.47904971,12.61292457,71513600
3/5/1998,12.24954414,12.45991883,12.12523183,12.12523183,92255600
3/6/1998,12.66073799,12.66073799,12.27823835,12.28780085,51404800
3/9/1998,12.1778307,12.62248647,12.16348696,12.62248647,52256000
3/10/1998,12.46948624,12.46948624,12.230424,12.42167379,47406400
3/11/1998,12.34517479,12.54598708,12.20173744,12.54598708,39838800
3/12/1998,12.52685642,12.64160625,12.36429416,12.62248128,47962000
3/13/1998,12.60336113,12.69898602,12.47904877,12.61292362,32542400
3/16/1998,12.54598618,12.66073605,12.45036128,12.6129236,27979600
3/17/1998,12.29736328,12.49817559,12.19217588,12.49817559,53842400
3/18/1998,12.50773621,12.5172987,12.22086152,12.24954899,33887600
3/19/1998,12.54598618,12.59379862,12.4312363,12.46948626,30299200
3/20/1998,12.51730251,12.69898987,12.31649017,12.56511497,56310000
3/23/1998,12.83286858,12.94761852,12.40255629,12.42168128,55050000
3/24/1998,12.99542618,13.01455116,12.76592638,12.88067628,32281600
3/25/1998,13.58829594,13.91342054,13.34923373,13.84648312,124244800
3/26/1998,13.50223255,13.70304479,13.3874827,13.5404825,45441200
3/27/1998,13.43529987,13.67436215,13.39704991,13.67436215,38924000
3/30/1998,13.45442104,13.55960841,13.3301087,13.47354602,27463200
3/31/1998,13.69348621,13.73173618,13.54048637,13.55961135,38177200
4/1/1998,13.8273592,13.86560916,13.54048453,13.7412968,36835600
4/2/1998,13.97079563,14.06642052,13.7508584,13.87517075,41414800
4/3/1998,14.22897625,14.23853873,13.99947663,14.07597651,40987600
4/6/1998,13.76042366,14.17161075,13.62654879,14.17161075,74232000
4/7/1998,13.34923744,13.86561196,13.27273751,13.66479965,62630800
4/8/1998,13.60741901,13.6169815,13.25360699,13.27273197,36793200
4/9/1998,13.61698627,13.71261118,13.38748651,13.45442394,33619200
4/13/1998,13.55960751,13.61698243,13.27273288,13.58829497,33156400
4/14/1998,13.53092766,13.70305253,13.38749026,13.56917763,28476800
4/15/1998,13.98036385,13.98036385,13.59786415,13.65523911,40498400
4/16/1998,14.02817345,14.08554839,13.79867368,13.82736115,39695600
4/17/1998,14.09511089,14.11423587,13.81779867,13.99948599,37402800
4/20/1998,14.47760677,14.5349817,14.10466974,14.13335721,45535200
4/21/1998,14.51586151,14.53498649,14.24811176,14.48717404,51938400
4/22/1998,15.12785625,15.16610621,14.63060687,14.6879818,80154000
4/23/1998,14.45848465,14.89835918,14.40350033,14.8792342,64215200
4/24/1998,14.09511089,14.49673549,14.05686093,14.30548568,51436000
4/27/1998,13.81779766,13.85126637,13.54048546,13.69348529,58752000
4/28/1998,13.75085735,14.11423189,13.61937315,14.09510691,56668000
4/29/1998,13.84649086,13.99949076,13.71261595,13.7795534,50061600
4/30/1998,13.78910828,14.018608,13.72217086,13.99948302,54473600
5/1/1998,13.71261024,13.8464851,13.48311049,13.79867265,35996000
5/4/1998,13.47354698,13.75085916,13.454422,13.64567178,37899600
5/5/1998,13.42573166,13.70304378,13.31098182,13.40660669,50828000
5/6/1998,13.2153635,13.38748835,13.15798855,13.38748835,48110800
5/7/1998,12.75636005,13.19623454,12.72767259,13.18667205,78022000
5/8/1998,13.11973667,13.17711161,12.52686227,12.52686227,96274800
5/11/1998,12.89023304,13.18667015,12.86154558,13.17710766,51474400
5/12/1998,13.11017513,13.11973762,12.73723798,12.73723798,64147200
5/13/1998,13.30142403,13.57873625,13.23448659,13.56917376,80680400
5/14/1998,13.60741901,13.92298109,13.12929466,13.13885715,94774400
5/15/1998,13.68392277,13.79867264,13.57873538,13.78911015,48150800
5/18/1998,13.16753578,13.23447315,12.92847377,12.92847377,80395600
5/19/1998,13.23448753,13.30142497,13.09105017,13.12930013,52234400
5/20/1998,13.11973667,13.2918615,13.06236173,13.17711161,35698800
5/21/1998,13.2153635,13.36836337,13.08148862,13.12930108,36680000
5/22/1998,13.09104729,13.27273458,13.07192231,13.2536096,36129200
5/26/1998,12.79460812,13.1866701,12.77548314,13.05279528,44473600
5/27/1998,13.15798664,13.17711162,12.67986213,12.67986213,58574400
5/28/1998,13.20579433,13.21535682,13.0145446,13.11973195,30746800
5/29/1998,12.97630215,13.23448944,12.96673965,13.21536446,34091200
6/1/1998,12.81373596,12.94522019,12.71811107,12.83286094,42436800
6/2/1998,13.0814867,13.14842413,12.83286195,12.86154943,38570800
6/3/1998,12.89979744,13.22492206,12.87110997,13.13885966,36010800
6/4/1998,13.16753578,13.17709826,12.79459904,12.95716121,33717600
6/5/1998,13.19623756,13.23448753,12.96673778,13.13886262,34431600
6/8/1998,13.11017513,13.20580004,13.00498773,13.10061264,18886400
6/9/1998,13.32054901,13.39704893,13.04323679,13.05279928,35690400
6/10/1998,13.15798664,13.52136127,13.13886166,13.25361154,33290400
6/11/1998,13.05279827,13.33011047,13.0241108,13.22492308,41271200
6/12/1998,13.11973667,13.17711161,12.85198694,12.98586181,41323600
6/15/1998,13.1484251,13.3587999,12.9380503,12.95717528,42846000
6/16/1998,13.75085735,13.76041984,13.08148321,13.20579555,61138400
6/17/1998,13.93254566,14.13335792,13.7317334,13.76042087,76147600
6/18/1998,13.95166969,14.03773208,13.82735735,13.89429477,39228400
6/19/1998,14.4871788,14.4967413,14.1524915,14.20986647,91226800
6/22/1998,14.65929413,14.6784191,14.33416954,14.49673183,48969600
6/23/1998,15.41472912,15.43385409,14.57323026,14.65929264,124675200
6/24/1998,16.05541611,16.08410357,15.29041713,15.55816677,105724800
6/25/1998,15.5390501,16.35186195,15.51036263,16.19886208,88969600
6/26/1998,15.97891712,16.00760459,15.6059801,15.64423005,55680400
6/29/1998,16.4379158,16.47616575,16.10322874,16.14147869,65906000
6/30/1998,16.58135223,16.61003969,16.00760302,16.10322789,77010000
7/1/1998,16.73435593,16.8491058,16.39966881,16.69610597,53470400
7/2/1998,16.40923119,16.69610586,16.39010621,16.64829341,27321200
7/6/1998,16.49529076,16.53354071,16.12235375,16.35185345,35307600
7/7/1998,16.51442337,16.61004829,16.29448606,16.49529839,32422800
7/8/1998,16.81085968,16.84910965,16.33273512,16.54310992,41553600
7/9/1998,16.98297882,17.13597863,16.79172906,16.82997901,43690000
7/10/1998,17.31766319,17.32722568,16.8108514,17.00210114,45396800
7/13/1998,17.98704147,18.09222885,17.38460468,17.46110459,69223200
7/14/1998,17.82448769,18.16873745,17.67148779,18.0922375,56972400
7/15/1998,17.95834923,18.05397409,17.69059961,17.74797453,48690000
7/16/1998,17.95834923,18.1878489,17.84359939,18.06353658,65125200
7/17/1998,18.04442596,18.3026133,17.73842616,17.97748851,83108400
7/20/1998,17.90097427,18.28347372,17.87228681,18.08266151,45794800
7/21/1998,17.26029778,18.20698447,17.21248532,17.88185975,74605200
7/22/1998,17.86272621,17.93922611,17.1168522,17.13597718,71654400
7/23/1998,17.28898621,17.97748566,17.28898621,17.7957983,51029600
7/24/1998,17.41329575,17.69060798,17.21248344,17.40373326,60366400
7/27/1998,17.86272621,17.86272621,16.93516495,17.30810195,58998000
7/28/1998,17.17423058,17.88185478,17.13598062,17.74797993,78378400
7/29/1998,16.93516922,17.48023113,16.83954432,17.3272313,59738000
7/30/1998,17.35591888,17.38460635,16.94473183,17.12641913,72746400
7/31/1998,16.8204155,17.36786791,16.8204155,17.2794149,53705200
8/3/1998,16.59091759,16.96385464,16.42835528,16.69610496,73566400
8/4/1998,15.98848343,16.77260762,15.94067098,16.61960777,91412000
8/5/1998,15.95979691,16.25623412,15.52948483,15.93110943,120208800
8/6/1998,16.35186005,16.36142254,15.8546105,15.87373548,68308000
8/7/1998,16.19885254,16.44747719,16.07454021,16.43791471,54972400
8/10/1998,15.97891712,16.26579176,15.97891712,16.18929185,46763200
8/11/1998,15.82591057,15.96934782,15.60597344,15.73984821,60976400
8/12/1998,16.07453918,16.09366416,15.75897714,15.95978935,53760000
8/13/1998,15.90241909,16.21798122,15.87373162,15.93110656,51193200
8/14/1998,15.95023251,16.07454487,15.83548263,16.01716993,29566400
8/17/1998,16.41879463,16.42835712,15.75898285,15.83548277,54073200
8/18/1998,17.0212326,17.10729502,16.42835821,16.50485813,70591200
8/19/1998,16.91604424,17.25073137,16.86823179,17.17423146,55709600
8/20/1998,17.22203827,17.25072573,16.78216389,16.84910129,49970400
8/21/1998,16.92560577,17.11685556,16.6387311,17.00210569,59523600
8/24/1998,16.8873539,17.13597859,16.82997897,16.87779141,26319200
8/25/1998,17.26029778,17.39417266,17.0021105,17.04036046,58026800
8/26/1998,17.22203827,17.40372551,16.96385113,17.02122605,44804400
8/27/1998,16.71522713,17.25072639,16.60047728,16.91603935,74874000
8/28/1998,16.10323524,16.77260963,16.02673531,16.56223482,72730000
8/31/1998,14.67841625,16.29447641,14.64972879,16.04585177,132690400
9/1/1998,15.49123001,15.56772991,14.45848134,14.5732312,140112400
9/2/1998,15.38604736,15.95023431,15.33823491,15.57729718,63438400
9/3/1998,15.18523502,15.4147348,15.05136016,15.1087351,67506800
9/4/1998,14.78361416,15.33823875,14.70711421,15.25217632,50890400
9/8/1998,15.60120106,15.61554479,15.15654531,15.29998265,60625600
9/9/1998,15.64422894,15.97891598,15.54860406,15.64422894,65480800
9/10/1998,15.41472912,15.47210404,15.09916705,15.29997927,60758000
9/11/1998,15.95023251,16.00760744,15.3191082,15.47210803,58989200
9/14/1998,16.21797562,16.38053787,16.04585088,16.05541336,45086800
9/15/1998,16.57178879,16.59091376,16.08410199,16.19885182,49367600
9/16/1998,16.55266762,16.60048006,16.2371055,16.50485518,42886800
9/17/1998,16.05541611,16.29447829,16.03629113,16.11279103,45178400
9/18/1998,16.12236404,16.25623895,15.95980165,16.17973901,47361600
9/21/1998,16.5048542,16.53354167,15.66335526,15.68248024,45872000
9/22/1998,16.70567131,16.81085871,16.33273417,16.59092142,43082000
9/23/1998,17.38460159,17.42285154,16.60047765,16.77260242,65263600
9/24/1998,16.84910583,17.53760505,16.67698103,17.30810531,63521600
9/25/1998,17.29854393,17.30810642,16.61960716,16.69610708,47878400
9/28/1998,17.03079605,17.4993581,16.79173378,17.2889833,41405200
9/29/1998,17.26985741,17.44198223,17.04035764,17.10729507,48743200
9/30/1998,16.83953667,17.37503585,16.83475542,17.18378614,38875600
10/1/1998,15.92153835,16.75347459,15.91197587,16.53353742,65442400
10/2/1998,15.93110561,16.09366792,15.4529812,15.81635575,65889600
10/5/1998,15.48166466,15.73985178,14.76447822,15.68247686,114937600
10/6/1998,14.93660927,15.8546083,14.89835931,15.68248348,76550000
10/7/1998,14.40110874,15.26173277,14.28635887,14.89835818,90710400
10/8/1998,13.95166969,14.05685706,13.42573286,13.85604482,144719200
10/9/1998,14.82184982,14.84097479,14.11422602,14.25766328,72661600
10/12/1998,15.26173115,15.45298091,15.07048138,15.18523124,51502800
10/13/1998,14.75491905,15.26173092,14.64973168,15.22348097,47995600
10/14/1998,15.3286705,15.5103578,14.66885873,14.66885873,62403200
10/15/1998,16.13191986,16.16060733,15.24260833,15.31910825,66253600
10/16/1998,16.07453918,16.29447637,15.91197692,16.21797648,68620000
10/19/1998,15.74942207,15.94067189,15.47210984,15.9311094,60177600
10/20/1998,15.33822441,15.81634861,15.24259957,15.79722365,94368400
10/21/1998,16.28492546,16.35186291,15.76855084,16.04586314,125377200
10/22/1998,16.82997704,16.84910201,16.10322803,16.21797787,81910800
10/23/1998,16.27535439,16.82997868,16.24666692,16.67697888,59882000
10/26/1998,16.38054466,16.52398201,16.17016989,16.3422947,59678400
10/27/1998,16.13191986,16.50485695,16.06498243,16.48573197,65434800
10/28/1998,16.17016983,16.31360717,16.04585747,16.04585747,56808400
10/29/1998,16.31360817,16.44748303,16.13192086,16.13192086,52402800
10/30/1998,16.19885254,16.55266455,16.0841027,16.40922725,59322800
11/2/1998,16.18929672,16.35185906,16.06498434,16.27535914,48388400
11/3/1998,16.09367371,16.30404853,16.02673626,16.14148617,36546800
11/4/1998,16.14147758,16.4187897,16.04585272,16.18929002,67459600
11/5/1998,16.27535439,16.46660414,16.1032296,16.11279209,76727200
11/6/1998,16.72478676,16.79172416,16.20841255,16.22753752,74461200
11/9/1998,16.93516922,17.04035661,16.64829453,16.70566947,68956800
11/10/1998,17.14555168,17.35592655,16.83955187,16.84911437,72075600
11/11/1998,16.99254417,17.55673107,16.96385671,17.35591878,63899200
11/12/1998,16.63873482,17.00210949,16.60048485,16.86823461,38526800
11/13/1998,16.82997704,16.90647693,16.58135237,16.59091486,28368800
11/16/1998,16.64829636,17.09773342,16.44748405,17.03079599,42620400
11/17/1998,17.11685371,17.19335362,16.66741677,16.67697926,58744000
11/18/1998,16.79173088,16.99254315,16.69610599,16.76304341,41691200
11/19/1998,17.09773445,17.21248435,16.68654733,16.68654733,45220800
11/20/1998,17.38460159,17.40372657,17.02122708,17.25072677,48405200
11/23/1998,18.23566246,18.38866225,17.21247637,17.21247637,110870400
11/24/1998,18.61817551,19.13455017,18.14961331,18.1591758,101114800
11/25/1998,19.01023293,19.02935791,18.47473341,18.77117064,41394000
11/27/1998,19.59353638,19.60309886,19.01978714,19.14409948,26335600
11/30/1998,18.66597939,19.93061861,18.6564169,19.79435314,70900000
12/1/1998,19.81348038,19.85173034,18.3791068,18.39823178,86330800
12/2/1998,19.39272499,19.8517244,19.20147524,19.76566201,65759600
12/3/1998,18.68510437,19.72741572,18.66597939,19.41185357,51426800
12/4/1998,19.48835754,19.48835754,18.97198301,19.11542038,44352000
12/7/1998,20.43503952,20.46372699,19.39272819,19.53616553,89809200
12/8/1998,20.07166862,20.54023068,19.85173133,20.32985588,77585200
12/9/1998,20.44460297,20.47329044,19.88997856,20.21510321,44781600
12/10/1998,20.12904739,20.59760954,20.10035992,20.36810971,57015600
12/11/1998,20.50197029,20.60715764,20.00472101,20.04297096,51728800
12/14/1998,19.57441711,20.46372869,19.53616715,20.31072885,64077600
12/15/1998,20.17684937,20.19597434,19.77522488,19.78478736,51719600
12/16/1998,20.46372986,20.67410465,19.75610555,20.27248005,60024000
12/17/1998,20.55935097,20.63585088,20.23422635,20.5306635,46963600
12/18/1998,21.08527756,21.15221495,20.52109099,20.65496577,59648000
12/21/1998,21.48690987,21.75465952,21.0757229,21.20959772,48112000
12/22/1998,21.18091583,21.49647801,21.0183535,21.49647801,41350000
12/23/1998,21.9650383,22.00328826,21.32435151,21.47735134,34940000
12/24/1998,21.68772316,22.03197273,21.64947321,21.9745978,13832400
12/28/1998,21.78334999,21.97459977,21.64947514,21.87897488,23636400
12/29/1998,21.49647903,21.81204123,21.36260416,21.81204123,29651600
12/30/1998,21.26698112,21.93396491,21.24785614,21.55385587,34942800
12/31/1998,21.21916008,21.41997232,21.11397272,21.29565998,23834400
1/4/1999,21.57297707,22.22322637,21.32435233,21.36021167,69305200
1/5/1999,22.41447067,22.64397037,21.63990919,21.7068466,64281600
1/6/1999,23.14122581,23.17947577,22.45272653,22.87347609,69064800
1/7/1999,23.02647781,23.0456028,22.68222815,22.91172792,51150400
1/8/1999,22.93085098,23.33247556,22.49097644,23.28466311,50244800
1/11/1999,22.56747818,23.09341517,22.07022866,23.08385268,46463200
1/12/1999,21.75466537,22.66310195,21.57297806,22.66310195,57907200
1/13/1999,22.00329399,22.60573098,20.8079825,20.8079825,75346000
1/14/1999,21.68772316,22.27103494,21.64947321,22.2232225,59214000
1/15/1999,22.91173172,22.94998169,21.63035774,21.86942005,59344000
1/19/1999,23.81059265,24.23134208,23.08384364,23.16034353,102741600
1/20/1999,24.88160133,25.66572559,24.86008573,25.54141321,125481200
1/21/1999,24.22178459,24.98678371,24.13572219,24.74772149,80077200
1/22/1999,23.9062233,24.51583199,23.75322347,23.8105984,82160000
1/25/1999,24.7668457,24.98678294,24.3460962,24.73815824,103076400
1/26/1999,26.24903107,26.27771853,25.16846986,25.32146968,120203200
1/27/1999,25.79959488,26.68890634,25.7804699,26.39246919,98048000
1/28/1999,26.62197495,26.63153744,25.98128805,26.27772527,78838400
1/29/1999,26.77497292,26.7940979,26.14384855,26.73672295,79571600
2/1/1999,26.45940781,26.91840729,26.13428317,26.84190738,81729200
2/2/1999,25.64659691,26.40203358,25.43622214,26.39247109,91965600
2/3/1999,25.52227974,25.99084164,25.3979674,25.45534233,73749200
2/4/1999,24.33652687,25.76133728,24.30783941,25.72308734,89151600
2/5/1999,24.47997475,24.72859949,23.69585056,24.51822471,127945200
2/8/1999,25.28322029,25.33103273,24.72859594,24.87203327,109866800
2/9/1999,24.48954201,25.51272865,24.44172955,25.23541638,77293600
2/10/1999,24.57558632,25.14933542,24.2695868,24.4608365,73694000
2/11/1999,24.90072441,25.07284923,24.53734978,24.90072441,60366000
2/12/1999,24.1357193,25.04415564,24.04009442,24.73815603,62930400
2/16/1999,23.9062233,24.46084768,23.64803609,24.4417227,73666800
2/17/1999,22.94997215,23.58109639,22.72047243,23.39940911,101215600
2/18/1999,22.29972839,23.16035256,22.02958803,23.09341512,117035200
2/19/1999,22.60572243,22.83522215,22.2997228,22.55790999,73085600
2/22/1999,22.76828766,22.79697513,22.14672584,22.68222525,92514400
2/23/1999,23.78191566,23.81060314,23.02647886,23.39941602,95106800
2/24/1999,23.38983536,24.38433367,23.37071039,23.93489693,67696800
2/25/1999,23.48546219,23.52371213,22.89258814,23.31333747,70817200
2/26/1999,22.96910286,23.33247751,22.87347795,23.31335253,59273200
3/1/1999,23.21772385,23.34203621,22.87347423,22.88303672,58332000
3/2/1999,22.73002434,23.58108541,22.58658708,23.23683599,58569600
3/3/1999,22.89259529,23.05515758,22.5005333,22.79697042,76798400
3/4/1999,23.29422188,23.48547165,22.66309764,23.12209709,61696400
3/5/1999,23.70541,23.77234743,23.42809783,23.67672254,47302800
3/8/1999,24.32697105,24.36283039,23.71497178,23.79147169,46726000
3/9/1999,24.75729179,25.20672892,24.44172956,24.46085454,90129600
3/10/1999,24.69034958,24.8624744,24.35566242,24.83378693,53114800
3/11/1999,24.69991875,25.17804338,24.37479399,24.6329813,62948400
3/12/1999,24.50865555,24.90071754,23.99228122,24.88159256,73395200
3/15/1999,25.37885666,25.39798165,24.15485754,24.56604475,60609600
3/16/1999,25.86653709,26.00997445,25.13022532,25.32147513,68554000
3/17/1999,25.57010078,25.92391295,25.51272584,25.866538,44919600
3/18/1999,26.38290977,26.40203475,25.42666078,25.46491074,56231200
3/19/1999,26.19164848,26.64108531,25.99083628,26.60283537,91980400
3/22/1999,26.44029236,26.76541711,26.31597995,26.45941734,55719200
3/23/1999,25.48404694,26.64110873,25.43623447,26.42117136,69581200
3/24/1999,26.20122337,26.28728579,24.95809964,25.55097403,82634400
3/25/1999,27.53040695,27.54953193,26.39247071,26.47853312,109447600
3/26/1999,27.25309563,27.59734526,26.88972102,27.37740799,94687600
3/29/1999,28.26672363,28.34322356,26.88972492,27.57822428,79777000
3/30/1999,28.4579525,28.61095224,28.22845288,28.57270231,67502400
3/31/1999,27.42522049,28.95521884,27.27222065,28.91696888,58752600
4/1/1999,28.36234283,28.41971777,27.62124992,27.92246833,41106000
4/5/1999,29.0508461,29.07475233,28.61097154,28.85959629,39848600
4/6/1999,28.78310204,29.26122665,28.53447723,29.12735176,39674800
4/7/1999,28.55358505,29.06995933,27.92246094,29.03170938,46910200
4/8/1999,28.93609619,28.95522117,27.84597228,28.53447159,38637000
4/9/1999,28.84046364,29.06996335,28.45796412,28.84046364,31816800
4/12/1999,28.4579525,28.64920218,27.96070333,28.0372032,37858800
4/13/1999,27.57821655,28.49621544,27.2913419,28.49621544,46746800
4/14/1999,26.27772141,27.88421966,26.27772141,27.78859476,52944000
4/15/1999,27.19571495,27.50171456,25.66571692,26.71759057,72594600
4/16/1999,26.50722313,27.27222235,26.27772336,27.25309737,44774000
4/19/1999,24.78596306,26.96620981,24.59471334,26.58371038,75389000
4/20/1999,25.43621254,25.70396215,24.47996395,25.16846293,108459400
4/21/1999,25.09197235,25.24497218,24.47997303,25.13022231,92732800
4/22/1999,25.99085236,26.08647727,25.51272777,26.00997734,55096400
4/23/1999,26.31597328,26.62197297,25.39797421,26.00997359,56592000
4/26/1999,26.92796326,27.21483787,26.54546378,26.6793386,48349800
4/27/1999,25.70396423,27.15746221,25.68483926,27.15746221,58665800
4/28/1999,25.13021851,26.46896683,25.00590616,26.10559228,55963400
4/29/1999,25.11110497,25.60835457,24.60429287,25.20672989,60880600
4/30/1999,24.88160133,25.62747562,24.44172675,25.32147592,58558600
5/3/1999,24.4417305,24.9389801,24.04010582,24.91985512,67180000
5/4/1999,23.88710976,25.03460902,23.79148482,24.63298428,66502200
5/5/1999,24.21223068,24.4417305,23.38985634,24.21223068,67028200
5/6/1999,23.84884262,24.8242163,23.7149678,24.69034148,74021000
5/7/1999,24.19309616,24.59472068,23.86797155,24.36522096,48011600
5/10/1999,24.38434792,24.63297264,23.9444734,24.44172285,46218000
5/11/1999,24.4417305,24.79076147,24.30785561,24.70948029,42786200
5/12/1999,24.63298225,24.78598214,24.25048253,24.7094822,60142600
5/13/1999,24.21223068,25.01548004,24.21223068,24.82423019,51737200
5/14/1999,23.52372742,24.46085152,23.44722749,24.13572683,84401000
5/17/1999,24.21223068,24.34610558,23.5619812,23.67673111,66850200
5/18/1999,24.07835579,24.55648041,23.84885597,24.42260551,63858400
5/19/1999,24.26958847,24.44171321,23.63846442,24.44171321,46510800
5/20/1999,24.00184822,24.47997269,23.98272324,24.34609784,42386200
5/21/1999,23.73409271,24.17396711,23.56196795,24.02096732,56568800
5/24/1999,23.63847542,23.82972522,23.2751008,23.82972522,38990000
5/25/1999,23.33246994,24.25046876,23.29421999,23.48546974,50791600
5/26/1999,24.02098274,24.02098274,23.1029834,23.61935803,52022800
5/27/1999,23.98271942,24.30784401,23.71496976,23.94446947,56702200
5/28/1999,24.69034958,24.74772452,23.90622539,24.09747519,41548000
6/1/1999,24.02098274,24.70948225,24.00185776,24.67123228,36046400
6/2/1999,24.00184822,24.05922316,23.33247397,23.88709835,42812600
6/3/1999,23.37071609,24.15483996,23.29421621,23.98271521,32934400
6/4/1999,24.34610176,24.38435172,23.48547758,23.54285253,35668200
6/7/1999,24.55648422,24.80510906,24.23135943,24.46085928,32392200
6/8/1999,24.28871918,25.13021811,24.17396932,24.44171898,41516400
6/9/1999,25.18759918,25.28322408,24.47997491,24.51822487,53310800
6/10/1999,24.4417305,25.1876049,24.1931057,25.05373001,35277400
6/11/1999,23.9062233,24.63297249,23.73409849,24.47997266,34543000
6/14/1999,23.73409271,24.38434183,23.69584276,24.09746722,28369800
6/15/1999,23.77235222,24.13572687,23.46635251,23.88710211,36981000
6/16/1999,24.78596306,24.97721277,24.154839,24.19308894,48325200
6/17/1999,25.35972214,25.3979721,24.63297294,24.69034787,44475200
6/18/1999,26.00995445,26.00995445,25.13020599,25.18758089,69116200
6/21/1999,27.21483803,27.233963,25.97171472,25.97171472,56194400
6/22/1999,26.46897507,27.06184951,26.39247514,27.06184951,38751000
6/23/1999,26.31597328,26.73672285,26.02909857,26.2968483,33942000
6/24/1999,25.8952198,26.39246922,25.70397003,26.2394694,33559000
6/25/1999,25.99085236,26.44985196,25.81872751,26.12472724,24933000
6/28/1999,26.54548264,26.56460762,25.990858,26.16298289,31701000
6/29/1999,26.92796326,26.94708823,26.31596409,26.5263388,38973200
6/30/1999,27.59734344,27.61646842,26.54546965,26.8514693,57610200
7/1/1999,27.90333939,27.99896426,27.04271548,27.5017149,47737800
7/2/1999,28.15196991,28.19021987,27.63559546,27.80772028,32094800
7/6/1999,27.40610123,28.43885033,27.31047631,28.22847551,45419400
7/7/1999,28.24759483,28.24759483,27.50172063,27.55909557,33834600
7/8/1999,28.32408905,28.45796388,27.75033978,28.09458934,37790400
7/9/1999,28.53447533,28.55360031,28.22847559,28.26672556,33884200
7/12/1999,28.82133675,28.99346152,28.26671248,28.51533715,43847800
7/13/1999,28.64921188,28.78308671,28.40058721,28.49621209,30845000
7/14/1999,29.0508461,29.06997108,28.30497184,28.68747146,37985200
7/15/1999,28.87870979,29.14645942,28.68746006,29.06995953,40926200
7/16/1999,30.42783356,30.56170837,29.06996041,29.2229602,115369800
7/19/1999,30.10272598,30.8294754,29.93060112,30.59997559,81181600
7/20/1999,28.55358505,29.60545858,28.24758548,29.50983371,92287400
7/21/1999,28.9743576,29.16560749,28.45798291,28.6492328,54050800
7/22/1999,27.86509132,28.91696505,27.53996672,28.8787151,60904200
7/23/1999,27.6164608,28.07546015,27.44433604,28.01808523,68833200
7/26/1999,26.81322098,27.48259525,26.81322098,27.19572056,50885000
7/27/1999,27.17659187,27.46346652,26.92796718,27.17659187,65513000
7/28/1999,27.53997421,27.69297407,27.04272468,27.29134945,62215200
7/29/1999,26.60284805,27.17659747,26.41159825,27.13834751,57968200
7/30/1999,26.25858688,27.11921063,26.16296202,26.81321108,51127400
8/2/1999,25.95260429,26.60285378,25.8187294,26.22035408,48050600
8/3/1999,25.93346786,26.33509237,25.81871801,26.27771744,55051200
8/4/1999,25.99085236,26.67935176,25.93347741,26.04822731,75573400
8/5/1999,26.23947334,26.43072315,25.93347365,26.12472346,76634000
8/6/1999,26.04821777,26.44984228,25.99084284,26.33509242,67205800
8/9/1999,25.64659691,26.25859624,25.60834695,26.2012213,39333600
8/10/1999,25.37885666,25.72310641,24.97723195,25.57010652,62743000
8/11/1999,25.76134491,25.91434473,25.18759558,25.70396998,66105200
8/12/1999,25.01547241,25.76134659,24.97722245,25.68484667,61062000
8/13/1999,25.91434479,26.20121945,25.32147048,25.37884541,65099800
8/16/1999,25.79959488,26.28250057,25.18759559,26.02909461,57321800
8/17/1999,25.87609291,26.16296756,25.37884353,26.14384258,51749000
8/18/1999,26.00995445,26.37332882,25.72307995,25.83782975,58361200
8/19/1999,25.64659691,26.04822147,25.43622214,25.87609666,71478200
8/20/1999,25.51272011,25.9430321,25.41709522,25.70396988,46072800
8/23/1999,26.44984436,26.50721929,25.66572027,25.79959511,60447000
8/24/1999,28.20933723,28.6109617,26.64108933,26.64108933,120450000
8/25/1999,29.16558266,29.37595735,28.5153336,28.64920841,81877600
8/26/1999,28.95521355,29.49071287,28.66833891,29.18471326,61246000
8/27/1999,28.53447533,29.10822483,28.26672556,29.08909985,41948400
8/30/1999,28.22847748,28.59185219,28.01810265,28.41972733,33300800
8/31/1999,28.32408905,28.49621383,27.578215,28.09458934,46882800
9/1/1999,28.26672363,28.59184833,28.03722385,28.24759865,36607200
9/2/1999,28.09459114,28.32409086,27.75034156,27.99896626,33340800
9/3/1999,29.33771133,29.50983611,28.61096229,28.68746219,52098000
9/7/1999,28.84046364,29.5863377,28.68746383,29.0317134,47028000
9/8/1999,28.22847748,28.97435188,28.17110252,28.66835213,42568200
9/9/1999,28.78310204,28.80700827,28.08982134,28.28585243,38475200
9/10/1999,29.06996346,29.16558833,28.76396384,29.08908843,34455000
9/13/1999,28.72571182,29.01258644,28.57271203,28.91696157,27870800
9/14/1999,29.08909225,29.24209208,28.64921775,28.66834273,40207800
9/15/1999,28.34322739,29.29947662,28.26672745,29.22297668,48413800
9/16/1999,28.76396942,28.7830944,27.73122052,28.41971979,45796000
9/17/1999,29.5098381,29.52896308,28.70658911,28.87871389,79773400
9/20/1999,29.85409164,29.94971654,29.06996752,29.37596718,48601800
9/21/1999,28.95521355,29.5480878,28.80221374,29.5480878,47082800
9/22/1999,29.39509773,29.56722257,28.66834841,28.99347311,48531600
9/23/1999,27.90333939,29.64371216,27.54474609,29.64371216,71073600
9/24/1999,27.82685471,27.96072961,27.19573017,27.59735487,70277000
9/27/1999,27.97984314,28.43884262,27.80771834,28.15196794,34132200
9/28/1999,28.19022179,28.36234661,27.25309772,27.92247205,46000600
9/29/1999,27.38697243,28.19022162,27.27222254,28.01809679,37484400
9/30/1999,27.71208954,28.0563391,27.17659022,27.53996476,47455400
10/1/1999,27.53518867,27.73121971,27.02359548,27.59734486,44239000
10/4/1999,28.32408905,28.34321403,27.61646495,27.69296485,29998000
10/5/1999,28.09459114,28.72571538,27.38696699,28.3814658,43397000
10/6/1999,28.6683445,28.7639694,28.17109503,28.24759495,35500200
10/7/1999,28.68745995,29.08908438,28.3623354,28.66833497,46036400
10/8/1999,29.0508461,29.12734602,28.19022196,28.61097154,35697000
10/11/1999,28.85959816,29.06997296,28.80222321,28.95522307,19943800
10/12/1999,28.32408905,28.85958837,28.26671412,28.76396349,27668600
10/13/1999,27.86509132,28.49621556,27.6355916,28.15196598,38098400
10/14/1999,27.75033951,28.22368265,27.4443399,27.80771443,42737800
10/15/1999,26.94709396,27.48259335,26.71759423,27.38696846,73788000
10/18/1999,26.88972092,26.92797088,26.02909685,26.67934614,75312800
10/19/1999,26.41158867,27.31046243,26.08646412,27.00446285,69945600
10/20/1999,28.22847748,28.26672745,27.61647797,28.01810265,88090600
10/21/1999,28.47709274,28.49621772,27.69296863,27.71209361,60801200
10/22/1999,28.36234283,28.72571742,28.07546816,28.63009253,43650600
10/25/1999,28.28583145,28.63008092,27.88420707,28.15195666,30492200
10/26/1999,28.26672363,29.14647281,28.23325491,28.87872306,52467600
10/27/1999,27.80772018,28.03721994,27.44434557,27.99896998,54416600
10/28/1999,27.50171471,27.80771431,27.32958993,27.53996466,70570400
10/29/1999,28.32408905,28.76396349,27.92246456,27.97983949,79452600
11/1/1999,28.26672363,28.82134812,28.1902237,28.53447338,53261200
11/2/1999,28.32408905,28.9169633,28.13283929,28.38146398,46349000
11/3/1999,28.15196991,28.61096942,27.99897007,28.4388446,44517000
11/4/1999,28.07547188,28.38147157,27.63559732,28.24759671,54239400
11/5/1999,28.01809883,28.41972346,27.69297413,28.09459876,70167400
11/8/1999,27.52084732,27.76947207,25.81872403,25.9525989,243819200
11/9/1999,27.19571495,27.50171456,26.44984091,27.46346461,109769800
11/10/1999,26.66021538,27.27221458,26.44984065,26.96621498,69385400
11/11/1999,27.42522049,27.67384522,27.00447094,27.00447094,69274600
11/12/1999,27.29133606,27.5399607,26.64108699,27.46346081,49414200
11/15/1999,26.62197495,27.08097451,26.60284996,27.00447459,47080400
11/16/1999,26.71759605,26.85147091,26.27772153,26.60284618,59165200
11/17/1999,26.00995445,26.64107835,26.00995445,26.44982868,66819000
11/18/1999,25.99085236,26.25860212,25.85697747,25.99085236,64493200
11/19/1999,26.31597328,26.48809811,25.81872379,25.83784877,58226000
11/22/1999,27.48259735,27.65472218,27.06184777,27.42522241,90596600
11/23/1999,27.42522049,27.96071991,27.0427209,27.31047061,70787400
11/24/1999,28.05634689,28.22847172,27.38697256,27.40609754,53771000
11/26/1999,27.88422394,28.57272329,27.84597397,28.03722379,28514200
11/29/1999,27.59734344,28.17109279,27.38696869,27.57821847,51460200
11/30/1999,27.8603096,28.41971517,27.40609141,27.46346634,64145600
12/1/1999,28.51534462,28.74484438,27.80772037,27.86509531,48864200
12/2/1999,29.0125885,29.14646333,28.41971425,28.47708917,55473800
12/3/1999,29.41422081,29.72022051,29.29468968,29.3185959,64100600
12/6/1999,29.20384979,29.73934933,28.99347497,29.14647484,49098200
12/7/1999,28.4579525,29.03170154,28.41970256,28.99345161,56859200
12/8/1999,28.07547188,28.85959609,28.0563469,28.49622146,40955800
12/9/1999,28.3814621,28.55358687,27.97983763,28.1519624,46258200
12/10/1999,28.72571182,28.80221172,28.22846248,28.57271203,36836000
12/13/1999,29.56722832,29.66285325,28.38147919,28.64444774,52691600
12/14/1999,30.19833755,30.94421163,29.16558884,29.4333385,144116200
12/15/1999,33.18183517,33.27746006,30.14096382,30.1600888,155571600
12/16/1999,34.78834152,35.18996614,33.33484292,33.43046783,128660200
12/17/1999,35.26646042,35.84020977,34.76921098,35.68720995,105898800
12/20/1999,34.50146103,35.18996025,34.02333657,35.13258532,39433800
12/21/1999,35.45771408,35.68721385,33.85121571,34.38671517,57446000
12/22/1999,35.97408295,36.10795779,35.22820882,35.58680215,38565200
12/23/1999,35.93582916,36.49045346,35.72545443,35.87845424,31028400
12/27/1999,36.45220184,36.49045179,35.53420306,36.24182712,32202200
12/28/1999,35.95494461,36.35656899,35.82106982,36.33744402,24591000
12/29/1999,36.08885193,36.22272684,35.74460215,35.78285212,17449200
12/30/1999,35.99320984,36.70083405,35.84021001,36.06970975,22360000
12/31/1999,35.72545242,36.03145202,35.57245263,35.95495212,12517600
1/3/2000,35.66807556,36.29919969,34.2719525,35.91670022,53228400
1/4/2000,34.46320724,35.84020554,34.34845739,34.75008189,54119000
1/5/2000,34.82659149,35.61071574,33.4687178,34.00421728,64059600
1/6/2000,33.65995407,34.84570245,33.16270475,34.32932816,54976600
1/7/2000,34.09984589,34.34847067,32.83759696,33.23922162,62013600
1/10/2000,34.34846115,34.78833565,34.08071145,34.71183574,44963600
1/11/2000,33.46871185,34.96046015,33.25833709,34.11896111,46743600
1/12/2000,32.37859344,33.31571753,31.95784385,33.20096764,66532400
1/13/2000,32.99058151,33.23920618,31.05895906,31.9387079,83144000
1/14/2000,34.34846115,34.86483557,32.3594634,32.7993379,73416400
1/18/2000,35.28559113,35.64896578,34.19546717,34.21459215,81483600
1/19/2000,32.74195862,34.11895688,32.435959,33.81295726,97568200
1/20/2000,32.43595123,33.56432454,32.39770129,32.76107574,56349800
1/21/2000,31.74746895,32.8184679,31.5944691,32.74196798,68416200
1/24/2000,30.98246002,32.34033327,30.84858519,31.76180277,63597600
1/25/2000,31.46057701,31.78570152,30.46607853,30.90595286,59823200
1/26/2000,30.40872192,31.67097076,30.33222199,31.34584606,49365000
1/27/2000,30.217453,30.96332684,29.75845372,30.56648371,63654800
1/28/2000,30.06444931,30.67644828,29.75844983,30.02619937,58225400
1/31/2000,29.94970512,30.04532998,29.0317065,29.87320524,73194200
2/1/2000,31.49884415,31.59446905,29.89234572,30.14097048,70196600
2/2/2000,30.84858131,31.80482996,30.75295645,31.34583061,49915600
2/3/2000,31.70922279,31.88134765,30.63822371,31.2310982,49186000
2/4/2000,32.60808945,33.04796397,31.86699651,31.93871518,55365400
2/7/2000,32.62721634,32.70371626,31.90046709,32.68459128,40005800
2/8/2000,33.64083099,33.65995597,32.56983239,32.56983239,56229000
2/9/2000,31.82396317,33.48783624,31.78571321,33.48783624,55090000
2/10/2000,32.43595123,32.60807597,31.36495284,31.79048345,54527800
2/11/2000,30.58084297,32.09171639,30.33221823,32.09171639,115559000
2/14/2000,30.48521805,31.13546737,30.31309323,30.97768628,81028600
2/15/2000,30.16008759,30.59996204,30.02621275,30.52346213,71027600
2/16/2000,29.87321854,30.65734271,29.7202187,30.37046801,65202600
2/17/2000,30.48521805,30.50434303,29.72500009,30.14096841,80343400
2/18/2000,29.08909225,30.61909053,29.03171732,30.59996555,79063000
2/22/2000,28.70658875,29.72021246,28.40058913,29.10821324,66296200
2/23/2000,28.84046364,29.29946306,28.17108948,28.61096393,75847200
2/24/2000,28.99346352,29.33771308,28.15196458,28.84046371,69733200
2/25/2000,27.94159126,28.97912126,27.69296656,28.97434002,65301400
2/28/2000,28.01809883,28.19022367,26.96622481,27.61647421,76131800
2/29/2000,27.34872055,28.07546977,27.19572072,28.07546977,58437400
3/1/2000,27.78858376,28.79264477,27.21483461,27.42520929,106889800
3/2/2000,28.57271385,29.18471308,27.88421472,28.09458946,106932600
3/3/2000,29.41422081,30.25571997,28.72572149,28.99347123,101435200
3/6/2000,27.73122215,29.79672008,27.57822231,29.3759705,93609400
3/7/2000,28.4197216,29.83497019,28.13284689,29.41422061,135061000
3/8/2000,29.2420826,29.43333232,27.84595962,28.70658337,94290000
3/9/2000,30.59996223,30.59996223,29.06996412,29.165589,88198800
3/10/2000,30.90596962,31.36496917,30.44697007,30.46609505,85589000
3/13/2000,29.98796082,30.67645992,29.83496102,29.87321097,61831800
3/14/2000,29.10822487,30.37047378,29.10822487,30.17922394,73489200
3/15/2000,29.18470001,29.56719936,28.6683259,28.93607544,53208000
3/16/2000,29.18470001,29.58632432,28.53445113,29.35682472,77300800
3/17/2000,30.40872192,30.44697189,28.9169733,29.14647309,81161600
3/20/2000,29.79671478,30.52346392,29.5289651,30.21746429,47773000
3/21/2000,31.44148827,31.55623822,29.52898898,29.60548895,81648800
3/22/2000,31.59447098,32.32122031,30.94422158,31.4605961,93975800
3/23/2000,34.23370743,34.53970705,32.62720943,32.68458435,148224000
3/24/2000,34.17633438,35.18995818,33.52608515,34.46320904,112196800
3/27/2000,31.84307671,33.12444976,31.80482676,32.97623124,111434000
3/28/2000,31.91959381,32.87584288,31.32671939,31.70921902,81114400
3/29/2000,32.79934311,33.33484259,32.16821872,32.1873437,64363800
3/30/2000,31.63271904,33.23921747,31.3649693,32.4933432,64178400
3/31/2000,32.5124588,33.12445803,31.86220963,32.4359589,64281400
4/3/2000,27.80772018,29.52896834,27.53997047,28.89784402,260118200
4/4/2000,27.10010147,28.15197556,25.99085243,28.01810067,181244400
4/5/2000,26.43072701,27.08097644,26.27772714,27.00447651,82887600
4/6/2000,26.31597328,26.92797266,26.09125476,26.8897227,66421400
4/7/2000,27.25309563,27.34872052,26.00997197,26.62197131,82613600
4/10/2000,26.33507156,27.11919497,26.3159466,27.11919497,60685400
4/11/2000,25.66573715,26.33511182,25.55098721,26.04823696,71961800
4/12/2000,24.28871918,25.16846806,24.09746942,25.13021811,153003800
4/13/2000,24.25046158,25.16846012,24.1739617,24.74771079,94316200
4/14/2000,22.68222618,24.32697445,22.41447646,24.21222457,151217800
4/17/2000,23.21772385,23.2559738,22.33797484,22.72047441,119772200
4/18/2000,24.65208817,25.07283754,23.21771531,23.40896502,91794600
4/19/2000,24.07835579,24.9389801,23.90623093,24.91985512,53715400
4/20/2000,24.15485573,24.4417305,23.71498108,24.0592308,52387400
4/24/2000,20.38722992,20.80797951,19.88998041,20.57847973,313645800
4/25/2000,21.22872543,21.26697539,20.69322605,21.03747565,159517400
4/26/2000,20.80797577,21.76422466,20.61672599,21.41997506,107091200
4/27/2000,21.36260414,21.4008541,20.61672987,20.63585485,77669800
4/28/2000,21.34347534,21.7259749,20.88447587,21.64947499,78082600
5/1/2000,22.47185516,22.64398001,21.93635564,22.29973032,107811000
5/2/2000,21.38173103,22.49098005,21.26698114,22.28060524,97716200
5/3/2000,21.59210396,21.66860388,21.05660448,21.53472901,55354800
5/4/2000,21.55384064,21.80246524,21.20959119,21.5155907,43317200
5/5/2000,21.76422119,21.97459591,21.3817217,21.49647155,36402200
5/8/2000,21.36260414,21.84072867,21.32435418,21.70685381,36187600
5/9/2000,20.75059509,21.55384394,20.65497023,21.47734405,60778400
5/10/2000,20.25335121,20.76972561,20.11947637,20.73147565,67740000
5/11/2000,20.76972198,20.84622188,20.11947286,20.3872225,58390800
5/12/2000,21.05660057,21.34347524,20.88447577,20.9418507,37886000
5/15/2000,21.22872543,21.24785041,20.80797592,21.11397557,33899600
5/16/2000,21.26698112,21.61123082,21.13310624,21.28610611,48410600
5/17/2000,20.71234894,21.15222338,20.57847411,21.07572348,53242000
5/18/2000,20.25335121,20.82710054,20.15772632,20.82710054,53640400
5/19/2000,19.90910149,20.17685117,19.73697669,20.00472637,66578000
5/22/2000,19.64136505,19.96648989,19.10586532,19.92823991,69955000
5/23/2000,19.33535385,20.06210306,19.29710389,19.54572862,57963200
5/24/2000,20.06210136,20.368101,19.27797729,19.31622724,85482400
5/25/2000,18.81897736,19.81347616,18.70422749,19.75610123,94348800
5/26/2000,18.79984856,19.16322305,18.47472401,18.99109829,55822000
5/30/2000,19.39272499,19.62222469,18.97197553,19.10585036,68536400
5/31/2000,19.14410591,19.49313681,18.99110606,19.47401183,54968200
6/1/2000,19.75610352,20.19597804,19.52660377,19.69872858,94507200
6/2/2000,20.29159927,20.4254741,19.88997478,20.19597439,80463200
6/5/2000,20.46372986,20.92272941,20.19598012,20.20076137,64400000
6/6/2000,21.30522346,21.38172337,20.75059916,20.86534901,99019000
6/7/2000,21.57297707,21.64947698,20.54022816,21.19047747,76310600
6/8/2000,21.05660057,22.07022439,20.88447577,21.89809959,94765600
6/9/2000,21.05660057,21.32435026,20.90360075,21.30522528,35710200
6/12/2000,20.46372986,21.11397922,20.31073001,21.11397922,49260600
6/13/2000,20.76972198,20.80797193,20.23422271,20.42547245,44289200
6/14/2000,21.57297707,21.7259769,21.26697739,21.36260229,79992400
6/15/2000,22.14673424,22.24235917,21.61123462,21.66860958,65592600
6/16/2000,22.20409393,22.37621869,21.87896939,22.22321891,68710600
6/19/2000,22.54834557,22.58659552,22.03197124,22.20409602,46604800
6/20/2000,22.93085098,23.02647588,22.56747636,22.60572632,62275000
6/21/2000,24.69034958,25.14934911,23.54285076,23.56197574,160399600
6/22/2000,24.4417305,25.09197998,24.26960564,24.90073013,87315200
6/23/2000,23.77235222,24.49910152,23.56197742,24.46085156,49811600
6/26/2000,24.32697105,24.51822083,23.71497178,23.71497178,48287000
6/27/2000,24.11660004,24.51822462,23.98272518,24.2504749,31071200
6/28/2000,24.15485573,24.49910545,24.0592308,24.17398071,37459200
6/29/2000,23.61934662,24.15484598,23.58109666,23.94447123,38449000
6/30/2000,24.47997475,24.47997475,23.46635079,23.58110067,52356400
7/3/2000,24.47997475,24.49909973,24.28872494,24.38434985,15734800
7/5/2000,24.02098274,24.44173244,23.9444828,24.44173244,34824400
7/6/2000,24.7668457,24.99634543,24.02097159,24.13572145,47873200
7/7/2000,25.09197235,25.35972206,24.65209784,24.86725385,54153200
7/10/2000,24.30785561,24.88160515,24.28873062,24.6903553,52689800
7/11/2000,24.21223068,24.63298035,24.02098083,24.11660576,37164800
7/12/2000,24.57558632,24.78596099,23.61933782,23.94446231,58370200
7/13/2000,24.46084785,24.47997283,23.67672372,24.11659824,80843200
7/14/2000,24.15485573,24.40348053,24.00185585,24.32698059,51180600
7/17/2000,23.92534065,24.34609005,23.71496595,23.94446563,53992800
7/18/2000,24.02098274,24.32698252,23.69585798,23.75323293,70617200
7/19/2000,22.3762188,23.71496693,22.28059393,23.27509254,139924600
7/20/2000,22.89259529,23.02647012,22.37622096,22.47184584,54690600
7/21/2000,22.1275959,22.94996982,21.99372108,22.87346992,56100600
7/24/2000,21.59210396,22.07022849,21.41997913,22.05110351,56165600
7/25/2000,21.11397171,21.72597089,20.92272197,21.66859597,64188600
7/26/2000,20.75059509,21.26696935,20.57847034,21.13309454,85404600
7/27/2000,21.22872543,21.45822517,20.6549761,20.76972596,74337600
7/28/2000,21.32434845,21.97459764,21.30522347,21.70684797,75645600
7/31/2000,21.36260414,21.76422875,21.19047931,21.47735403,70283800
8/1/2000,21.01835251,21.43910206,20.86535267,21.4008521,47163600
8/2/2000,21.22872543,21.55385006,20.96097574,20.98010072,48269200
8/3/2000,21.49647903,21.534729,20.84622967,20.86535465,54543400
8/4/2000,21.15222359,21.3817233,20.86534895,21.24784847,38107400
8/7/2000,21.4199791,21.76422876,21.34347917,21.47735404,52741800
8/8/2000,22.68222618,22.854351,21.41997751,21.43910249,138038800
8/9/2000,22.72047997,22.9117298,22.37623027,22.5674801,63945600
8/10/2000,22.22322083,22.66309525,21.95547118,22.58659535,48986000
8/11/2000,22.16585541,22.24235534,21.91723063,22.16585541,35629600
8/14/2000,22.08934784,22.45272239,21.84072315,22.12759779,53427000
8/15/2000,21.91722107,22.33797051,21.87897112,22.03197092,40714200
8/16/2000,21.72597504,22.1084746,21.59210019,21.99372473,44976200
8/17/2000,21.89810181,22.03197666,21.59210213,21.76422695,36112800
8/18/2000,21.72597504,21.85984988,21.41997539,21.76422499,54438800
8/21/2000,21.61122322,21.66859815,21.43909843,21.6303482,34119600
8/22/2000,21.80247498,22.16584956,21.48691284,21.66860013,54428200
8/23/2000,21.64946175,21.76421154,21.53471195,21.66858671,36726800
8/24/2000,21.76422119,21.78334617,21.40084667,21.61122139,42405400
8/25/2000,21.61122322,21.93634782,21.59209824,21.6303482,52729400
8/28/2000,21.82160759,22.07023239,21.45823288,21.47735786,56421600
8/29/2000,21.70684814,22.26147246,21.68772317,21.78334805,59400200
8/30/2000,21.4199791,21.70685382,21.32435419,21.63035389,53498800
8/31/2000,21.36260414,22.03197849,21.32435418,21.68772882,72575400
9/1/2000,21.47733879,21.61121357,21.32433905,21.41996389,37629800
9/5/2000,21.45822144,21.63034621,21.36259656,21.41997149,50755200
9/6/2000,21.24784279,21.63034221,21.20959285,21.4390925,62960800
9/7/2000,21.43910027,22.05109956,21.24785049,21.41997529,111711200
9/8/2000,21.20960426,21.6877288,21.1713543,21.53472895,56709600
9/11/2000,21.05660057,21.32435026,20.82710084,21.15222546,48495200
9/12/2000,20.84622765,21.20960226,20.69322781,21.03747744,46781200
9/13/2000,20.88447762,21.03747745,20.55935296,20.67410284,40744800
9/14/2000,20.13859749,21.03747126,20.10034754,21.01834629,78503000
9/15/2000,19.64136505,20.08123983,19.37361519,20.02386486,99915200
9/18/2000,19.2779789,19.77522835,19.02935417,19.66047848,69037800
9/19/2000,19.88996696,20.11946658,19.39271779,19.46921766,79311200
9/20/2000,19.66048241,19.8899822,19.3353577,19.85173224,67791400
9/21/2000,19.64136505,19.92823991,19.45011515,19.58399008,48952200
9/22/2000,19.35447311,19.43097301,18.66597407,18.70422402,84476600
9/25/2000,18.7424736,19.43097263,18.49384895,19.35447274,53484200
9/26/2000,19.18235207,20.1577259,18.49385289,18.64685271,155704800
9/27/2000,18.55122566,19.45009948,18.30260099,19.41184953,106155600
9/28/2000,18.76160812,18.93373297,18.55123331,18.60860826,52360400
9/29/2000,18.45560265,18.76160228,17.93922827,18.66597739,74053600
10/2/2000,18.09222794,18.60860231,17.82447826,18.51297742,58562400
10/3/2000,17.30809402,18.30259224,17.28896906,18.22609238,85374000
10/4/2000,16.96384811,17.30809757,16.67697357,17.25072266,136453400
10/5/2000,16.94472313,17.51847222,16.90647319,16.98297307,81099400
10/6/2000,17.00210571,17.3654803,16.75348099,17.07860563,61794000
10/9/2000,16.58135223,17.05947658,16.21797773,17.02122663,58323600
10/10/2000,16.69610786,17.00210755,16.4666081,16.50485806,62066200
10/11/2000,17.05947876,17.42285331,16.52397943,16.52397943,101205800
10/12/2000,16.63873482,17.40373412,16.46660997,17.23160928,90219600
10/13/2000,16.44748306,16.79173271,15.95023357,16.48573302,104521200
10/16/2000,15.41472912,16.46660269,15.16610446,16.37097782,119759000
10/17/2000,15.43385887,16.04585823,15.37648393,15.87373341,81276600
10/18/2000,15.83548069,16.29448013,14.82185693,15.18523148,110536400
10/19/2000,18.93372536,19.02935023,17.7479769,17.88185173,256993200
10/20/2000,19.94735718,20.23423192,18.70423329,18.76160824,160378600
10/23/2000,19.01023293,20.27248179,18.57035832,19.77523224,185170400
10/24/2000,18.81897736,19.25885183,18.41735284,19.16322694,94427400
10/25/2000,18.7424736,19.41184766,18.49384895,18.95284831,167603800
10/26/2000,19.71784592,19.90909563,18.60859755,18.66597247,114826600
10/27/2000,20.71234894,21.17134836,19.77522512,19.79435009,124292400
10/30/2000,21.13309288,21.45821739,20.61671867,20.65496861,110057600
10/31/2000,21.07573128,21.26698111,20.80798152,21.11398124,104474000
11/1/2000,21.30522346,21.4390983,20.94184892,20.96097389,81309400
11/2/2000,21.51559639,21.67815867,21.30522167,21.53472136,77985200
11/3/2000,20.88447762,21.30522716,20.82710268,21.19047729,68711000
11/6/2000,21.26698112,21.45823096,20.88448146,21.01835635,74851400
11/7/2000,21.57297707,21.99372662,21.26697739,21.34347731,104331200
11/8/2000,21.24784279,22.14671643,20.80796846,21.76421701,206149400
11/9/2000,21.68772316,21.82159799,20.94184908,20.96097406,91058600
11/10/2000,20.61672211,21.51559589,20.44459734,21.40084605,93744400
11/13/2000,20.32985115,20.84622554,19.70828938,20.40635106,83364800
11/14/2000,21.05660057,21.36260022,20.5976011,20.80797586,84218600
11/15/2000,21.43910027,21.68772498,21.01835075,21.13310062,60422200
11/16/2000,21.09485054,21.87897463,21.09485054,21.24785036,92128600
11/17/2000,21.13309288,21.41996744,20.74581222,21.24784271,106525600
11/20/2000,20.55935097,20.9609755,20.06210155,20.84622563,80157200
11/21/2000,20.73147583,21.19047529,20.61672596,20.61672596,59487600
11/22/2000,20.88447762,21.26697721,20.19597835,20.21510333,76343200
11/24/2000,21.40084839,21.5538482,20.96097394,21.11397375,34439200
11/27/2000,21.63035011,22.10847456,21.61122513,21.85984985,85307600
11/28/2000,20.50197029,21.34346907,20.44459537,21.22871924,127446200
11/29/2000,19.90910149,20.54022574,19.35447714,20.44460085,98280400
11/30/2000,17.5567379,18.99111191,17.44198798,18.97198692,197200800
12/1/2000,17.32723427,18.55123316,17.15510942,17.76710887,109809800
12/4/2000,17.26985741,18.05398161,16.8873578,17.51848215,80407200
12/5/2000,18.32173347,18.5129833,17.82448392,18.11135866,101734400
12/6/2000,17.34635353,18.37910225,17.15510377,18.35997728,90560800
12/7/2000,16.2562294,16.52397906,15.98847974,16.35185428,145308400
12/8/2000,16.65785408,17.09772853,16.35185446,16.71522901,120939800
12/11/2000,17.7671032,17.97747794,16.82997935,16.98297916,95576200
12/12/2000,17.86272621,18.35997555,17.36547687,17.69060144,63106000
12/13/2000,17.51848984,18.51298926,17.38461492,18.51298926,98360400
12/14/2000,16.98297882,17.97269634,16.94472887,17.72885289,71201400
12/15/2000,15.05136299,15.9119873,14.61148834,15.62033129,116899800
12/18/2000,14.63060093,15.29997483,14.38197634,14.99397533,107187400
12/19/2000,13.71261024,14.6879842,13.61698535,14.51585938,120271800
12/20/2000,12.69898319,13.46398218,12.66073324,13.10060766,149037800
12/21/2000,13.29185963,13.80823403,12.33561073,12.46948558,163173000
12/22/2000,14.2098608,14.42023559,13.69348632,13.69348632,109551800
12/26/2000,14.34372997,14.86010425,14.0377304,14.34372997,66941600
12/27/2000,14.2098608,14.32461069,13.76998624,14.1142359,69003800
12/28/2000,13.63611412,14.15248871,13.42573929,13.80823898,77619200
12/29/2000,13.27274132,14.01861583,13.15799139,13.44486621,99977600
1/2/2001,13.27274132,13.76999099,13.11974142,13.50224117,82413200
1/3/2001,14.66885567,14.95573029,13.19623261,13.21535758,135962200
1/4/2001,14.82184982,15.45297375,14.34372564,14.63060015,112397000
1/5/2001,15.03222466,15.26172427,14.55410046,14.84097498,93414600
1/8/2001,14.97485256,15.22347719,14.28635359,14.97485256,79817600
1/9/2001,15.8546114,16.10323618,15.22348694,15.29998687,114965400
1/10/2001,16.17972374,16.46659827,15.5294748,15.60597467,90230200
1/11/2001,16.82997704,17.05947672,16.00760316,16.21797787,101854800
1/12/2001,16.37097931,16.82997873,16.0649797,16.79172878,73712000
1/16/2001,16.08410645,16.37098111,15.64423195,16.33273116,68462400
1/17/2001,16.19885254,16.79172672,16.0841027,16.40922725,72844200
1/18/2001,16.98297882,17.19335356,16.10322992,16.42835451,109788800
1/19/2001,18.66597939,18.79985424,18.0157301,18.35997972,209348800
1/22/2001,18.39823151,18.66598124,18.05398185,18.58948131,76673000
1/23/2001,18.53210258,18.64685245,18.03485319,18.28347789,70295200
1/24/2001,19.25884628,19.41184605,18.58947228,18.66597217,110455000
1/25/2001,18.91460228,19.58397648,18.83810237,19.20147694,85657400
1/26/2001,19.58398056,19.67960547,18.66598147,18.66598147,93080000
1/29/2001,19.73697281,19.77522276,19.43097323,19.4500982,84983800
1/30/2001,19.39272499,19.81347445,19.23972519,19.73697455,57276800
1/31/2001,18.68510437,19.50747846,18.66597939,19.27797872,81898800
2/1/2001,19.08673096,19.16323088,18.47473157,18.60860643,71792800
2/2/2001,18.6085968,19.39272061,18.58947183,19.12497102,71100000
2/5/2001,18.95285416,18.99110411,18.43647972,18.58947956,51399200
2/6/2001,19.14410591,19.52660553,18.87635618,18.99110606,96442000
2/7/2001,19.79435921,19.90910912,18.91460991,18.97198486,126061800
2/8/2001,19.04848671,19.73698623,18.97198676,19.50748639,88041200
2/9/2001,18.09222794,18.83810203,17.90097817,18.76160212,100575200
2/12/2001,17.97747231,18.18784698,17.49934804,17.99659728,71289400
2/13/2001,17.80535316,18.68510209,17.78622819,18.24522763,76070600
2/14/2001,17.86272621,18.05397596,17.25072703,17.63322652,61728400
2/15/2001,17.99660492,18.41735445,17.70973024,18.05397986,65627800
2/16/2001,17.53760719,17.8244819,17.17423256,17.44198229,66958400
2/20/2001,17.09773445,17.82448379,16.94473459,17.55673403,60730800
2/21/2001,17.21247864,17.76710295,16.88735404,16.90647902,63947200
2/22/2001,16.8873539,17.38460328,16.4857294,17.23160347,100816400
2/23/2001,17.36547661,17.5949763,16.61960261,16.65785256,92620600
2/26/2001,18.22610092,18.34085077,17.55672681,17.6332267,87936800
2/27/2001,18.16873932,18.72336399,17.9535832,18.16873932,99148600
2/28/2001,18.05397797,18.38388381,17.80535327,18.22610276,84608400
3/1/2001,18.16394615,18.20697735,17.21247859,17.92010271,81781600
3/2/2001,17.34635353,17.78622799,17.26985363,17.59497822,79800800
3/5/2001,17.57585144,17.93922595,17.3081018,17.51847652,49383600
3/6/2001,18.1878643,18.3599892,17.86273949,17.93923945,66781800
3/7/2001,18.57036018,18.70423508,18.14961052,18.32173538,59743600
3/8/2001,18.130476,18.54166295,17.88185133,18.45560057,54626000
3/9/2001,17.34635353,17.80535296,16.79172922,17.72885306,103794400
3/12/2001,15.89285851,16.82998253,15.7972336,16.73435763,114376000
3/13/2001,16.58135223,16.753477,15.91197815,15.96935307,91035600
3/14/2001,16.52397919,16.90647871,15.96935489,16.06497977,90686200
3/15/2001,16.42835999,17.15989057,16.37098504,16.92560953,71638400
3/16/2001,16.69610786,16.86823269,16.06020227,16.06498351,112848800
3/19/2001,16.61961174,16.98298645,16.25623703,16.67698669,61036400
3/20/2001,16.12236404,17.17423833,16.10323906,16.69611365,91822800
3/21/2001,15.31910896,16.29448294,15.22348406,15.98848326,124988600
3/22/2001,16.52397919,16.54310416,15.45298054,15.47210551,126363200
3/23/2001,17.30809402,17.44196879,16.63872022,16.81084491,99519600
3/26/2001,17.15510368,17.59497814,17.00210387,17.48022828,63118600
3/27/2001,17.82448769,17.92011262,17.09773819,17.15511315,95135600
3/28/2001,17.00210571,17.72885489,16.94473078,17.55673008,78681600
3/29/2001,16.94472313,17.49934725,16.69609852,16.94472313,86985000
3/30/2001,16.73435593,17.1933554,16.48573121,17.05948056,91201600
4/2/2001,17.07860756,17.42285721,16.71523293,16.77260787,75924000
4/3/2001,16.33272934,16.92560359,16.14147958,16.92560359,94187600
4/4/2001,15.89285851,16.82998253,15.62510878,16.33273305,104046600
4/5/2001,17.36547661,17.55672635,16.37097795,16.44747784,113364000
4/6/2001,17.19335175,17.49935133,16.84910221,17.25072667,92622000
4/9/2001,17.48788452,17.57050342,17.03194442,17.31040412,56295600
4/10/2001,18.26205444,18.38751422,17.68065479,17.73267533,109199400
4/11/2001,18.37221527,18.81897438,18.26817537,18.5588752,109879600
4/12/2001,19.02705765,19.06683793,18.16107811,18.22533892,87520000
4/16/2001,18.6017189,18.8434589,18.39669853,18.78837887,65857400
4/17/2001,18.81285858,19.00563869,18.3722195,18.51909919,85149200
4/18/2001,20.02155685,20.2908357,19.27797762,19.3973173,156696400
4/19/2001,20.82022476,21.11398426,20.119485,20.13784424,159375600
4/20/2001,21.11397171,21.75657038,20.96097192,21.51177211,192919600
4/23/2001,20.88447762,20.95179792,20.47137853,20.84163785,92171200
4/24/2001,20.67027283,21.398551,20.54481188,20.86917069,89176600
4/25/2001,21.32511139,21.35571088,20.57847167,20.67639144,76744000
4/26/2001,21.153759,21.7259793,20.8844801,21.44139948,118737600
4/27/2001,20.53868675,21.32204471,20.26022609,21.27614431,121572400
4/30/2001,20.73147583,21.13233462,20.71005595,20.97015518,74368200
5/1/2001,21.4719944,21.51177585,20.68557541,20.70393698,83702800
5/2/2001,21.34653473,21.77187403,21.22107376,21.72597361,92864400
5/3/2001,20.97014809,21.47504779,20.85080845,21.19046813,66273400
5/4/2001,21.64946175,21.74126252,20.79572297,20.80796323,119538400
5/7/2001,21.84225273,22.07787375,21.63417289,21.67395434,109356200
5/8/2001,22.05033302,22.06257329,21.64947425,21.95547388,75084000
5/9/2001,21.54237175,21.81777185,21.37713169,21.79941029,76676600
5/10/2001,21.4199791,21.79941807,21.40773883,21.76575792,64334600
5/11/2001,21.23637581,21.41997513,21.00687608,21.40773486,51128800
5/14/2001,21.02829742,21.17517596,20.89977812,21.15375607,44968000
5/15/2001,20.89058876,21.20577027,20.80796991,21.03440893,61385600
5/16/2001,21.16292953,21.38324725,20.60294981,20.71616815,91893800
5/17/2001,20.85999298,21.46281259,20.67027472,21.14457271,106984800
5/18/2001,20.83551598,21.17517579,20.57847738,20.71311798,90605400
5/21/2001,21.04970932,21.41690785,20.73146951,20.82327031,103491600
5/22/2001,21.51483536,21.52707562,21.16905658,21.25167546,83455600
5/23/2001,21.32816887,21.90956851,21.27003054,21.53930932,93637400
5/24/2001,21.9462986,21.96465783,21.19659794,21.40161951,80781600
5/25/2001,21.69843864,22.00137768,21.53013788,21.92793841,52747600
5/29/2001,21.52401733,21.95547802,21.43527948,21.66477925,71210800
5/30/2001,21.17211914,21.59745852,21.00687903,21.28533753,86501800
5/31/2001,21.16905403,21.53625265,20.9303747,21.26391317,70682600
6/1/2001,21.52401733,21.63417741,21.02217802,21.29757821,57587600
6/4/2001,21.65865707,21.73209634,21.35877869,21.58827845,43736600
6/5/2001,22.21557045,22.36245128,21.57297176,21.65253231,89454200
6/6/2001,22.14213371,22.48485414,21.89427476,22.30431315,80022800
6/7/2001,22.54604912,22.56135003,22.05645026,22.06869052,66960000
6/8/2001,22.39611244,22.56747148,22.04727307,22.55217056,51867000
6/11/2001,22.06871223,22.29209084,21.88205212,22.29209084,47345600
6/12/2001,22.0564537,22.15743414,21.66783287,21.73209251,66714600
6/13/2001,21.63110924,22.12376871,21.61580833,22.04726882,55302400
6/14/2001,21.08337784,21.58827776,20.930378,21.48729731,71972400
6/15/2001,20.81409073,20.89977257,20.3183729,20.65803262,108354400
6/18/2001,20.46525574,20.79573592,20.19903754,20.79267527,56846800
6/19/2001,20.59988403,21.06806284,20.45606391,20.87222337,63457400
6/20/2001,21.2394352,21.29451289,20.53257447,20.54481474,64108400
6/21/2001,21.37100983,21.58827159,21.08949077,21.1598717,69603800
6/22/2001,21.06195068,21.60662954,20.98545079,21.41996962,51092000
6/25/2001,21.06806946,21.36182876,20.73758937,21.14456935,49215600
6/26/2001,21.46281815,21.48423803,20.71617815,20.75289896,63077000
6/27/2001,21.76881599,21.88815568,21.22413696,21.3771368,69199800
6/28/2001,22.25841713,23.30187721,21.58215808,21.89427908,128975600
6/29/2001,22.33796692,22.46342785,21.84836811,22.21556663,94283800
7/2/2001,21.60357857,22.38387874,21.46587963,22.04727954,72810200
7/3/2001,21.56378937,21.66476978,21.39854933,21.51177,28037400
7/5/2001,20.96403885,21.64029787,20.94261896,21.48729802,49242600
7/6/2001,20.2143364,20.9303768,20.09499672,20.8997773,67467800
7/9/2001,20.10111618,20.4744361,19.90221596,20.25717431,66476600
7/10/2001,19.73085022,20.27246835,19.69106879,20.16536898,66562600
7/11/2001,20.34897995,20.42547987,19.64517971,19.64824036,73822600
7/12/2001,21.90957069,22.04727191,21.52095223,21.63417059,128078000
7/13/2001,21.83001137,22.03197223,21.70761339,21.84837293,58934600
7/16/2001,21.78105164,22.08093227,21.46587242,21.8636705,55990800
7/17/2001,21.97689819,22.03503888,21.46281861,21.62193976,63241000
7/18/2001,21.59439659,21.87897638,21.38019776,21.60357621,57590800
7/19/2001,22.20639229,22.33797222,21.79329327,21.79329327,76549400
7/20/2001,21.16905403,21.23637432,20.78961515,20.817154,124203600
7/23/2001,20.52952194,21.18742187,20.30308278,21.18742187,79999400
7/24/2001,20.29389381,20.8049126,20.10417322,20.50197364,67530200
7/25/2001,20.64885521,20.66109314,20.07663508,20.2755353,74065400
7/26/2001,20.37651443,20.59989519,20.04297596,20.5386962,77974000
7/27/2001,20.03380013,20.27247951,19.90528082,20.21128051,65396000
7/30/2001,20.13477516,20.46525296,20.05521461,20.08887475,42196400
7/31/2001,20.25412178,20.6213205,20.15008066,20.19904174,59031600
8/1/2001,20.33979225,20.44383099,20.12253283,20.44077267,55679000
8/2/2001,20.6396656,20.66720677,20.27552778,20.56622638,54198400
8/3/2001,20.46831703,20.61213725,20.19597752,20.59377801,43260400
8/6/2001,20.23575401,20.53869532,20.09805512,20.35815433,27831600
8/7/2001,20.30307961,20.5172808,20.19291953,20.20822045,31347800
8/8/2001,19.84712982,20.57540787,19.73390915,20.35202952,54996400
8/9/2001,19.8930397,20.05827981,19.67578021,19.88386009,45536200
8/10/2001,20.04909515,20.15313624,19.2473776,19.81959543,51756400
8/13/2001,20.14396286,20.1929216,19.81348259,19.9634218,32675400
8/14/2001,19.79511833,20.22351598,19.72167673,20.11947722,36481200
8/15/2001,19.33917618,19.90527617,19.33917618,19.80123509,39503000
8/16/2001,19.7736969,19.80123575,19.186177,19.22901677,43905600
8/17/2001,18.93525887,19.62375692,18.81897867,19.51665751,52234200
8/20/2001,19.18618584,19.20148559,18.6965855,18.8679458,48371200
8/21/2001,18.59864998,19.33916941,18.57723011,19.18616965,47111800
8/22/2001,18.56193352,18.71187382,18.07845481,18.70575369,78107200
8/23/2001,18.09070015,18.82815931,18.05398052,18.5649994,51813200
8/24/2001,18.98727989,19.05765968,18.12436089,18.23758044,63399000
8/27/2001,19.0668354,19.38813475,18.84039519,18.94137561,44562800
8/28/2001,18.58641624,19.26267508,18.53745636,19.07601514,47422800
8/29/2001,18.43648529,18.7577848,18.21922574,18.68128486,48170000
8/30/2001,17.42362213,18.25594167,17.29510282,18.06622219,97632000
8/31/2001,17.45728111,17.76634144,17.22778136,17.39608094,57900800
9/4/2001,17.16657829,18.07845819,17.15739868,17.50011793,67189200
9/5/2001,17.66842461,17.86732373,16.94932455,17.19106462,89470600
9/6/2001,17.14209938,17.86731818,17.10537975,17.30733946,112356800
9/7/2001,16.95237732,17.55213622,16.92483731,17.16963674,89863800
9/10/2001,17.61945343,17.73267293,16.73817446,16.80549356,84471800
9/17/2001,16.19044495,16.8605839,16.15678479,16.53010482,127502000
9/18/2001,16.62190247,16.82998234,16.27000237,16.3434428,83182600
9/19/2001,16.48420143,16.73818171,15.4835824,16.66474128,126950200
9/20/2001,15.53253841,16.09863835,15.5049984,16.0190778,117983200
9/21/2001,15.21124649,15.48358607,14.53498736,14.66350669,184976600
9/24/2001,15.91503334,16.04967387,15.2601946,15.498875,85580200
9/25/2001,15.69778538,16.21798513,15.34894588,15.99460548,84940600
9/26/2001,15.38260746,15.8507867,15.16228727,15.76204649,58524400
9/27/2001,15.2877388,15.50805887,14.6879799,15.33057855,81191200
9/28/2001,15.65800285,15.78652332,14.98786398,15.18370359,116641200
10/1/2001,15.84771824,16.06497766,15.4254385,15.5876179,69999600
10/2/2001,16.23328209,16.38628192,15.77734324,15.79876312,80860800
10/3/2001,17.20635605,17.42055599,16.03437828,16.05885764,97199200
10/4/2001,17.27062607,17.87038649,17.20024626,17.41750581,101778000
10/5/2001,17.6622963,17.7479758,16.81161666,17.18493653,80844400
10/8/2001,17.76021957,17.94687954,17.36242027,17.3807795,60605800
10/9/2001,16.69534492,17.61640356,16.58212419,17.59498367,99477600
10/10/2001,16.98603439,17.0594748,16.21797604,16.4015753,86349200
10/11/2001,17.2339077,17.39302773,16.70452821,17.0625474,83742600
10/12/2001,17.25226021,17.3318196,16.6922803,17.04418036,63307000
10/15/2001,17.76633644,17.90097584,17.09007647,17.10537738,68437000
10/16/2001,17.88567924,18.0264388,17.50623918,17.70819889,66169000
10/17/2001,17.14516258,18.14578173,17.12986283,18.09070169,73710600
10/18/2001,17.36547661,17.61945683,16.98297712,17.24001682,78348000
10/19/2001,17.71737862,17.75103759,17.02275933,17.56437881,91219600
10/22/2001,18.40893745,18.41505759,17.58579888,17.71737881,72323600
10/23/2001,18.49155807,18.80061719,18.17637882,18.50379834,80325000
10/24/2001,18.76390266,18.85570235,18.24370291,18.51298299,79141400
10/25/2001,19.14332962,19.15556871,18.22839058,18.54663035,75318200
10/26/2001,19.03317451,19.47075402,18.99645489,19.06989414,64509400
10/29/2001,18.24981689,19.03317633,18.2192174,19.00257567,55129400
10/30/2001,18.01725388,18.21921353,17.80611344,18.02949297,57395600
10/31/2001,17.79387474,18.58335299,17.77857383,18.14577353,64700000
11/1/2001,18.92300797,19.04846771,18.23756861,18.38444939,109671200
11/2/2001,18.78837776,19.28409684,18.51603711,18.95055719,83360000
11/5/2001,19.36060524,19.59316455,18.89548546,18.92914562,66401600
11/6/2001,19.82266235,19.87162343,19.02094338,19.18618352,68612000
11/7/2001,19.66048241,19.90528312,19.59316209,19.65130279,58899000
11/8/2001,19.71249008,20.21432915,19.47993094,19.72473034,74227800
11/9/2001,19.95423126,20.08887182,19.55643206,19.6880108,48013600
11/12/2001,20.13171387,20.33061407,19.47687491,19.79817309,57752800
11/13/2001,20.77737808,20.79267667,20.37957758,20.44077891,60159600
11/14/2001,20.18068123,20.9120204,20.13172249,20.87836257,88625600
11/15/2001,20.23269081,20.51727048,20.02766934,20.22656951,77922000
11/16/2001,20.11948013,20.38264006,19.87467944,20.30614014,59249000
11/19/2001,20.36121368,20.49279361,20.10417281,20.27247352,56005000
11/20/2001,20.01237679,20.74677638,19.89915608,20.333675,65921800
11/21/2001,19.59928131,19.76757974,19.42486041,19.69414047,50785200
11/23/2001,19.80122948,19.83182896,19.46768994,19.70024907,15754600
11/26/2001,19.93282127,20.10724102,19.70638214,19.88692085,41983600
11/27/2001,19.50441742,19.91139633,19.20147726,19.82571681,90819000
11/28/2001,19.21678162,19.62070231,19.19536173,19.33000118,54536600
11/29/2001,19.84102058,19.85938215,19.26268247,19.31470186,54034400
11/30/2001,19.64823151,19.91445196,19.562552,19.78593271,48234200
12/3/2001,19.81958961,19.96035146,19.52277085,19.53195163,47211800
12/4/2001,20.19598579,20.22046634,19.61458574,19.88998601,51005800
12/5/2001,20.83857155,20.85999143,19.95117227,20.34591202,74243000
12/6/2001,21.0068779,21.11397732,20.67027873,20.80185868,56026200
12/7/2001,20.75595665,21.06501461,20.36427747,20.88447594,42334800
12/10/2001,20.52034187,20.94568133,20.45914286,20.66110147,38367400
12/11/2001,20.59988403,20.84774285,20.52338417,20.70392507,54334000
12/12/2001,20.7926693,20.80185124,20.27247097,20.5509317,47884200
12/13/2001,20.27859688,20.88141659,20.21739788,20.54175678,53227800
12/14/2001,20.63661385,20.79267196,20.17455379,20.20209264,43000600
12/17/2001,21.10786057,21.14763969,20.5509412,20.55399951,57079800
12/18/2001,21.19659424,21.23637569,20.99157504,21.08949483,47255200
12/19/2001,21.26390648,21.38630676,20.94566669,20.99768838,56996200
12/20/2001,20.42853546,21.19047387,20.3856957,21.15987437,78585000
12/21/2001,20.66721344,20.81409194,20.50197337,20.81103363,84307600
12/24/2001,20.58459854,20.81715896,20.56317866,20.72229981,11701600
12/26/2001,20.71005058,21.13538979,20.62131043,20.63049004,29328000
12/27/2001,20.76207542,21.02523531,20.58153675,20.80185687,32406600
12/28/2001,20.76819992,21.06807831,20.7161782,20.87836,28787200
12/31/2001,20.2724781,20.95485839,20.2724781,20.75901646,43006200
1/2/2002,20.51421928,20.53563917,20.04604014,20.39487959,48124000
1/3/2002,21.18435478,21.19047375,20.52951345,20.53563475,67590800
1/4/2002,21.08337784,21.39243816,21.01299689,21.19047726,52731400
1/7/2002,20.97933006,21.42608916,20.91507043,21.3434703,58508800
1/8/2002,21.23025322,21.37713407,20.80797458,21.01911507,47736400
1/9/2002,21.0252285,21.60968875,20.97626979,21.3342887,76304000
1/10/2002,21.19965172,21.35877282,20.84775171,20.95485344,50296600
1/11/2002,20.99462891,21.51788785,20.83856849,21.27308728,72993200
1/14/2002,20.95179749,21.1262172,20.7284167,20.8997781,50997800
1/15/2002,21.28227806,21.30369794,20.96097747,21.00993854,60717400
1/16/2002,20.76819992,21.37101735,20.76207862,21.06807831,61955400
1/17/2002,21.37713814,21.41997791,20.93037888,20.970158,78958000
1/18/2002,20.22657776,20.76207718,20.01849789,20.53257743,107140400
1/22/2002,19.72474098,20.38875979,19.66048132,20.38264082,76837200
1/23/2002,19.50441742,19.80123627,19.3514176,19.59927773,80403000
1/24/2002,19.76757622,19.94505657,19.52277674,19.6145764,83886000
1/25/2002,19.52277374,19.84407308,19.43403358,19.64211456,48981200
1/28/2002,19.52889442,19.70637475,19.25043483,19.65435538,41622000
1/29/2002,19.0698967,19.73697598,18.96891743,19.55337667,58666000
1/30/2002,19.23207664,19.24737756,18.76695823,19.10967749,66100000
1/31/2002,19.49523926,19.52583993,19.00869972,19.29634017,69566200
2/1/2002,19.17393684,19.73697621,19.11579733,19.62987681,63462200
2/4/2002,18.70269966,19.18311905,18.58948011,19.09438004,70308400
2/5/2002,18.71187592,19.04235487,18.51297571,18.60477536,66772600
2/6/2002,18.48238182,18.93832071,18.4364814,18.85264117,66103000
2/7/2002,18.29878426,18.85264421,18.2834845,18.45178413,63314000
2/8/2002,18.55888748,18.56194697,18.00196796,18.3967068,61283000
2/11/2002,18.70575905,18.7394192,18.2345193,18.3630386,50899600
2/12/2002,18.40280724,18.62006657,18.36608763,18.50990775,44973800
2/13/2002,18.91689301,18.9352534,18.34467415,18.43953326,54168600
2/14/2002,18.87405777,19.27491772,18.76389771,18.97197756,57267000
2/15/2002,18.43035126,18.99033095,18.42117165,18.88017093,50179800
2/19/2002,18.03256035,18.40281966,17.9315799,18.33243988,52262600
2/20/2002,18.32938194,18.47014152,17.99278158,18.1763821,50492000
2/21/2002,17.76328468,18.44260448,17.75104441,18.27430486,59398400
2/22/2002,17.7449131,17.97747223,17.48787345,17.76327233,71347800
2/25/2002,18.0784626,18.32632161,17.71432222,17.72962197,51832200
2/26/2002,17.91628075,18.35998051,17.71738166,18.08458033,63276200
2/27/2002,17.86731339,18.40587324,17.74491427,18.07539317,65750000
2/28/2002,17.85202408,18.26818389,17.7908239,17.98666354,68068000
3/1/2002,18.77919769,18.79449744,18.00807846,18.06927862,62115600
3/4/2002,19.36977768,19.43097784,18.62619843,18.73941915,74464200
3/5/2002,19.30245781,19.54725729,19.07601756,19.27797728,55926400
3/6/2002,19.47076035,19.49218023,19.03012005,19.2504402,49835400
3/7/2002,19.1923027,19.54726233,18.92914276,19.4830015,58079200
3/8/2002,19.56867981,19.7981784,19.32999926,19.47076001,57701800
3/11/2002,19.68801498,19.88997586,19.2779766,19.4340359,43718200
3/12/2002,19.13722229,19.2167817,18.8710017,19.13110216,66407200
3/13/2002,19.00257492,19.28409516,18.95667568,18.99645596,44387400
3/14/2002,18.73329926,19.04541904,18.68127871,19.01481838,51819600
3/15/2002,19.12192154,19.12804051,18.65680186,18.66598148,69086800
3/18/2002,19.01480675,19.274907,18.72716767,19.19840713,52296800
3/19/2002,19.0423584,19.27797827,18.81897879,19.02705865,36376400
3/20/2002,18.39056778,18.97808737,18.39056778,18.78836803,55235200
3/21/2002,18.77614403,18.84652383,18.3079648,18.42424386,46123400
3/22/2002,18.49767113,18.70881037,18.42729138,18.68127037,41341400
3/25/2002,18.12435532,18.59865444,18.09987596,18.5068548,47752400
3/26/2002,18.0784626,18.64150092,17.84284269,18.08458157,69357200
3/27/2002,18.18861961,18.32326021,17.92852037,17.99278002,47318400
3/28/2002,18.45484352,18.55888347,18.25594324,18.34468344,43901200
4/1/2002,18.47625732,18.48237746,18.11517768,18.30795777,47010000
4/2/2002,17.52766037,18.08152018,17.47564099,18.02338067,76509400
4/3/2002,17.23695755,17.62863665,16.98297733,17.57661612,76931400
4/4/2002,17.27367973,17.43279968,16.95849931,17.12985953,61763800
4/5/2002,17.09619331,17.53377273,17.0870137,17.40831297,50166000
4/8/2002,17.50930214,17.53684216,16.6035422,16.61578246,73389600
4/9/2002,16.79019737,17.57355675,16.76877749,17.54295726,63413000
4/10/2002,17.22778511,17.47564532,16.84834609,16.86670532,75636400
4/11/2002,16.76571846,17.27367775,16.6769783,17.10231756,58165800
4/12/2002,17.11456108,17.21554036,16.78714154,16.87588172,52297600
4/15/2002,17.04112053,17.36548059,16.95238152,17.13598084,47388800
4/16/2002,17.68984795,17.778587,17.24614803,17.2583883,51921600
4/17/2002,17.32876778,17.83366671,17.26450694,17.73268739,55158600
4/18/2002,17.24919128,17.53683156,16.12005356,17.37771168,74794800
4/19/2002,17.50317383,17.74185309,17.39913394,17.57661306,104268600
4/22/2002,17.01052284,17.35018269,16.82998298,17.29510265,51465200
4/23/2002,16.52092361,17.08090243,16.30978308,17.0441828,68281400
4/24/2002,16.22411346,16.65557324,16.21799333,16.47809275,61220400
4/25/2002,16.44135666,16.66167672,16.18125749,16.18737762,57290400
4/26/2002,15.75898266,16.6616819,15.74674239,16.5454017,62776600
4/29/2002,15.98542023,16.19043941,15.7406196,15.74980039,70246000
4/30/2002,15.99154663,16.30978666,15.88750667,15.94258672,77384000
5/1/2002,16.14147758,16.27611698,15.50193843,15.96093779,76413000
5/2/2002,15.67023659,16.54539548,15.65187736,16.10781603,79009200
5/3/2002,15.16533852,15.81405725,15.1500376,15.68553683,71628000
5/6/2002,14.87770081,15.46522067,14.8012009,15.12862039,66299400
5/7/2002,15.13780689,15.38872658,14.79508636,15.04906669,88385400
5/8/2002,16.82079506,16.82079506,15.67329679,15.68859653,101242000
5/9/2002,15.94870281,16.82998221,15.88138368,16.64638287,83288200
5/10/2002,15.31528759,16.11700663,15.29692835,16.07416685,64408800
5/13/2002,16.12311935,16.19043964,15.2234809,15.43768087,64819000
5/14/2002,16.79326439,16.86058353,16.51786418,16.64638467,64832400
5/15/2002,16.7534771,17.27061597,16.48113766,16.67391772,70412000
5/16/2002,17.05641937,17.14515838,16.72287974,16.74123897,53406400
5/17/2002,17.14516258,17.25838331,16.91260333,17.20024262,54646200
5/20/2002,16.52704239,16.99828218,16.37098306,16.98298243,52115800
5/21/2002,15.97011852,16.7075775,15.95175929,16.50867847,63120000
5/22/2002,16.42912483,16.43830562,15.86608529,15.87220543,54169400
5/23/2002,16.77489662,16.78101675,16.22103697,16.43217742,51412800
5/24/2002,16.29753685,16.68309697,16.23021774,16.5668168,35982000
5/28/2002,16.00990105,16.42912023,15.83548135,16.39852073,49602000
5/29/2002,15.92727947,16.13229982,15.77427967,15.80488033,45393200
5/30/2002,16.10782242,16.32814255,15.7375631,15.80182275,63213000
5/31/2002,15.57843685,16.3464952,15.56925724,16.18737646,66468000
6/3/2002,15.12250423,15.80182392,15.04600431,15.60292483,88439000
6/4/2002,15.29386425,15.67636386,15.06742513,15.14698454,88008400
6/5/2002,15.80794144,15.83548145,15.40096252,15.43156202,66969400
6/6/2002,15.88138199,15.95482125,15.2999822,15.75898166,78703400
6/7/2002,15.90586281,16.09558228,15.25714383,15.26632345,97834400
6/10/2002,16.16289139,16.30977099,15.74673194,15.80487258,71825400
6/11/2002,16.08640289,16.57906256,16.04050247,16.29142328,74368200
6/12/2002,16.99522018,17.06865944,16.064981,16.08946154,136198600
6/13/2002,16.59129524,16.97685414,16.58517511,16.78101463,79771600
6/14/2002,16.90647697,16.99827662,16.21797791,16.26387832,109433600
6/17/2002,17.03805542,17.27061457,16.94319514,17.03193529,94486600
6/18/2002,17.13292694,17.22472663,16.93708612,16.99216617,77518400
6/19/2002,16.63414001,17.11761882,16.62189975,16.97379979,81247000
6/20/2002,16.5545845,16.86058423,16.49338549,16.63720457,86401200
6/21/2002,15.99765778,16.69227697,15.99765778,16.34037815,116820000
6/24/2002,16.57294464,16.71982437,15.86608487,15.93952532,104523200
6/25/2002,16.2026844,16.82998356,16.15678398,16.73818388,84025200
6/26/2002,16.56375504,16.6433144,15.62127591,15.62127591,112131400
6/27/2002,16.80549049,16.81161062,16.17513233,16.70757076,95812400
6/28/2002,16.73818779,17.07172759,16.52398772,16.69228736,89555600
7/1/2002,16.1139431,16.64332241,16.08946373,16.56070235,66473800
7/2/2002,15.74061871,16.19349797,15.70695973,16.02825907,82814200
7/3/2002,15.86302471,16.0711046,15.43768531,15.67942536,80936600
7/5/2002,16.78408051,16.79938142,16.23328136,16.24552163,35673600
7/8/2002,16.19350433,16.80856441,16.08946555,16.64944442,63199400
7/9/2002,16.28223991,16.74735949,16.20880066,16.31284058,85277200
7/10/2002,15.98542023,16.58517919,15.95176008,16.42911873,90673400
7/11/2002,16.19044495,16.23940485,15.68248546,15.92422552,129550600
7/12/2002,15.86914253,16.44136157,15.75286233,16.3312015,95733800
7/15/2002,15.85078239,15.86914279,14.6879839,15.72532258,136965600
7/16/2002,15.68248177,16.15678098,15.4958218,15.70084216,97154600
7/17/2002,15.91198158,16.30978089,15.65800132,16.07110154,98034800
7/18/2002,15.6396389,16.13841855,15.50193885,15.93033874,91053600
7/19/2002,15.16533852,15.57231732,14.93583885,15.26019763,112543400
7/22/2002,14.53804493,15.2969252,14.0453864,14.97868524,180069800
7/23/2002,13.16104507,14.32078408,13.14880598,14.22592494,168061600
7/24/2002,14.14635944,14.18613971,12.67144167,12.77548156,202307800
7/25/2002,13.10596943,13.98724784,12.98662855,13.90768842,163411400
7/26/2002,13.87708664,13.89544704,13.36606767,13.38442808,123538000
7/29/2002,14.76448154,14.77978129,14.24428196,14.33608161,112148600
7/30/2002,14.71858215,14.94196292,14.48296346,14.55028259,122690600
7/31/2002,14.68185902,14.68797915,14.18614005,14.5686395,93875600
8/1/2002,13.99948788,14.7155273,13.92298794,14.55946795,92002800
8/2/2002,13.58944607,14.0300852,13.40278607,13.92604526,85947600
8/5/2002,13.46092701,13.82200557,13.40584697,13.55272668,78941600
8/6/2002,13.97500896,14.45848916,13.72102976,13.73939017,88715800
8/7/2002,14.40952396,14.47378361,13.81894453,14.38198395,86349400
8/8/2002,14.96644497,14.99398499,14.20144574,14.41564575,88748000
8/9/2002,14.72469902,15.03987937,14.5839395,14.7338798,69049400
8/12/2002,14.83180523,14.91748477,14.56558466,14.56864531,56866600
8/13/2002,14.40034866,15.20818782,14.35750772,14.68492852,100122800
8/14/2002,15.21124649,15.21736663,14.44624716,14.45848743,96706000
8/15/2002,15.22960377,15.52642382,14.91748396,15.28774328,98745600
8/16/2002,15.29998112,15.37036089,14.96950096,15.12556143,69334000
8/19/2002,15.91198158,15.92728133,15.25408188,15.31222256,79848200
8/20/2002,15.6182251,15.82018485,15.5294849,15.72226504,70317600
8/21/2002,15.99765778,16.02825843,15.65187909,15.77733887,81203400
8/22/2002,16.28835869,16.35567897,16.09557861,16.17207851,72517600
8/23/2002,15.97930336,16.17208231,15.86302316,16.1139428,57929200
8/26/2002,15.94257259,16.11087324,15.66105363,16.06497285,55652400
8/27/2002,15.55701923,16.04967876,15.49887973,16.01295914,65470200
8/28/2002,15.11026096,15.50194009,15.08578043,15.44686007,68875000
8/29/2002,15.47746086,15.60598014,14.84710124,14.96032077,94275600
8/30/2002,15.01846409,15.44686292,14.99398355,15.34282299,58138400
9/3/2002,14.38810349,14.84710295,14.38198335,14.84710295,74452600
9/4/2002,14.75224781,14.87158753,14.42788882,14.51968851,80232000
9/5/2002,14.0484457,14.54110539,14.03926608,14.53498525,90438800
9/6/2002,14.63289833,14.77059836,14.52579896,14.61147846,69918400
9/9/2002,14.90218639,14.97868632,14.26876708,14.45848657,81653200
9/10/2002,15.23573017,15.24490979,14.79508972,14.85323042,83950000
9/11/2002,14.8654623,15.63658033,14.85016139,15.37036098,77443200
9/12/2002,14.42788219,14.77978105,14.38810192,14.73388181,63726800
9/13/2002,14.66044331,14.76754272,14.33608325,14.35138417,59549200
9/16/2002,14.62066746,14.72776807,14.39728778,14.56558741,50166200
9/17/2002,14.47072697,14.9633867,14.44624643,14.89300574,73343400
9/18/2002,14.61148071,14.76142103,14.27794111,14.2963015,83951800
9/19/2002,14.44319057,14.63291012,14.25653051,14.28407054,77777600
9/20/2002,14.52274036,14.68798042,14.47378048,14.59924026,130619200
9/23/2002,13.84037018,14.29324972,13.71185083,14.25958956,89783800
9/24/2002,13.96581841,14.22285806,13.65675939,13.71795953,104142200
9/25/2002,14.23204517,14.36974527,13.7852859,14.19838619,107116600
9/26/2002,14.13718414,14.53498346,14.06068423,14.41564378,100852200
9/27/2002,13.84649086,14.41259002,13.82813045,14.08823098,81011600
9/30/2002,13.38442612,13.78222546,13.191646,13.7302049,115577000
10/1/2002,14.14635944,14.15247957,13.21612051,13.56190033,110636600
10/2/2002,13.95664692,14.3238468,13.81894682,14.10658612,103488600
10/3/2002,13.70878601,14.25652574,13.64758584,13.86178586,105221400
10/4/2002,13.39360332,13.9444024,13.3691228,13.88932238,107120400
10/7/2002,13.47928238,13.78834263,13.36912233,13.40584313,89790000
10/8/2002,13.76692963,14.06986873,13.50376965,13.69348917,115667600
10/9/2002,13.46092701,13.90768628,13.40584697,13.53436628,123142600
10/10/2002,14.19227028,14.26570957,13.23449063,13.46399047,118515000
10/11/2002,14.95420551,14.9633863,14.38504587,14.49214646,108828800
10/14/2002,15.08272552,15.09496579,14.63902573,14.76448556,76216200
10/15/2002,16.00072289,16.02520225,15.49888362,15.68554243,133374200
10/16/2002,15.42544174,15.68554097,15.38566146,15.41932161,95437400
10/17/2002,15.53560257,16.06498183,15.31528245,15.99766153,182602400
10/18/2002,16.26388359,16.27918334,15.64882358,16.09558283,152817200
10/21/2002,16.06803703,16.21491786,15.71613823,15.90279815,112378600
10/22/2002,15.81100082,15.89056138,15.61516124,15.73756156,87159000
10/23/2002,16.27917671,16.29753594,15.73755735,15.73755735,110866600
10/24/2002,15.6763525,16.33119117,15.57537328,16.32813169,95833400
10/25/2002,16.12005997,16.15677959,15.65494041,15.68248042,75425800
10/28/2002,15.89668083,16.37098002,15.76204025,16.34038052,79906600
10/29/2002,15.93340015,16.0619206,15.56008024,15.95788068,90517200
10/30/2002,16.25164223,16.33732176,15.79876287,15.97318258,94451200
10/31/2002,16.36180496,16.54540432,16.1720843,16.27612425,105973800
11/1/2002,16.21797562,16.29141602,15.88137659,16.04355597,105097800
11/4/2002,17.16657829,17.51847832,16.98909912,17.36547851,139964200
11/5/2002,17.34405708,17.38077671,17.007458,17.06865698,76658200
11/6/2002,17.45116425,17.47258413,16.99216465,17.43892514,115407000
11/7/2002,17.13903809,17.32569804,16.98297879,17.19717876,73699600
11/8/2002,16.86057472,17.3042743,16.83303472,17.13597478,64522200
11/11/2002,16.48114014,16.86057902,16.46889987,16.85139941,58341200
11/12/2002,16.68004036,16.96156064,16.49338155,16.55458055,81398600
11/13/2002,16.94013977,17.11455947,16.55764023,16.59742051,107370200
11/14/2002,17.43892479,17.44198427,17.09620426,17.13292507,78337000
11/15/2002,17.34712219,17.41750198,17.03500237,17.31958217,77533600
11/18/2002,17.09007645,17.45115605,17.05641747,17.42667669,58086400
11/19/2002,16.78714561,17.07478494,16.61884599,16.99828501,76403400
11/20/2002,17.32570457,17.41138529,16.80856545,16.83304482,76435400
11/21/2002,17.69901276,17.74797263,17.37465284,17.43585298,82922200
11/22/2002,17.81529427,17.83977362,17.45727418,17.57967447,70002000
11/25/2002,17.8183651,17.94382495,17.61640531,17.7663457,61583000
11/26/2002,17.41138077,17.82447983,17.37465997,17.63781986,68650400
11/27/2002,17.77245903,17.93463846,17.56437919,17.62557818,55191800
11/29/2002,17.65005875,17.94075863,17.65005875,17.87955847,28393000
12/2/2002,17.65312576,18.0417456,17.44504583,17.94688642,63735000
12/3/2002,17.35322762,17.54906707,17.26142802,17.5276472,58457400
12/4/2002,17.30122566,17.57662473,17.08090547,17.17576581,83892000
12/5/2002,16.934021,17.46952039,16.92178073,17.42668063,68435800
12/6/2002,16.97380257,17.05642262,16.59130297,16.79020206,71670200
12/9/2002,16.38015747,16.89729752,16.37403734,16.82997724,63862800
12/10/2002,16.52704239,16.67086261,16.36486293,16.38934347,63730200
12/11/2002,16.7259388,16.83303819,16.39545982,16.47807869,69186200
12/12/2002,16.5759964,16.848337,16.42911674,16.82997661,55242000
12/13/2002,16.06497574,16.44747516,16.06191626,16.42605529,65245400
12/16/2002,16.67086601,16.6922859,16.11700605,16.21798653,60140400
12/17/2002,16.63414001,16.82692011,16.45665967,16.65249925,49549800
12/18/2002,16.38015747,16.64637795,16.15371843,16.47501776,62709400
12/19/2002,16.25164223,16.75348149,16.18126245,16.29448199,82686600
12/20/2002,16.23022079,16.43830064,16.20268078,16.36792086,98294600
12/23/2002,16.52397919,16.60965871,16.18738008,16.23327932,48798400
12/24/2002,16.46889877,16.59435857,16.37709912,16.38321926,18386000
12/26/2002,16.33732033,16.73511962,16.27000003,16.53315991,37228000
12/27/2002,16.20880318,16.52398247,16.18738329,16.30366233,40891600
12/30/2002,16.14147758,16.29141789,15.99459793,16.22103696,48019600
12/31/2002,15.82018089,16.21492069,15.68554031,16.13842078,58208800
1/2/2003,16.4383049,16.44748452,15.82324483,16.0037847,67025200
1/3/2003,16.45972252,16.462782,16.18126287,16.39852235,55546800
1/6/2003,16.75960159,16.90036116,16.46278155,16.53010185,59456200
1/7/2003,17.07478142,17.13904107,16.73206211,16.80550138,80517400
1/8/2003,16.59741974,16.99827849,16.55763946,16.94319847,64566000
1/9/2003,17.07783699,17.11149596,16.68615673,16.7442974,61808000
1/10/2003,17.11149597,17.22777614,16.79937743,16.86057641,67730200
1/13/2003,17.25531769,17.36547773,17.06559826,17.29509796,60817800
1/14/2003,17.43279839,17.441978,17.19411789,17.23695882,54206400
1/15/2003,17.2185955,17.53989481,17.19411498,17.44197505,59622600
1/16/2003,16.9370842,17.33488477,16.86364492,17.2339043,81371000
1/17/2003,15.74674225,16.21798201,15.700843,16.19962161,155876000
1/21/2003,15.70696449,15.95788414,15.69472423,15.87220344,86159200
1/22/2003,15.60597324,16.03437298,15.57843324,15.78651298,86948000
1/23/2003,15.99765778,16.07721832,15.74673821,15.89667852,71374800
1/24/2003,15.25407791,15.92727719,15.20817868,15.92115706,103027000
1/27/2003,15.0460062,15.48358591,14.81344692,15.09190663,114838600
1/28/2003,14.93890476,15.20818482,14.85934536,15.20512417,86151200
1/29/2003,15.272439,15.31221928,14.66655997,14.9113594,106884000
1/30/2003,14.76142788,15.3520063,14.74612696,15.34894682,87877400
1/31/2003,14.52274036,14.79507981,14.39116045,14.51968088,106858400
2/3/2003,14.85934067,15.02457956,14.52274041,14.6665606,80129800
2/4/2003,14.47990608,14.66962557,14.34526663,14.6267858,81854800
2/5/2003,14.36974812,14.85016763,14.29936831,14.63596874,101072000
2/6/2003,14.51050472,14.57170489,14.24734597,14.33914564,83312000
2/7/2003,14.25346088,14.67267998,14.20144035,14.6512601,75208000
2/10/2003,14.49826336,14.54110312,14.24122361,14.32078301,74081400
2/11/2003,14.21062279,14.5870022,14.07598337,14.47378266,84292000
2/12/2003,14.21062279,14.4125825,14.15554276,14.24428293,71315200
2/13/2003,14.37892342,14.41870253,14.11576354,14.20144307,73558200
2/14/2003,14.7797823,14.84098246,14.31160322,14.45848291,90446400
2/18/2003,15.27549744,15.29385783,14.93277826,15.06741881,57415500
2/19/2003,15.06061459,15.27550215,14.83958604,15.23866445,46902700
2/20/2003,14.82116127,15.26935802,14.7966032,15.20796109,50897200
2/21/2003,15.12199879,15.22637317,14.55101076,14.91325119,56853200
2/24/2003,14.77819061,15.0421967,14.63697844,15.005359,62403700
2/25/2003,14.85186291,14.90098022,14.35454877,14.45278457,68113000
2/26/2003,14.49575996,15.02377074,14.47734053,14.7781842,57096000
2/27/2003,14.47734165,14.86414034,14.30543047,14.6738109,75434300
2/28/2003,14.55102539,14.77819263,14.45892936,14.57558347,56585400
3/3/2003,14.45278358,14.80888439,14.36682741,14.74748746,50653500
3/4/2003,14.16421509,14.52645562,14.15807528,14.47733832,56605700
3/5/2003,14.39138889,14.45892448,14.15194093,14.16422055,55415900
3/6/2003,14.28701305,14.42822519,14.20105687,14.22561612,54607600
3/7/2003,14.46506596,14.60627929,14.05984772,14.09054678,66167600
3/10/2003,14.09055233,14.40367467,14.05371344,14.3115798,48413600
3/11/2003,13.99844837,14.28087383,13.9738903,14.15807995,53990700
3/12/2003,14.36069489,14.39139395,13.84496226,14.0045939,72379500
3/13/2003,15.14657021,15.18954772,14.39139086,14.56330092,80701300
3/14/2003,15.26322174,15.32461751,14.89484126,15.15270748,75451400
3/17/2003,15.92017269,15.93245232,14.93782475,15.05447887,100983800
3/18/2003,15.98770905,15.98770905,15.65616614,15.89561301,78108800
3/19/2003,16.15962029,16.22715707,15.80351927,15.95087129,73652100
3/20/2003,16.11663628,16.28240767,15.76053541,15.97542413,71798500
3/21/2003,16.31310654,16.4543187,15.98156489,16.42362081,85586800
3/24/2003,15.52723122,15.92016985,15.45969445,15.68686166,61105200
3/25/2003,15.6500206,15.80965218,15.36759631,15.71755735,63595100
3/26/2003,15.50266647,15.72983477,15.49652666,15.63159898,51673600
3/27/2003,15.3737402,15.50881257,15.09745447,15.31234324,60043300
3/28/2003,15.14657021,15.41057628,15.10359269,15.14657021,39584600
3/31/2003,14.86414719,15.17113082,14.74135443,14.88870644,71384000
4/1/2003,14.95009995,15.16498868,14.888703,15.01763553,49803200
4/2/2003,15.79123783,15.96314909,15.41057878,15.41057878,68282500
4/3/2003,15.797369,16.01839748,15.71755382,15.95700055,57394300
4/4/2003,15.40443611,15.84035223,15.30620146,15.81579415,55740600
4/7/2003,15.45355606,16.22715495,15.45355606,16.10436103,65627100
4/8/2003,15.70527649,15.85876825,15.47196953,15.53950511,54132100
4/9/2003,15.08517838,15.76054273,15.0667601,15.72370501,76875800
4/10/2003,15.09745502,15.22024895,14.9071255,15.17113044,51608900
4/11/2003,14.85799885,15.4596861,14.70450713,15.28163515,71565500
4/14/2003,15.20182896,15.27550437,14.73521372,14.90098515,51599600
4/15/2003,15.10358906,15.22024312,14.79660555,15.15270637,63399000
4/16/2003,15.30006313,15.80351607,15.10359381,15.71756103,86178700
4/17/2003,15.65616226,15.68072151,15.18954709,15.20796653,58356600
4/21/2003,15.47811699,15.72370488,15.39830175,15.72370488,41557800
4/22/2003,15.81579876,15.84035684,15.36760288,15.38602115,58844000
4/23/2003,15.79123783,15.95700928,15.63774601,15.80965727,55559300
4/24/2003,15.6500206,15.79123275,15.54564615,15.64388079,51703600
4/25/2003,15.48425674,15.74212309,15.45355884,15.55179353,53657400
4/28/2003,15.80351162,15.9263055,15.54564541,15.58862292,56287600
4/29/2003,15.84034824,16.11663386,15.76667286,15.93244423,65877300
4/30/2003,15.69913864,15.88946812,15.50266936,15.79737328,55566800
5/1/2003,15.79123783,15.93245119,15.55793078,15.68072471,42085800
5/2/2003,16.02454758,16.1412017,15.69300466,15.74826181,52695400
5/5/2003,15.87718773,16.2025895,15.86490811,16.1166345,50391500
5/6/2003,16.19031715,16.27013238,15.85263446,15.87719371,54299500
5/7/2003,15.95700455,16.17803307,15.86490972,16.03068111,49120000
5/8/2003,15.80351162,16.0490982,15.78509219,15.80965143,46401400
5/9/2003,16.18416977,16.27012477,15.89560454,15.90174435,58913600
5/12/2003,16.08593941,16.25170964,15.99998321,16.05524035,53900800
5/13/2003,15.95700455,16.08593825,15.8956076,15.9877036,44501900
5/14/2003,15.72984028,16.07366158,15.68072295,16.01226463,45021000
5/15/2003,15.83420944,15.96928176,15.69913595,15.87104713,45450200
5/16/2003,15.69913864,15.99384257,15.600904,15.88946812,60620900
5/19/2003,15.20182896,15.68072382,15.18954933,15.59476761,55336300
5/20/2003,15.12199879,15.34916697,15.04218363,15.26321201,52677600
5/21/2003,14.75362778,15.17112436,14.6676716,15.12200705,108960900
5/22/2003,14.8334446,14.90098135,14.7597692,14.85800384,93157100
5/23/2003,14.87028217,15.06675262,14.75362927,14.85800372,76968000
5/27/2003,15.22024822,15.28164401,14.87028592,14.88870536,68486800
5/28/2003,14.98693466,15.2693601,14.91939792,15.21410297,91467000
5/29/2003,14.98080158,15.14657303,14.8764271,15.02377911,75451300
5/30/2003,15.10973263,15.29392231,15.04833568,15.18340803,85096700
6/2/2003,15.12814713,15.36759506,15.08516962,15.33689601,66310800
6/3/2003,15.27549934,15.30005859,15.08516989,15.19568414,61058200
6/4/2003,15.26936436,15.48425193,15.18954797,15.34303976,83484600
6/5/2003,14.79046631,15.05447233,14.74134899,15.02377327,115877900
6/6/2003,14.5326004,15.07903071,14.52032078,15.00535532,119629400
6/9/2003,14.58172131,14.72293348,14.48962646,14.56330187,73610000
6/10/2003,15.15271187,15.19568939,14.6431191,14.69837625,80655300
6/11/2003,15.27549934,15.32461666,14.99307507,15.14656683,75768600
6/12/2003,15.34303856,15.43513339,15.18954678,15.33075894,66177700
6/13/2003,15.13428497,15.50266537,15.03605036,15.4719675,55157500
6/16/2003,15.58861828,15.60703771,15.14656256,15.22637774,69658600
6/17/2003,15.938591,16.04910531,15.67458604,15.74212165,122213900
6/18/2003,16.0061245,16.22715306,15.78509593,15.95086736,89957700
6/19/2003,16.0061245,16.20259381,15.96928679,16.01840412,63626900
6/20/2003,16.1657486,16.19644647,15.96927937,16.17188841,86048900
6/23/2003,15.82807064,16.11049492,15.65001964,16.04909798,52584500
6/24/2003,15.77895546,15.98770437,15.66844119,15.7482564,51820300
6/25/2003,15.508811,15.95700675,15.43513442,15.74211801,60483500
6/26/2003,15.80965042,16.27626549,15.47810768,15.58862192,51758100
6/27/2003,15.73598003,16.17189739,15.67458425,15.93245054,76040300
6/30/2003,15.74211311,16.03681816,15.65615811,15.92630391,48073100
7/1/2003,16.05524254,16.0859416,15.58862731,15.71142122,60926000
7/2/2003,16.50343513,16.53413419,16.23943027,16.27012815,94069300
7/3/2003,16.27012253,16.5464081,16.21486541,16.38677656,39440900
7/7/2003,16.83497238,16.91478756,16.54640836,16.58938586,88960800
7/8/2003,17.00689507,17.06829086,16.73060931,16.73674912,61896800
7/9/2003,16.8656826,17.00689598,16.73061021,16.92093976,62300700
7/10/2003,16.52185631,16.8349797,16.325387,16.73060524,55350800
7/11/2003,16.7674408,16.85339698,16.50957457,16.54641344,50377300
7/14/2003,16.82269669,17.07442308,16.60780799,16.96390882,60464400
7/15/2003,16.74288368,16.90251527,16.63850922,16.8656764,53567600
7/16/2003,16.89637947,16.95777643,16.69991013,16.92093755,49838900
7/17/2003,16.3867836,16.7428845,16.29468876,16.66306812,72805000
7/18/2003,16.50958061,16.71832959,16.42362556,16.64465417,63388400
7/21/2003,15.98770905,16.52185994,15.96314979,16.49730186,48480800
7/22/2003,16.196455,16.30696929,16.04296319,16.13505922,51791000
7/23/2003,16.23943329,16.36222603,16.04910261,16.22101385,49828200
7/24/2003,15.96315098,16.52800098,15.95087135,16.44204593,53556600
7/25/2003,16.50958061,16.54641949,16.0061276,16.13506135,54173000
7/28/2003,16.33766747,16.5771143,16.26399089,16.54027659,52658300
7/29/2003,16.25170898,16.51571503,16.11049683,16.50343541,62391100
7/30/2003,16.10436058,16.31310954,16.06752287,16.24557277,41240300
7/31/2003,16.21487427,16.57097521,16.15347731,16.33152837,64504800
8/1/2003,16.06752014,16.27626906,16.03682225,16.16575479,42649700
8/4/2003,16.07365799,16.21487013,15.80965196,16.05523856,51825600
8/5/2003,15.75439835,16.29469014,15.71756064,16.15347679,58825800
8/6/2003,15.74826145,16.07980437,15.61318906,15.68072584,56294900
8/7/2003,15.78509331,15.84649025,15.62546289,15.79123312,44258500
8/8/2003,15.70527649,15.95086307,15.65615917,15.88946613,33241400
8/11/2003,15.72369289,15.9569998,15.6807154,15.72369289,36433900
8/12/2003,15.797369,15.82192824,15.62545901,15.78508938,38208400
8/13/2003,15.71756172,15.89561161,15.65616476,15.83421583,39636900
8/14/2003,15.73598003,15.78509737,15.66844443,15.75439947,37338300
8/15/2003,15.68071842,15.75439381,15.61318167,15.72369593,27607900
8/18/2003,15.77895546,15.85877067,15.63160232,15.69299927,45817400
8/19/2003,16.34380531,16.36222358,15.82193302,15.87105035,72952900
8/20/2003,16.23943329,16.28855062,15.96314757,16.14733727,56739300
8/21/2003,16.1104908,16.41133443,16.04295407,16.36221713,63802700
8/22/2003,16.09823036,16.54642761,16.09209055,16.44205307,65846300
8/25/2003,16.27012253,16.29468177,16.10435119,16.15346849,36132900
8/26/2003,16.31310654,16.37450348,15.93858621,16.15347494,47546000
8/27/2003,16.22101402,16.31924868,16.14733744,16.27627117,30633900
8/28/2003,16.27626991,16.31924743,16.11049849,16.2701301,46211200
8/29/2003,16.28241348,16.30083175,16.17803899,16.2455746,34503000
9/2/2003,16.73674774,16.76130582,16.25171304,16.3929264,74168900
9/3/2003,17.37526894,17.43666588,16.81041914,16.83497839,109437800
9/4/2003,17.45507622,17.47963428,17.1849305,17.25246722,59840800
9/5/2003,17.42438698,17.65155534,17.29545444,17.33229214,64024500
9/8/2003,17.70681763,17.75593497,17.39983397,17.43053186,46105300
9/9/2003,17.41823959,17.62698724,17.38140074,17.59014956,44315200
9/10/2003,16.91479111,17.30159099,16.8718136,17.20949617,54763500
9/11/2003,17.0928421,17.25861348,16.93935035,16.98232785,37813300
9/12/2003,17.39983368,17.43667139,16.85340315,16.87182142,55777200
9/15/2003,17.41210175,17.56559347,17.39368232,17.41824156,41432300
9/16/2003,17.74365234,17.77435141,17.3875514,17.44280855,52060600
9/17/2003,17.49806404,17.77434973,17.4796446,17.65769564,47221600
9/18/2003,18.11202812,18.11816793,17.44894375,17.49192126,67268100
9/19/2003,18.39445496,18.40059477,18.12431026,18.27166223,92433800
9/22/2003,17.84802437,18.41901399,17.68839277,18.04449366,65678700
9/23/2003,18.17342758,18.24096317,17.73137049,17.87872364,57827800
9/24/2003,17.47350311,18.23482335,17.44894504,18.17956621,66336500
9/25/2003,17.33843613,17.78049215,17.3261565,17.47964832,56224500
9/26/2003,17.30773926,17.66998007,17.27704019,17.3568566,49864700
9/29/2003,17.70067787,17.74979521,17.25248201,17.44281155,47380300
9/30/2003,17.06828308,17.56559722,17.0375852,17.5533176,63333700
10/1/2003,17.51034164,17.57787723,17.0744244,17.20949791,58375900
10/2/2003,17.49806404,17.65155583,17.30773455,17.46736615,38143600
10/3/2003,17.85416412,18.08747112,17.76206929,17.90328145,57303000
10/6/2003,17.92170143,17.98923702,17.74979021,17.89714218,34047600
10/7/2003,17.89100266,18.03221599,17.7559303,17.81118744,52356800
10/8/2003,17.6945343,18.02607715,17.60857927,18.02607715,46989100
10/9/2003,17.76820755,18.01993396,17.68225136,17.94011758,62653300
10/10/2003,17.74978256,17.92783352,17.60243065,17.74978256,37604700
10/13/2003,17.66997719,17.86644651,17.49806594,17.79276993,39320300
10/14/2003,17.60857964,17.66383678,17.48578573,17.59630001,34851300
10/15/2003,17.94815636,18.0654649,17.71971471,18.02842053,57242100
10/16/2003,18.04693604,18.0963289,17.78144893,17.84936456,42232500
10/17/2003,17.86172104,18.08398963,17.78145686,18.07781537,49960000
10/20/2003,18.1210289,18.13337741,17.78145185,17.87406452,38794500
10/21/2003,18.1210289,18.17042178,18.00989463,18.1210289,44166800
10/22/2003,17.83702278,18.03459433,17.78145564,17.92346122,48798500
10/23/2003,17.84936905,17.95432907,17.34926599,17.73206052,67357900
10/24/2003,16.42931747,16.91707186,16.31200898,16.8368089,210558300
10/27/2003,16.6145401,16.73184859,16.55897298,16.6145401,65619100
10/28/2003,16.79360008,16.80594742,16.59602733,16.72568441,71752600
10/29/2003,16.50959015,16.82447028,16.46019726,16.76890313,73551500
10/30/2003,16.12678337,16.6948018,15.99712639,16.67627904,98729400
10/31/2003,16.13913727,16.32436144,16.12061568,16.28114282,69623700
11/3/2003,16.47253609,16.5157547,16.23174602,16.26879038,57772300
11/4/2003,16.09592438,16.43550155,16.05888,16.41697877,84026100
11/5/2003,16.11444664,16.2502768,16.05270523,16.14531676,61514400
11/6/2003,16.19471169,16.23793032,16.05270725,16.21323446,68189800
11/7/2003,16.11444664,16.35523684,16.07122801,16.28732117,57822100
11/10/2003,16.05270767,16.19471211,16.05270767,16.12679761,54579100
11/11/2003,15.92922401,16.10209974,15.848961,16.05888111,64990700
11/12/2003,16.04035378,16.13913954,15.80573788,15.96009078,75877300
11/13/2003,15.86129761,16.00947619,15.71311903,15.96625758,78949500
11/14/2003,15.74399853,16.0650529,15.70695415,15.86748134,83146400
11/17/2003,15.52790165,15.70695158,15.33650438,15.67608029,103900200
11/18/2003,15.52790165,15.95391599,15.50938005,15.63903593,106868300
11/19/2003,15.65138626,15.76869481,15.54025197,15.61434189,78853300
11/20/2003,15.49703789,15.82426542,15.48468937,15.54025653,106845700
11/21/2003,15.50321007,15.66991035,15.48468729,15.63904023,70712900
11/24/2003,15.88600159,15.93539447,15.60816705,15.63903716,99463800
11/25/2003,15.68225861,16.02183578,15.66991009,15.97244289,85663800
11/26/2003,15.71312618,15.82425928,15.63286201,15.81191195,69758400
11/28/2003,15.87365818,15.89835522,15.68226084,15.74400226,33402600
12/1/2003,15.95391273,16.18235432,15.74399274,15.99095709,101914600
12/2/2003,15.84278011,16.10826727,15.81191001,16.02183003,85121700
12/3/2003,15.84895039,16.09591471,15.81808029,15.94156186,93121600
12/4/2003,16.17618942,16.19471102,15.84278649,15.87983087,87202400
12/5/2003,16.04035378,16.34905959,16.00330941,16.02800526,96610900
12/8/2003,16.20087624,16.26261762,15.93538913,16.12678752,90504000
12/9/2003,16.28731728,16.42932284,16.20705429,16.32436282,103547100
12/10/2003,16.41698074,16.4416766,16.28732365,16.33054346,82853700
12/11/2003,16.42931747,16.5281032,16.22557176,16.41696896,79309000
12/12/2003,16.45402336,16.55280915,16.36141183,16.4787204,69154100
12/15/2003,16.50959015,16.73185876,16.47254577,16.70098746,88860600
12/16/2003,16.70715904,16.76890044,16.52811027,16.56515464,73978000
12/17/2003,16.69480133,16.71949717,16.57749286,16.69480133,53712300
12/18/2003,16.91707802,16.94794931,16.70098372,16.731855,61177800
12/19/2003,16.89238739,17.00969479,16.78742734,16.97265041,76856400
12/22/2003,16.78124237,16.93559522,16.65158536,16.76889386,43894800
12/23/2003,16.76272202,16.88003053,16.67628478,16.77507053,39609000
12/24/2003,16.69480133,16.76889002,16.67010431,16.75654152,19924200
12/26/2003,16.79976845,16.82446548,16.67011258,16.70098269,12076900
12/29/2003,16.95411682,16.99733661,16.76889387,16.79976397,40426700
12/30/2003,16.99116325,17.00968484,16.91707336,16.92324762,34406600
12/31/2003,16.89855385,17.00968693,16.81211543,16.92942395,42198900
1/2/2004,16.94794655,17.14551804,16.87385665,17.02820953,44487700
1/5/2004,17.37396812,17.39866516,17.11465511,17.12082937,67333700
1/6/2004,17.43570137,17.4603984,17.33074136,17.40483126,46950800
1/7/2004,17.41717911,17.4789205,17.29369751,17.39248326,54298200
1/8/2004,17.38631058,17.5838821,17.28752482,17.52831496,58810800
1/9/2004,17.07760239,17.32456676,17.03438377,17.30604516,67079900
1/12/2004,17.02204514,17.12083094,16.88621495,17.08378656,55845200
1/13/2004,16.93559837,17.06525423,16.83063837,17.0096871,51555900
1/14/2004,17.10229874,17.12082033,16.9602932,16.99116448,43907000
1/15/2004,17.00351143,17.1146445,16.92942154,17.00968451,58504100
1/16/2004,17.17021942,17.21343805,16.9973449,17.10847801,63983400
1/20/2004,17.34926987,17.41101128,17.24430983,17.27517994,63068500
1/21/2004,17.47274399,17.47274399,17.19490954,17.36778399,53570600
1/22/2004,17.29369926,17.55918644,17.25048064,17.50979356,78425200
1/23/2004,17.58388519,17.7567609,17.42335801,17.46040356,127259100
1/26/2004,17.78144836,17.79997113,17.48509117,17.59005115,58299600
1/27/2004,17.44187355,17.73205651,17.42335078,17.68266364,63196200
1/28/2004,17.10847855,17.55919001,16.96029987,17.47275156,71336000
1/29/2004,17.23195457,17.2566516,17.02203457,17.17021319,63748400
1/30/2004,17.07143784,17.2257908,17.00969641,17.18874642,40528700
2/2/2004,16.91707802,17.16404243,16.81829225,17.04673507,62891800
2/3/2004,16.84915733,17.00968326,16.7812417,16.91707179,47993800
2/4/2004,16.6762886,16.93560154,16.6762886,16.80594448,60648000
2/5/2004,16.64541817,16.77507523,16.56515517,16.70715957,55527500
2/6/2004,16.71950722,16.78742287,16.62689571,16.68863711,47209600
2/9/2004,16.60837364,16.81211945,16.57750353,16.78742359,48108500
2/10/2004,16.6824646,16.7627276,16.55898179,16.58985308,37790600
2/11/2004,16.76272202,16.81211489,16.57749904,16.65158776,51515300
2/12/2004,16.63924599,16.76272762,16.62689747,16.72568325,44537000
2/13/2004,16.41698074,16.70716388,16.36141358,16.65777098,67541100
2/17/2004,16.6639328,16.73184843,16.41696849,16.49723145,43477000
2/18/2004,16.52810669,16.7380267,16.50958392,16.60836967,50334700
2/19/2004,16.33670235,16.6577565,16.31818076,16.62071216,61840600
2/20/2004,16.40462303,16.54662739,16.36140442,16.46019016,57821900
2/23/2004,16.42931747,16.52192895,16.34905333,16.50340618,50256800
2/24/2004,16.59602165,16.63924145,16.39227589,16.42932143,55426500
2/25/2004,16.48488998,16.66393873,16.42932285,16.6083716,64275700
2/26/2004,16.36139488,16.45400632,16.30582779,16.41696198,66602700
2/27/2004,16.3799324,16.43549955,16.26879811,16.34288685,58266500
3/1/2004,16.48488998,16.49723732,16.36140719,16.44167018,51912300
3/2/2004,16.29349518,16.4787194,16.26879932,16.42932651,66331000
3/3/2004,16.28113937,16.39227244,16.18852672,16.26879086,54998700
3/4/2004,16.28113937,16.31200947,16.18235246,16.25644235,44023200
3/5/2004,16.26879883,16.42315176,16.17618731,16.1947089,59849800
3/8/2004,15.94774151,16.26879582,15.93539299,16.24409879,69367800
3/9/2004,15.87982559,16.03417849,15.7686925,15.92921847,81111700
3/10/2004,15.6637373,15.92922337,15.65138878,15.83661184,75155800
3/11/2004,15.49085903,15.91687342,15.47851052,15.54642618,90536300
3/12/2004,15.6699028,15.75016695,15.57729132,15.6699028,64137100
3/15/2004,15.53407669,15.70077812,15.47233529,15.62051394,68835300
3/16/2004,15.54642391,15.66373244,15.49703103,15.59581679,65453800
3/17/2004,15.51555634,15.71930216,15.503209,15.58964626,56241400
3/18/2004,15.36736774,15.45380613,15.17597056,15.41058635,123231000
3/19/2004,15.20683861,15.39823694,15.16362001,15.29327698,86281600
3/22/2004,15.12658501,15.33650506,14.82405345,15.11423649,127605200
3/23/2004,14.91049099,15.22537107,14.88579514,15.21919681,91696300
3/24/2004,15.07101345,15.17597344,14.9290091,15.05249068,97584700
3/25/2004,15.55259514,15.58346524,15.17597377,15.18832228,85677900
3/26/2004,15.45381451,15.75017183,15.43529173,15.50320739,61584900
3/29/2004,15.62668037,15.68224749,15.43528319,15.58963602,51881600
3/30/2004,15.55877876,15.63904178,15.4538187,15.56495184,59010400
3/31/2004,15.39207745,15.55877893,15.35503307,15.55877893,70533200
4/1/2004,15.48467922,15.50320199,15.34267487,15.40441625,69051900
4/2/2004,15.96008301,15.9909531,15.70694446,15.7316403,98043800
4/5/2004,16.02183151,16.04035311,15.88600021,15.93539309,53800300
4/6/2004,15.92922401,15.99096543,15.84278674,15.91070241,48992000
4/7/2004,15.79956245,15.91687098,15.65138382,15.89217396,63268900
4/8/2004,15.73164177,15.9600845,15.65755306,15.94156173,45294600
4/12/2004,15.81190777,15.89217074,15.70077352,15.73164362,38786800
4/13/2004,15.71312618,15.91069771,15.68842915,15.85513057,56971500
4/14/2004,15.75017166,15.85513169,15.66990749,15.67608174,61079600
4/15/2004,15.57111549,15.88599546,15.49702678,15.76251388,73756900
4/16/2004,15.53407669,15.68225534,15.50320658,15.63903672,51768600
4/19/2004,15.76251316,15.80573177,15.47232905,15.48467757,44592100
4/20/2004,15.63903522,15.97861112,15.60816512,15.83660674,59902600
4/21/2004,15.71312618,15.73782203,15.55877328,15.65755904,49252000
4/22/2004,16.02183151,16.04652736,15.72547305,15.75017008,99207700
4/23/2004,17.00351143,17.1146445,16.88002867,16.91707303,258269000
4/26/2004,16.81829071,17.00968796,16.73185347,16.94794775,89391000
4/27/2004,16.80593872,16.89855138,16.7503716,16.76889436,80716800
4/28/2004,16.39844704,16.70097849,16.34287991,16.67628265,72842200
4/29/2004,16.34905243,16.63306227,16.24409245,16.36757519,77787300
4/30/2004,16.13296509,16.51576081,16.02800507,16.41697505,66172200
5/3/2004,16.26879883,16.37375887,16.17001305,16.17001305,65916200
5/4/2004,16.25644493,16.38610196,16.06504769,16.26879344,55496400
5/5/2004,16.23792458,16.42314876,16.20705447,16.25027309,51841700
5/6/2004,16.12678337,16.26261343,16.07121626,16.15147921,62693900
5/7/2004,15.91686916,16.28731513,15.89834639,16.07122204,68290200
5/10/2004,16.00948143,16.08357016,15.81808418,15.82425726,64621400
5/11/2004,16.01564789,16.12060785,15.92303644,16.10825934,57917200
5/12/2004,16.01564789,16.05269223,15.70076801,15.97242929,64145600
5/13/2004,16.11444664,16.17001379,15.92304933,15.94157093,63861500
5/14/2004,15.96625996,16.15765717,15.83042869,16.05269718,43775300
5/17/2004,15.76868629,15.92303913,15.69459642,15.72546651,55149600
5/18/2004,15.94774151,16.03417876,15.83043298,15.86747852,58158600
5/19/2004,15.81808186,16.21939906,15.81808186,16.07122046,60052800
5/20/2004,15.88600159,15.97244002,15.79956433,15.8983501,52089900
5/21/2004,15.98478794,16.17618641,15.91687346,16.03418083,57809300
5/24/2004,15.90452385,16.15766253,15.89217533,16.08357261,56250500
5/25/2004,16.11444664,16.17001379,15.80574077,15.87365526,66615000
5/26/2004,16.13913727,16.14531152,15.96008853,16.04652577,50306900
5/27/2004,16.17000961,16.17000961,16.0033082,16.15148684,49071900
5/28/2004,16.19471169,16.26880162,16.06505577,16.13914453,37393000
6/1/2004,16.12061691,16.21940267,15.97243827,16.13296425,48369500
6/2/2004,16.13296509,16.22557777,16.05887635,16.12679201,54020000
6/3/2004,15.98478794,16.1329666,15.96626634,16.08357372,45933100
6/4/2004,16.02183151,16.20088026,16.01565726,16.07122439,48815300
6/7/2004,16.31818199,16.31818199,16.03417216,16.06504344,65218600
6/8/2004,16.4231472,16.45401731,16.20087867,16.2255757,58447700
6/9/2004,16.34288788,16.45402218,16.29966925,16.29966925,50385500
6/10/2004,16.52810669,16.5404552,16.2873154,16.2873154,48109200
6/14/2004,16.60837364,16.60837364,16.37993198,16.39227932,67377500
6/15/2004,16.92325211,17.04056064,16.65159067,16.66393918,114183400
6/16/2004,16.86768341,16.97881768,16.7627234,16.88003192,67431100
6/17/2004,17.14551926,17.23813075,16.84916199,16.86150933,105427500
6/18/2004,17.50361443,17.59622591,17.10229723,17.14551584,134218700
6/21/2004,17.50361443,17.69501164,17.36161008,17.42335028,116881700
6/22/2004,17.4665699,17.50361426,17.17021152,17.3801315,98932000
6/23/2004,17.47274399,17.52213686,17.28752102,17.41100378,58558400
6/24/2004,17.52831459,17.68884174,17.509793,17.58388173,65503800
6/25/2004,17.63944626,17.67649062,17.44187477,17.58387913,71136500
6/28/2004,17.46040154,17.75058458,17.39248588,17.65797307,77024100
6/29/2004,17.59622955,17.64562243,17.39865804,17.39865804,55371700
6/30/2004,17.6332798,17.78145848,17.52831975,17.63945406,83544400
7/1/2004,17.67649841,17.8061555,17.44805672,17.71971823,78441400
7/2/2004,17.63944626,17.7073619,17.53448626,17.67031754,36690100
7/6/2004,17.29986763,17.49126483,17.25047477,17.48509058,69158900
7/7/2004,17.34926987,17.48510002,17.00969271,17.08378263,66255700
7/8/2004,17.06526184,17.380142,17.00969468,17.21344053,59125100
7/9/2004,17.20108795,17.2875252,17.06525664,17.15169507,50249300
7/12/2004,17.21960831,17.28752396,17.03438531,17.08377819,45757300
7/13/2004,17.04055595,17.25665019,17.04055595,17.23195317,43274100
7/14/2004,17.3677845,17.50979004,16.88003004,16.9170744,87656300
7/15/2004,17.20726204,17.41100782,17.16404224,17.31839514,46759700
7/16/2004,16.966465,17.41100196,16.82446066,17.39865345,66406300
7/19/2004,17.25665665,17.44805393,17.04056233,17.05291084,60354500
7/20/2004,17.48509407,17.58387982,17.19491108,17.28752257,89010700
7/21/2004,17.8184948,18.45442784,17.78762352,18.45442784,201518000
7/22/2004,17.90493393,18.09015691,17.79997392,17.94815255,124640700
7/23/2004,17.30604553,17.53448714,17.29987128,17.52213862,97372700
7/26/2004,17.69501495,17.72588506,17.41100621,17.50979196,72387600
7/27/2004,17.55918503,17.75675654,17.3677866,17.71971217,72968400
7/28/2004,17.64562225,17.77527929,17.46039926,17.49744362,62718800
7/29/2004,17.58388519,17.78145675,17.44188078,17.76910941,60148400
7/30/2004,17.59004974,17.78762119,17.49126402,17.5653539,59552900
8/2/2004,17.60857964,17.62710123,17.38631108,17.45422673,52267000
8/3/2004,17.3307476,17.54684195,17.28752897,17.52214492,53990900
8/4/2004,17.3245697,17.41100813,17.28135108,17.29369959,46217900
8/5/2004,16.99734116,17.41718004,16.9911669,17.38630993,55591700
8/6/2004,16.75654602,17.20108301,16.70715315,16.90472462,75628000
8/9/2004,16.78124237,16.84298375,16.7318495,16.83063524,51877500
8/10/2004,17.11465263,17.13317541,16.82446955,16.85533966,57632700
8/11/2004,16.92325211,16.9849935,16.79359623,16.91090359,53097300
8/12/2004,16.59602165,16.8615088,16.58367432,16.81211593,50279700
8/13/2004,16.6824646,16.82446901,16.65776757,16.67629034,43333200
8/16/2004,16.72567368,16.7935893,16.64540954,16.68862932,54347200
8/17/2004,16.70098877,16.90473462,16.65777013,16.80594882,56879700
8/18/2004,16.95411682,16.97881384,16.6021925,16.62688953,58844000
8/19/2004,16.74419403,16.9479397,16.67627841,16.88619834,46293000
8/20/2004,16.79360008,16.89856013,16.6948143,16.75038027,46494800
8/23/2004,16.86789703,16.92362807,16.79358978,16.88647444,39572200
8/24/2004,16.86789703,17.00412779,16.77501237,16.96697416,40835300
8/25/2004,17.05986977,17.13417825,16.8307542,16.84933044,53512700
8/26/2004,16.99174881,17.09082597,16.96078646,17.00413257,35465500
8/27/2004,17.00412941,17.12178395,16.99793812,17.02889928,33248700
8/30/2004,16.90504837,16.9607794,16.62639443,16.90504837,36679600
8/31/2004,16.90504837,16.9174333,16.75024023,16.89885708,52106700
9/1/2004,16.96078873,17.04128967,16.8059805,16.86171156,48507500
9/2/2004,17.10320663,17.14036026,16.93601353,16.96697469,42161700
9/3/2004,16.78739929,17.10320812,16.78120682,17.0041298,46174400
9/7/2004,16.94221115,16.95459491,16.81836411,16.89886504,44893400
9/8/2004,16.88028717,17.0103255,16.80597871,16.90505587,53278100
9/9/2004,16.8926754,17.01032881,16.83075187,16.90505916,56904700
9/10/2004,17.0227108,17.03509574,16.83074895,16.92982611,52664500
9/13/2004,16.87409973,17.07225411,16.55829075,17.0474854,48239200
9/14/2004,16.99174881,17.03509492,16.88647918,16.9484027,55920000
9/15/2004,16.83693123,16.96696948,16.8059689,16.9422008,52605700
9/16/2004,16.88028717,16.93601822,16.82455612,16.85551729,35951500
9/17/2004,17.03509331,17.04747825,16.88028512,16.96078486,65283000
9/20/2004,17.03509331,17.12178552,16.92363122,16.9917472,51513600
9/21/2004,16.88028717,17.04748032,16.8740947,16.99794174,73874400
9/22/2004,16.79359818,17.17752194,16.76263582,16.89267535,68409000
9/23/2004,16.93601608,16.96078478,16.824554,16.83693894,52155800
9/24/2004,16.89886284,17.00413128,16.83693933,16.96078517,49859800
9/27/2004,16.83693123,16.91743093,16.79977643,16.8245463,47813600
9/28/2004,16.88648033,16.94221138,16.74405706,16.84932551,62055100
9/29/2004,17.07843781,17.14655378,16.86170612,16.88028353,61529300
9/30/2004,17.12178421,17.20847759,17.04128448,17.08463058,71218000
10/1/2004,17.49333572,17.53668185,17.20229658,17.22706529,66302800
10/4/2004,17.41282463,17.62336267,17.38186229,17.61097891,62016200
10/5/2004,17.57382584,17.61717312,17.40044141,17.43140258,58017700
10/6/2004,17.66671371,17.67909747,17.48094315,17.58002031,56999600
10/7/2004,17.44379044,17.7038683,17.43759797,17.67290712,38401500
10/8/2004,17.33232689,17.54286615,17.31994195,17.40044288,49556600
10/11/2004,17.37567139,17.47474854,17.29517165,17.46236478,44691000
10/12/2004,17.35709572,17.43759546,17.22086375,17.23324869,56412900
10/13/2004,17.35709572,17.50571145,17.30136467,17.45617287,49500700
10/14/2004,17.21467972,17.43760401,17.21467972,17.3632967,41548700
10/15/2004,17.33232689,17.4871351,17.22705726,17.31994195,49828500
10/18/2004,17.59240532,17.6171752,17.326135,17.38186605,50350700
10/19/2004,17.4499836,17.703869,17.44379113,17.66671535,57026500
10/20/2004,17.77197838,17.80293954,17.41282347,17.47474579,69078100
10/21/2004,17.68528557,17.88963231,17.62955453,17.84009374,94988500
10/22/2004,17.17751694,17.54905684,17.07843979,17.52428696,101912800
10/25/2004,17.1094017,17.1960951,17.05986313,17.13417158,61529500
10/26/2004,17.27659607,17.27659607,17.10940292,17.1589415,76966600
10/27/2004,17.43140411,17.55525115,17.07844159,17.25182721,72392600
10/28/2004,17.3447094,17.67290318,17.27659342,17.40663291,63059600
10/29/2004,17.31994057,17.43140266,17.21467095,17.41282643,80010100
11/1/2004,17.38806725,17.51191435,17.31375875,17.43760585,72930900
11/2/2004,17.48712921,17.62955243,17.35709093,17.49951415,89417100
11/3/2004,17.62955284,17.74101491,17.53047571,17.74101491,79666700
11/4/2004,17.95775223,17.95775223,17.57382735,17.57382735,87867700
11/5/2004,18.14971924,18.1806816,17.97633475,18.0877957,95337700
11/8/2004,18.13113976,18.25498563,18.03825388,18.06921623,112802100
11/9/2004,18.43456078,18.50886805,18.17448295,18.22402153,100401000
11/10/2004,18.40979385,18.57698702,18.38502515,18.52744844,84097700
11/11/2004,18.5646019,18.62652542,18.46552473,18.50887084,87358900
11/12/2004,18.55841255,18.70083704,18.45314289,18.67606715,162269000
11/15/2004,18.90349007,18.97940812,18.77236056,18.86898258,104468000
11/16/2004,18.71714592,18.8689807,18.6688336,18.86207894,64522600
11/17/2004,18.75165176,18.8758808,18.67573372,18.80686452,58830700
11/18/2004,18.68262863,18.75164489,18.63431765,18.72403786,63249900
11/19/2004,18.53770256,18.68263556,18.52389904,18.65502984,85808600
11/22/2004,18.39276695,18.51009423,18.01317941,18.46178323,92410800
11/23/2004,18.3099575,18.42728484,18.22023591,18.30305574,70459700
11/24/2004,18.38587379,18.44798834,18.22023545,18.37207159,60069200
11/26/2004,18.35826111,18.51009587,18.32375231,18.33065407,24398700
11/29/2004,18.47559357,18.59982265,18.36516801,18.38587198,67079900
11/30/2004,18.50320053,18.64123314,18.42728378,18.46179127,75960400
12/1/2004,18.80687141,18.8275767,18.50320046,18.59982382,99889000
12/2/2004,18.69643974,18.91038903,18.57911246,18.82066879,96088300
12/3/2004,18.79306412,18.93799846,18.73094959,18.74475311,76498400
12/6/2004,18.86207581,18.93799384,18.68263402,18.7033393,55297400
12/7/2004,18.68262863,18.89657784,18.63431765,18.81375938,111656000
12/8/2004,18.88278198,18.88278198,18.57220939,18.64122567,95655000
12/9/2004,18.79306412,18.88278569,18.59291832,18.72404783,83006000
12/10/2004,18.68953705,18.75855333,18.66193133,18.68953705,70949200
12/13/2004,18.80687141,18.8275767,18.57221677,18.70334761,93812500
12/14/2004,18.79306412,18.86208041,18.66193461,18.66883506,127843200
12/15/2004,18.71023941,18.91038514,18.68263238,18.78615612,106303900
12/16/2004,18.74475098,18.82757078,18.64122721,18.73784922,88997500
12/17/2004,18.60672188,18.85518002,18.49629633,18.63432892,126184400
12/20/2004,18.59981728,18.73784852,18.55840672,18.64122652,85552800
12/21/2004,18.68262863,18.75164489,18.59290842,18.63431765,94646100
12/22/2004,18.61362648,18.73785557,18.48249695,18.5239062,63651900
12/23/2004,18.64122963,18.73785165,18.51700057,18.54460761,65801900
12/27/2004,18.5308075,18.7033476,18.51010221,18.64123306,55958500
12/28/2004,18.59981728,18.65503004,18.4962922,18.530801,55075900
12/29/2004,18.56531334,18.63432964,18.51010056,18.53080585,47594900
12/30/2004,18.46868896,18.59291802,18.4617872,18.55840922,48355400
12/31/2004,18.44107628,18.5653053,18.41347056,18.46178155,54959500
1/3/2005,18.4548912,18.59982559,18.39277666,18.49630047,65002900
1/4/2005,18.52389908,18.70334088,18.39967004,18.54460436,109442100
1/5/2005,18.48249245,18.70334352,18.46868893,18.52390169,72463500
1/6/2005,18.46178627,18.67573557,18.38586822,18.53080256,76890500
1/7/2005,18.40657043,18.55840519,18.37206296,18.51009419,68723300
1/10/2005,18.49629402,18.53770458,18.31685352,18.35826276,70376600
1/11/2005,18.4479866,18.51010114,18.36516809,18.42038087,64712000
1/12/2005,18.48249245,18.53080346,18.37206691,18.47559069,72940600
1/13/2005,18.13050842,18.49629248,18.05459038,18.41347399,89861600
1/14/2005,18.02698135,18.25473412,17.9717686,18.22022533,92180800
1/18/2005,18.16501236,18.18571764,17.83373585,17.96486663,69146400
1/19/2005,17.93036652,18.1236119,17.88895726,18.08910309,58114100
1/20/2005,17.84754372,18.01318201,17.76472391,17.8337402,58380100
1/21/2005,17.70261192,18.03388856,17.69571016,17.90966081,76501000
1/24/2005,17.71641922,17.94417212,17.69571393,17.77853377,69010900
1/25/2005,17.95796967,18.07529696,17.77162609,17.77852785,67580700
1/26/2005,17.95106316,18.06148866,17.87514513,17.99247239,64974500
1/27/2005,18.02007866,18.05458613,17.84063689,17.90965316,93204100
1/28/2005,18.06839561,18.39277046,17.91655952,18.31685373,110466500
1/31/2005,18.13741684,18.30305519,18.05459701,18.18572786,71442100
2/1/2005,18.21332359,18.24093063,18.09599633,18.11670161,57981700
2/2/2005,18.26163673,18.28924377,18.13740901,18.23403101,79329500
2/3/2005,18.06839561,18.2202304,18.01318285,18.19952643,62545400
2/4/2005,18.16501236,18.19952115,18.04078334,18.06148862,61246500
2/7/2005,18.05459785,18.1512199,17.98558154,18.13051593,57763400
2/8/2005,18.10980034,18.17881661,18.05458759,18.07529286,61343700
2/9/2005,17.99247932,18.15811764,17.97177536,18.11670839,77874800
2/10/2005,17.98557663,18.03388764,17.94416738,18.01318367,71796400
2/11/2005,17.92346573,18.02699085,17.81304017,17.9648763,83835900
2/14/2005,17.95106316,18.02698118,17.88204689,17.8958504,58694000
2/15/2005,17.95106506,18.05490821,17.90260501,17.99952511,76551600
2/16/2005,17.85414314,17.95106323,17.77106784,17.90952624,57506600
2/17/2005,17.75723076,17.90261228,17.7226168,17.79876777,67024800
2/18/2005,17.63953209,17.75722133,17.58414899,17.75029828,77091100
2/22/2005,17.466465,17.64646044,17.44569715,17.4803111,96419200
2/23/2005,17.44569969,17.54954288,17.42493053,17.47339059,83689400
2/24/2005,17.56338501,17.61184506,17.41108048,17.43184964,85236300
2/25/2005,17.48031235,17.57030941,17.41108312,17.53569546,62467700
2/28/2005,17.41800308,17.56338456,17.39723392,17.45954008,82728000
3/1/2005,17.50107384,17.59107086,17.39722939,17.4387677,56394800
3/2/2005,17.48723602,17.63953926,17.4180068,17.43877596,67739000
3/3/2005,17.42492294,17.52184303,17.40415379,17.51491998,52183600
3/4/2005,17.42492294,17.51491998,17.39723074,17.45261383,63058200
3/7/2005,17.63261032,17.85414404,17.41800098,17.42492403,80407400
3/8/2005,17.58415604,17.7364606,17.54261903,17.58415604,52871800
3/9/2005,17.52184486,17.70184027,17.50107703,17.57722796,62991800
3/10/2005,17.60492134,17.63953529,17.48030903,17.60492134,59132900
3/11/2005,17.3695507,17.6395433,17.34878154,17.61877545,60617900
3/14/2005,17.38339233,17.41108323,17.27954784,17.36262317,65550500
3/15/2005,17.24492455,17.47337994,17.23107844,17.37645987,71469400
3/16/2005,17.05108643,17.28646491,17.00262638,17.18262177,74841400
3/17/2005,16.98878288,17.08570298,16.98185983,17.05801077,60573200
3/18/2005,16.82955742,17.24493138,16.80878958,16.98186195,135904000
3/21/2005,16.75340843,16.86417466,16.71879316,16.85725161,71446200
3/22/2005,16.6080246,16.80186613,16.58725544,16.74648302,102113300
3/23/2005,16.7395649,16.8849451,16.58726032,16.60802948,79293300
3/24/2005,16.8087883,16.94032234,16.7534052,16.78109609,78820900
3/28/2005,16.75340843,16.94032562,16.73956232,16.89186556,49802000
3/29/2005,16.55956459,16.78109702,16.49033538,16.7118678,74231700
3/30/2005,16.7257061,16.74647525,16.61493994,16.64263214,59585700
3/31/2005,16.7326355,16.8295556,16.69802155,16.7880186,62382300
4/1/2005,16.69802094,16.85724718,16.68417483,16.78109492,64619600
4/4/2005,16.77417183,16.79494099,16.57340859,16.69109784,62196400
4/5/2005,16.94031525,16.9610844,16.6980151,16.76724296,73549600
4/6/2005,17.07878113,17.2656996,16.92647792,16.94032271,78020200
4/7/2005,17.37646484,17.39723268,17.05108797,17.07185713,77451500
4/8/2005,17.2657032,17.48031261,17.24493404,17.35570027,47956300
4/11/2005,17.28646851,17.38338993,17.21031756,17.32800683,47791800
4/12/2005,17.52877235,17.54954152,17.16878145,17.25185678,67517800
4/13/2005,17.33492851,17.61876708,17.30031325,17.46646256,60929300
4/14/2005,17.19647026,17.40415657,17.18954721,17.31415952,66754400
4/15/2005,16.93340492,17.23801275,16.89879097,17.01648026,100251600
4/18/2005,17.06493568,17.19647106,16.89186331,16.92647858,75766400
4/19/2005,17.05108643,17.16877567,16.92647545,17.10646952,65956200
4/20/2005,16.83647728,17.09954798,16.82263118,17.07185577,91923500
4/21/2005,17.50107384,17.57722476,16.94031856,16.94724161,93562300
4/22/2005,17.29338455,17.48030296,17.1549275,17.34184459,80087500
4/25/2005,17.30030823,17.50107274,17.21031121,17.35569131,75457900
4/26/2005,17.14108276,17.48030435,17.12723666,17.2726181,60464300
4/27/2005,17.30030823,17.4110744,17.05108367,17.07185283,47732800
4/28/2005,16.92647934,17.25185494,16.91955629,17.18262572,83623100
4/29/2005,17.5149231,17.5149231,17.16185663,17.22416146,98641200
5/2/2005,17.466465,17.55646338,17.27262477,17.466465,54376700
5/3/2005,17.55646515,17.58415605,17.36954664,17.39723753,67867800
5/4/2005,17.45261955,17.58415494,17.38339165,17.54261794,86864200
5/5/2005,17.466465,17.53569422,17.36262183,17.44569715,59362300
5/6/2005,17.45954323,17.63953868,17.43877539,17.53569551,64322600
5/9/2005,17.38339233,17.53569557,17.34185401,17.46646635,61872400
5/10/2005,17.23800468,17.36261698,17.18262159,17.33492609,62235100
5/11/2005,17.24492455,17.28646153,17.05800614,17.23107844,59463300
5/12/2005,17.30723572,17.38338798,17.18954646,17.19646951,74540700
5/13/2005,17.5149231,17.5703062,17.30031373,17.32800594,77204300
5/16/2005,17.70244217,17.70938719,17.49409697,17.52187571,50577300
5/17/2005,17.68160629,17.70938636,17.53576492,17.5774337,39983200
5/18/2005,17.84828377,17.94551135,17.65382729,17.70938609,71182400
5/19/2005,18.00107574,18.09135833,17.84828931,17.88301308,52120800
5/20/2005,17.87605476,18.00106235,17.86910975,17.9732823,64444500
5/23/2005,17.95244789,18.1052342,17.87605407,17.87605407,75421100
5/24/2005,17.88300514,17.97328769,17.8621701,17.91772889,61287700
5/25/2005,17.85522079,17.89689088,17.70937948,17.83438708,35749000
5/26/2005,17.98718071,18.05662955,17.86911808,17.88300811,50579200
5/27/2005,18.10523605,18.11912608,17.92466967,17.9385597,54978000
5/31/2005,17.91772652,18.0774592,17.88300277,18.04967914,46131100
6/1/2005,17.92466545,18.05661803,17.78576918,17.86910668,54621000
6/2/2005,17.91077805,17.95939181,17.80660418,17.85521795,27212500
6/3/2005,17.66076851,17.92467245,17.5982647,17.84827993,79659500
6/6/2005,17.61909485,17.70937737,17.57742477,17.62603854,40756900
6/7/2005,17.71632385,17.93855898,17.57742623,17.59131626,54511400
6/8/2005,17.63993073,17.79271838,17.59826197,17.74410328,45369700
6/9/2005,17.71632385,17.78577266,17.60520629,17.63993003,52767900
6/10/2005,17.66076851,17.72327232,17.5982647,17.70243727,39459800
6/13/2005,17.5774231,17.70243067,17.54269936,17.61214816,49104100
6/14/2005,17.61215973,17.66771854,17.52882085,17.57743465,44243300
6/15/2005,17.54269981,17.64687235,17.43852728,17.63992734,50764800
6/16/2005,17.38991928,17.52187059,17.32741547,17.51492557,65918800
6/17/2005,17.38991928,17.56354067,17.30658043,17.54965064,90821300
6/20/2005,17.43852615,17.55658871,17.31351859,17.34824232,50538900
6/21/2005,17.46631622,17.49409629,17.38992369,17.41770243,81084000
6/22/2005,17.41075516,17.5427078,17.38297642,17.43853522,60492700
6/23/2005,17.5774231,17.7927145,17.46630555,17.48019557,105159800
6/24/2005,17.38991928,17.63993319,17.38991928,17.51492557,57970700
6/27/2005,17.39685822,17.53575582,17.38296951,17.41074824,61636200
6/28/2005,17.41075516,17.50103903,17.38297642,17.42464519,53058100
6/29/2005,17.42464066,17.584372,17.36213686,17.51492318,55859900
6/30/2005,17.25101852,17.45936363,17.2371285,17.40380484,82018200
7/1/2005,17.1607399,17.35519636,17.13296116,17.25796879,69718400
7/5/2005,17.34824371,17.49408633,17.09822989,17.12600861,61883500
7/6/2005,17.15379715,17.41770113,17.14685213,17.34130728,64214600
7/7/2005,17.11906624,17.16073499,17.01489368,17.07045247,80082900
7/8/2005,17.42464066,17.4454757,17.10517665,17.11212166,56104000
7/11/2005,17.56353378,17.62603624,17.43852622,17.46630494,61525400
7/12/2005,17.78576851,17.79271352,17.50102965,17.52880837,63384800
7/13/2005,17.82049561,17.8829994,17.69548802,17.73021308,44749200
7/14/2005,18.03578949,18.12607335,17.9107832,17.9107832,69506800
7/15/2005,17.91077805,18.12606814,17.882998,18.08439939,56472800
7/18/2005,17.74410629,17.910784,17.74410629,17.85522388,39668000
7/19/2005,18.16773987,18.23024367,17.88300093,17.91078098,113290100
7/20/2005,18.18858147,18.21636021,17.97328994,18.05662881,71424800
7/21/2005,18.36219406,18.38997279,18.05662012,18.26496521,112932100
7/22/2005,17.83438492,18.29274517,17.79965985,18.04967502,97558900
7/25/2005,17.84132576,17.98716702,17.81354572,17.84132576,45174600
7/26/2005,17.73715782,17.87605411,17.73021281,17.86216408,51476400
7/27/2005,17.86216736,17.91772615,17.73021606,17.78577485,57977300
7/28/2005,17.88300514,17.95245397,17.82050133,17.88300514,44738700
7/29/2005,17.78576851,18.05661735,17.77187849,17.90383106,59524400
8/1/2005,18.00107574,18.09135833,17.8899581,17.92468187,61346800
8/2/2005,18.61915398,18.68165777,17.96633863,17.98717234,137510100
8/3/2005,18.9247303,19.04973791,18.56359751,18.58443256,139422400
8/4/2005,18.97333908,19.09834665,18.78582772,18.86222153,91461400
8/5/2005,19.27892303,19.40393067,18.92473517,18.95251524,82212400
8/8/2005,18.8413887,19.33447404,18.80666496,19.30669398,77207200
8/9/2005,18.99417114,19.10528867,18.75804606,18.90388732,64761800
8/10/2005,18.71638489,19.09835139,18.64693607,19.03584758,62818800
8/11/2005,18.9386158,18.95944951,18.67471062,18.73721441,48646800
8/12/2005,18.78583145,18.84833525,18.6816589,18.80666649,52006500
8/15/2005,18.89728546,19.01569829,18.59080629,18.79280387,45976600
8/16/2005,18.62562752,18.90424547,18.59776639,18.82762636,46894600
8/17/2005,18.77190399,18.91121231,18.56990513,18.68135232,52413100
8/18/2005,18.68134499,18.86244693,18.66741376,18.73010295,40861900
8/19/2005,18.61169243,18.74403643,18.59776253,18.70224407,36043500
8/22/2005,18.74403954,18.92514153,18.64652359,18.66045482,41691700
8/23/2005,18.71617126,18.85547952,18.62561964,18.69527443,48296700
8/24/2005,18.67438316,18.91817434,18.65348765,18.69528001,63645000
8/25/2005,18.82762527,18.86941763,18.70224687,18.73707362,39306300
8/26/2005,18.78582764,18.86244805,18.71617416,18.84851682,36774600
8/29/2005,18.91120529,18.96692886,18.67437978,18.67437978,52307700
8/30/2005,18.93210602,18.96693276,18.77886516,18.84851998,55163200
8/31/2005,19.07141113,19.11320481,18.83458694,18.92513725,65210200
9/1/2005,18.94603729,19.07837998,18.91120922,19.07141436,75974500
9/2/2005,18.82066345,18.99479986,18.78583537,18.95300617,52047500
9/6/2005,18.80673218,19.00873105,18.79280095,18.84852454,46089000
9/7/2005,18.70224953,18.88335154,18.68135268,18.76493874,44656100
9/8/2005,18.53507614,18.72314242,18.47238694,18.66741883,52552300
9/9/2005,18.51417923,18.68134999,18.47935249,18.54204169,41515800
9/12/2005,18.53507614,18.63259209,18.47238694,18.54204176,40550500
9/13/2005,18.44452286,18.63955606,18.36790376,18.48631654,63422900
9/14/2005,18.32611275,18.55597272,18.31914713,18.472388,54969600
9/15/2005,18.29825401,18.40970121,18.26342593,18.36790884,60357200
9/16/2005,18.15894318,18.38880317,18.08928835,18.3470108,187384300
9/19/2005,18.11018753,18.29825518,18.01267156,18.17287675,61832300
9/20/2005,17.99873924,18.263426,17.89425766,18.15894442,61043400
9/21/2005,17.75495148,18.04053514,17.7131591,17.97088029,68281800
9/22/2005,17.65047264,17.83157473,17.51812855,17.75495426,71314900
9/23/2005,17.60170364,17.78977123,17.49722209,17.62956477,66396800
9/26/2005,17.60170364,17.75494316,17.55990996,17.69225397,56203700
9/27/2005,17.65047264,17.72709311,17.62261017,17.6713695,48797900
9/28/2005,17.88032341,18.01963304,17.67832457,17.68529019,71019400
9/29/2005,18.06838989,18.11018225,17.76190951,17.83852994,66807100
9/30/2005,17.92212296,18.07536388,17.8385382,18.04750141,57644500
10/3/2005,17.76190948,17.92211462,17.72011713,17.9081834,55341300
10/4/2005,17.39970207,17.68528555,17.23949696,17.66439004,151666300
10/5/2005,17.18377304,17.44845968,17.18377304,17.44149539,73684700
10/6/2005,17.22557259,17.37881347,17.08626426,17.17681461,81724600
10/7/2005,17.12805176,17.30218811,17.07929379,17.25343014,50768700
10/10/2005,17.0375061,17.190747,16.96088698,17.18378138,48880900
10/11/2005,17.0026741,17.10019004,16.89122694,17.07232891,76567300
10/12/2005,16.92605591,17.20467518,16.90516039,17.05839993,71294400
10/13/2005,17.12805176,17.22556769,16.90515744,16.93301856,70192000
10/14/2005,17.18377304,17.22556539,17.06536028,17.21163416,53846700
10/17/2005,17.08626366,17.19771084,17.02357445,17.19074523,46924400
10/18/2005,17.11412239,17.29522438,17.03053768,17.0583988,69328200
10/19/2005,17.47632599,17.47632599,17.06536405,17.10715641,66574500
10/20/2005,17.2673645,17.50418876,17.23253643,17.44846517,58830600
10/21/2005,17.26039886,17.4136384,17.11412361,17.3509492,69431200
10/24/2005,17.48329353,17.48329353,17.19074435,17.33701828,51868000
10/25/2005,17.43454361,17.50419713,17.2952339,17.37881999,41310500
10/26/2005,17.49025917,17.64349871,17.36488076,17.39274189,58178100
10/27/2005,17.30915451,17.60170365,17.30915451,17.56687558,61566100
10/28/2005,17.78280258,17.83156054,17.48328788,17.48328788,106559300
10/31/2005,17.90121651,17.97086998,17.7619069,17.83852732,75122100
11/1/2005,18.08232689,18.1798442,17.83853694,17.83853694,71370400
11/2/2005,18.43059349,18.45845595,18.06142522,18.06142522,75067100
11/3/2005,18.41666222,18.55597051,18.28431821,18.52810938,73421600
11/4/2005,18.56989861,18.60472534,18.42362472,18.4793483,57464000
11/7/2005,18.81369972,18.86245771,18.59777092,18.61170083,77104800
11/8/2005,18.84155273,18.93210438,18.64652087,18.76493364,60091700
11/9/2005,18.77887726,18.91122135,18.76494735,18.7928085,59562100
11/10/2005,18.86941147,18.91120381,18.55596557,18.76492994,73314800
11/11/2005,19.00176239,19.07838149,18.8972795,18.91121073,51945600
11/14/2005,19.06444931,19.11320728,18.94603653,19.0574837,67152200
11/15/2005,19.21114731,19.23909143,19.03650051,19.09238744,65081000
11/16/2005,19.3788166,19.47661843,19.16924089,19.1971837,86277000
11/17/2005,19.53948593,19.56044403,19.39278324,19.4556562,91351000
11/18/2005,19.6093483,19.73509424,19.49058838,19.64427847,75431200
11/21/2005,19.67222023,19.72810717,19.44867248,19.60934726,65794400
11/22/2005,19.49757576,19.61633568,19.46264692,19.60236361,104253300
11/23/2005,19.50456238,19.6233223,19.37881642,19.50456238,70541300
11/25/2005,19.3927784,19.51852429,19.19018749,19.42072119,44082500
11/28/2005,19.38579559,19.45565458,19.23210688,19.41373972,57517200
11/29/2005,19.33690453,19.41374959,19.28101757,19.41374959,62220400
11/30/2005,19.33690453,19.39977751,19.30197435,19.33690453,55904700
12/1/2005,19.48360062,19.63030465,19.37182675,19.37182675,61006100
12/2/2005,19.5674324,19.63030537,19.41374366,19.43470043,42319600
12/5/2005,19.45566177,19.5744217,19.35785862,19.51154872,47517300
12/6/2005,19.34388351,19.50455828,19.33689748,19.49058621,65980000
12/7/2005,19.38579559,19.38579559,19.24607761,19.32990867,55583200
12/8/2005,19.34388351,19.42771325,19.28101055,19.35785425,63931600
12/9/2005,19.35785675,19.44168783,19.30895584,19.35785675,48467000
12/12/2005,19.17621994,19.38579558,19.09238889,19.35086675,63757200
12/13/2005,18.95267105,19.16224802,18.8618553,19.06444623,104285500
12/14/2005,18.92473412,19.02952197,18.75707329,18.86186114,65076200
12/15/2005,18.80597687,18.93870888,18.72913181,18.91775077,79018100
12/16/2005,18.79199982,18.91774576,18.72912685,18.77802775,88542500
12/19/2005,18.74310303,18.77104717,18.61735706,18.73611699,68680100
12/20/2005,18.76405716,18.77802789,18.63132519,18.69419816,62960600
12/21/2005,18.67324066,18.79898661,18.65926859,18.7710438,75800900
12/22/2005,18.57544327,18.70817528,18.45668333,18.65927303,91276900
12/23/2005,18.61036682,18.63132492,18.47065015,18.52653708,30689200
12/27/2005,18.48461914,18.75706909,18.47763444,18.6383092,37819000
12/28/2005,18.43572235,18.62434128,18.40777955,18.51955343,35444400
12/29/2005,18.35188675,18.51256149,18.34490072,18.44968853,34495500
12/30/2005,18.26806641,18.37984032,18.23313756,18.26806641,49044600
1/3/2006,18.75008774,18.86186163,18.23313317,18.33792103,79973000
1/4/2006,18.84090424,18.91774929,18.70118754,18.70118754,57975600
1/5/2006,18.85487938,18.95268122,18.79899242,18.83392127,48245500
1/6/2006,18.7989769,18.86184984,18.50557029,18.78500484,100963000
1/9/2006,18.76405716,18.91075987,18.69419816,18.81295806,55625000
1/10/2006,18.86185837,18.87583043,18.57543766,18.61735253,64921900
1/11/2006,19.0644474,19.13430506,18.79199746,18.86884249,70120700
1/12/2006,18.95966148,19.04349256,18.84090157,19.03650652,45994800
1/13/2006,18.99458885,19.03650372,18.86884293,18.88281499,41418000
1/17/2006,18.85487938,18.99459743,18.79200639,18.79200639,58566600
1/18/2006,18.74310303,18.84789089,18.65228724,18.68023004,52376200
1/19/2006,18.8758316,19.02952035,18.75707169,18.77104376,60367600
1/20/2006,18.44969177,18.86884445,18.34490394,18.86884445,79165900
1/23/2006,18.4077816,18.53352757,18.37285143,18.44969648,47925600
1/24/2006,18.3588829,18.47764285,18.31696669,18.40079779,63040700
1/25/2006,18.44270706,18.56146697,18.32394715,18.4496931,59072100
1/26/2006,18.51256943,18.6662582,18.37983742,18.55448431,69509300
1/27/2006,19.41374016,19.52551401,18.99458755,19.02253034,134520700
1/30/2006,19.56044579,19.68619172,19.40675705,19.43469985,103999200
1/31/2006,19.6652317,19.82590646,19.46962812,19.49757092,94841300
2/1/2006,19.58839035,19.60934712,19.39278541,19.53250208,68448800
2/2/2006,19.33690453,19.5534663,19.24608739,19.53949423,55073400
2/3/2006,19.23909569,19.35086955,19.09937769,19.19717949,75022700
2/6/2006,18.98062134,19.23909928,18.92473439,19.21814118,60170500
2/7/2006,18.81994629,18.96664901,18.72912917,18.82693232,72159500
2/8/2006,18.7989769,18.91773675,18.65925896,18.86883587,51795200
2/9/2006,18.62433624,18.88281412,18.61735021,18.83391189,52861700
2/10/2006,18.64529228,18.78500892,18.51954638,18.59639139,52127000
2/13/2006,18.43572235,18.65228542,18.40079351,18.60338318,46707000
2/14/2006,18.61734772,18.63830581,18.4077721,18.44968696,58432900
2/15/2006,18.84165955,18.87670808,18.57529738,18.64539311,62808900
2/16/2006,18.79259491,18.85568094,18.62436594,18.82063374,48868500
2/17/2006,18.71548462,18.7925887,18.61735009,18.6944555,41513200
2/21/2006,18.60333443,18.72950512,18.46314298,18.72950512,50216100
2/22/2006,18.72950554,18.82764009,18.5542669,18.59632513,43043100
2/23/2006,18.68744659,18.84866581,18.6033328,18.73651319,47359100
2/24/2006,18.6664238,18.74352925,18.58931969,18.6383863,44753800
2/27/2006,18.96082115,19.10802231,18.694459,18.75053531,51301500
2/28/2006,18.83465195,19.13606132,18.83465195,18.89072827,65036100
3/1/2006,19.02390671,19.06596494,18.8907263,18.91175408,53061200
3/2/2006,18.9047451,18.99586995,18.85567849,18.93979363,41850300
3/3/2006,18.87670135,19.03792054,18.74351965,18.79258624,45218800
3/6/2006,18.86267853,19.03090739,18.80660224,18.86968823,53054100
3/7/2006,18.96783447,18.9958733,18.79259579,18.85568182,51613900
3/8/2006,19.10100937,19.27624799,18.90474164,18.91876105,57547400
3/9/2006,18.92577362,19.2201746,18.92577362,19.11503168,45360700
3/10/2006,19.04493713,19.07998433,18.84165965,18.9678317,41297200
3/13/2006,19.00286484,19.12903678,18.88370259,19.05193141,40342600
3/14/2006,19.08699417,19.1921371,18.91876522,18.95381375,39821800
3/15/2006,19.17811966,19.24120568,18.93278526,19.06596702,57152000
3/16/2006,19.11503029,19.2622301,19.07998176,19.16409689,73793700
3/17/2006,19.27624512,19.38839771,19.11502593,19.17110223,120615000
3/20/2006,19.54962349,19.61971922,19.39541396,19.41644308,67094100
3/21/2006,19.4444828,19.78094073,19.4024259,19.4444828,73199600
3/22/2006,19.03091431,19.27624865,18.78557997,18.98184771,145696100
3/23/2006,18.82063103,18.99586967,18.68744928,18.98185026,73682900
3/24/2006,18.93278885,19.072979,18.65941691,18.72250161,69157600
3/27/2006,18.93278885,19.13606504,18.92577914,18.93278885,59908600
3/28/2006,18.85568047,19.07297604,18.79259444,18.93278591,58520500
3/29/2006,18.93979073,19.06596275,18.86969501,18.89072413,53150300
3/30/2006,19.08699417,19.1991468,18.92577493,18.94680405,54612000
3/31/2006,19.07297897,19.30429533,19.07297897,19.13606501,62190500
4/3/2006,19.31830597,19.43746829,19.23419218,19.39541139,57605300
4/4/2006,19.37439156,19.48654422,19.25522918,19.34635406,45470000
4/5/2006,19.4444828,19.58467428,19.37438707,19.54261603,41539300
4/6/2006,19.31830597,19.43045858,19.18512557,19.38840169,51885500
4/7/2006,19.10100937,19.43045749,19.08698996,19.35335341,47249400
4/10/2006,19.1290493,19.23419221,19.06596329,19.08699107,39432000
4/11/2006,19.01689148,19.15007318,18.925768,19.12904541,42953400
4/12/2006,19.06596947,19.06596947,18.90474886,18.99587373,32183000
4/13/2006,18.97483444,19.06595926,18.92576785,18.98184415,28160000
4/17/2006,18.81362152,18.96082134,18.73651609,18.94680327,35796200
4/18/2006,19.07998848,19.2762563,18.79960684,18.883722,56272700
4/19/2006,18.94680405,19.05895668,18.8977361,19.00288036,45111100
4/20/2006,18.94680405,19.05895668,18.71548907,18.96082212,45648300
4/21/2006,19.03091431,19.19914323,18.9257714,18.96081859,58528000
4/24/2006,19.00286484,19.10099798,18.91174006,18.97482603,42318400
4/25/2006,19.00286484,19.07295917,18.93977887,18.98884544,49222500
4/26/2006,18.99586678,19.08699027,18.92577106,18.98184736,39190000
4/27/2006,19.10100937,19.36737148,18.88371386,18.90474164,96509600
4/28/2006,16.92804718,17.17338147,16.8229043,16.98412347,591052200
5/1/2006,17.0261898,17.52386698,16.88599833,17.04721759,174800900
5/2/2006,16.82991409,17.52385874,16.75280869,17.16637186,190533500
5/3/2006,16.24111748,16.83692913,16.22709807,16.81590001,211527100
5/4/2006,16.43037224,16.59159144,16.22008511,16.36728623,171257400
5/5/2006,16.68271255,16.78785677,16.4864462,16.58457938,131604300
5/8/2006,16.63364983,17.52386235,16.47944032,16.71776495,80693500
5/9/2006,16.55655479,16.82291706,16.46542991,16.64767834,75345900
5/10/2006,16.66168594,16.67570535,16.53551394,16.59159024,76563300
5/11/2006,16.27616501,16.67571025,16.2270984,16.6196326,92916700
5/12/2006,16.24111748,16.38130893,16.15700234,16.22008836,83115900
5/15/2006,16.29037476,16.34666973,16.20593296,16.2551909,67314800
5/16/2006,16.19186211,16.88851311,16.12149303,16.29741504,82095100
5/17/2006,15.99482536,16.24111639,15.99482536,16.10741532,98598300
5/18/2006,16.0651989,16.28334183,16.01594095,16.07223594,95476400
5/19/2006,15.8752079,16.11446203,15.84706107,16.03705723,100071200
5/22/2006,16.10037804,16.19889525,15.79779338,15.81890315,87322300
5/23/2006,16.03705215,16.45222689,16.02297807,16.26223213,79986300
5/24/2006,16.53667068,16.56481885,16.17075254,16.17778959,107356700
5/25/2006,16.70555305,16.83221711,16.56481626,16.58592604,83052700
5/26/2006,16.69147301,16.80406294,16.57888307,16.7266582,46861600
5/30/2006,16.29037476,16.71962481,16.28333772,16.57184965,52497500
5/31/2006,15.93852711,16.43110906,15.93852711,16.36777706,120202000
6/1/2006,16.05815506,16.07222914,15.91741831,16.00186009,80230800
6/2/2006,16.0159359,16.17778378,15.95260388,16.09334199,73935600
6/5/2006,15.83298111,15.99482904,15.82594407,15.987792,63914100
6/6/2006,15.57261848,15.87520461,15.46706553,15.86816757,126601300
6/7/2006,15.50927925,15.7555689,15.48816813,15.58668399,73827500
6/8/2006,15.55853462,15.62890231,15.46001744,15.50223966,104126900
6/9/2006,15.42484379,15.6148399,15.40373266,15.58669174,52573800
6/12/2006,15.27706718,15.55150644,15.27003148,15.4529892,74309700
6/13/2006,15.13633537,15.50225361,15.10115015,15.29114631,113175300
6/14/2006,15.39669228,15.43891452,15.1644753,15.19262346,86081500
6/15/2006,15.53038979,15.57261068,15.34039375,15.48816889,121577300
6/16/2006,15.55150986,15.67817395,15.33336689,15.46002964,147506500
6/19/2006,15.86815453,15.90333971,15.56556999,15.57964272,129640900
6/20/2006,15.8752079,16.0159461,15.83298698,15.86113515,90598500
6/21/2006,16.24111748,16.29037542,15.85408965,15.91038463,91660300
6/22/2006,16.10037804,16.30444817,16.03001032,16.22704207,76590600
6/23/2006,15.83298111,16.09334628,15.83298111,16.0792722,60532600
6/26/2006,16.05815506,16.10741299,15.924454,15.93852808,53644100
6/27/2006,16.08630753,16.29741338,16.07223344,16.10741731,84759100
6/28/2006,16.29741478,16.36074681,16.12149277,16.15667664,71906500
6/29/2006,16.51556206,16.62815207,16.33964,16.41000909,121395500
6/30/2006,16.39592361,16.64221459,16.39592361,16.56480985,73048800
7/3/2006,16.67740059,16.69147332,16.50147865,16.55777362,25711400
7/5/2006,16.43111229,16.55073928,16.39592709,16.52259112,53093500
7/6/2006,16.52258682,16.61406697,16.48036594,16.50147705,44775200
7/7/2006,16.39592361,16.57184555,16.39592361,16.45925562,63168800
7/10/2006,16.53667068,16.64926068,16.45222752,16.48741273,50565100
7/11/2006,16.2551899,16.44518594,16.00186184,16.44518594,88676300
7/12/2006,15.93149185,16.10037677,15.91741912,16.0370461,77379300
7/13/2006,15.66409779,15.9103889,15.65706074,15.74150391,73099500
7/14/2006,15.68520451,15.86816219,15.64298226,15.67816747,67499400
7/17/2006,15.81891346,15.9103937,15.66410251,15.68521364,37053500
7/18/2006,16.00186729,16.01594138,15.81890823,15.89631435,65047300
7/19/2006,16.46630478,16.5085257,15.98779655,16.05816565,82188200
7/20/2006,16.07926941,16.50148243,16.03001147,16.49444539,76605200
7/21/2006,16.79703331,16.99406509,16.18482415,16.94480715,175483800
7/24/2006,16.88850975,16.96591585,16.74073593,16.89554679,59586700
7/25/2006,17.04332161,17.09258089,16.81814168,16.88851074,60075800
7/26/2006,17.14887238,17.26146232,16.95887635,16.97295042,54942100
7/27/2006,16.79703331,17.31072523,16.72666424,17.29665115,85386800
7/28/2006,17.06443024,17.08554136,16.93072917,16.94480325,51705800
7/31/2006,16.93073082,17.1840589,16.89554696,16.93776786,40254400
8/1/2006,16.881464,17.02923909,16.78294818,16.90257511,49168700
8/2/2006,17.09962273,17.16999181,16.90962793,16.97295998,46462000
8/3/2006,17.0362854,17.22628148,16.9940645,17.02221266,43155300
8/4/2006,17.09257507,17.23331181,16.99405788,17.16997981,45690400
8/7/2006,17.04332161,17.22628064,17.02221183,17.08554385,36862400
8/8/2006,17.12776947,17.25443355,17.02925356,17.16295334,58171300
8/9/2006,17.19813347,17.33887025,17.12776441,17.23331733,44405700
8/10/2006,17.21220779,17.31072503,17.12776599,17.14887711,31753400
8/11/2006,17.19109726,17.20517134,17.02924935,17.19109726,30255500
8/14/2006,17.26146317,17.3107211,17.13479914,17.25442613,47831900
8/15/2006,17.38859367,17.40978119,17.26146321,17.339153,48994500
8/16/2006,17.44509697,17.46628448,17.28265173,17.38153173,52373600
8/17/2006,17.44509697,17.48041039,17.38153173,17.44509697,45674800
8/18/2006,18.21494293,18.22200454,17.64285576,17.69229509,128414800
8/21/2006,18.44801521,18.45507682,18.05249785,18.12312605,88398300
8/22/2006,18.09487343,18.53982873,18.09487343,18.37032188,89312400
8/23/2006,18.1301899,18.32794859,18.02424827,18.11606399,44648500
8/24/2006,18.17962837,18.26438248,18.01012151,18.23613066,35933300
8/25/2006,18.25731659,18.36325819,18.14431203,18.15843659,33115900
8/28/2006,18.32795334,18.36326677,18.14432051,18.25026216,34190900
8/29/2006,18.25026131,18.34914,18.10194192,18.30676361,42711200
8/30/2006,18.22200012,18.28556535,18.10899557,18.25731489,30283100
8/31/2006,18.15137863,18.34913597,18.13725272,18.27144617,26380500
9/1/2006,18.25026131,18.34207704,18.10900488,18.28557474,31594600
9/5/2006,18.08780479,18.33500136,18.05249004,18.14430706,44222400
9/6/2006,18.08780479,18.16549456,18.01717663,18.01717663,50160400
9/7/2006,17.96068382,18.15137957,17.932432,17.99599725,51266900
9/8/2006,18.08075333,18.21494679,17.98187329,18.03131398,36866800
9/11/2006,18.29969406,18.32794588,17.95361741,17.96068037,55608200
9/12/2006,18.31382179,18.34913522,18.16550244,18.29263293,52248800
9/13/2006,18.34913445,18.43388855,18.23612987,18.23612987,37706700
9/14/2006,18.59632683,18.71639432,18.3491289,18.35619185,74324500
9/15/2006,18.96360588,19.02717115,18.70934482,18.77291008,126057700
9/18/2006,18.92121887,19.09778866,18.83646478,18.88590411,49135000
9/19/2006,18.97065926,19.02716154,18.87177925,18.88590516,43039100
9/20/2006,19.19667053,19.23198396,19.0624771,19.076603,71676400
9/21/2006,18.9989109,19.2461089,18.96359748,19.23904595,58495100
9/22/2006,18.82940674,18.96360019,18.70227624,18.94947428,47712500
9/25/2006,19.03422928,19.20373616,18.92122469,18.93534925,67903900
9/26/2006,19.21080017,19.29555294,18.98478963,19.0059785,54766500
9/27/2006,19.38030243,19.40148994,19.15429329,19.19666967,66233900
9/28/2006,19.35204887,19.43680297,19.25317022,19.4014882,44179700
9/29/2006,19.31674194,19.36618129,19.21786191,19.31674194,34283500
10/2/2006,19.32379913,19.41561484,19.1754798,19.29554732,52908100
10/3/2006,19.33086967,19.4085595,19.21786372,19.33086967,39386200
10/4/2006,19.73344803,19.74757259,19.33086896,19.34499353,82191200
10/5/2006,19.7193203,19.85351376,19.62044162,19.7193203,81967200
10/6/2006,19.68399811,19.77581379,19.52861585,19.60630698,36452200
10/9/2006,19.57805443,19.72637373,19.5074276,19.6345567,33366300
10/10/2006,19.55687904,19.59925543,19.38030917,19.55687904,34598500
10/11/2006,19.45093155,19.54274726,19.36617744,19.39442791,37219600
10/12/2006,19.93119812,19.98063879,19.45092941,19.47917987,120174900
10/13/2006,20.03714371,20.26315286,19.99476598,20.01595484,129751900
10/16/2006,20.093647,20.19958863,20.00889289,20.11483452,49744800
10/17/2006,20.08658409,20.13602343,19.89588835,19.94532769,40122600
10/18/2006,20.14307785,20.27020829,19.95944514,20.12895195,40630800
10/19/2006,19.98064041,20.09364498,19.86057289,20.02301679,44730800
10/20/2006,20.07952118,20.12189756,19.8958884,20.11483461,48887800
10/23/2006,20.093647,20.26315388,19.90295127,19.98770403,48525000
10/24/2006,19.97357368,20.07951528,19.86763074,20.07951528,61409600
10/25/2006,19.99477196,20.10071361,19.87470439,19.97358443,40717100
10/26/2006,20.0230217,20.06539809,19.80407546,20.00889579,69964200
10/27/2006,20.01595497,20.33378119,19.95238973,20.12189659,89060100
10/30/2006,20.15014839,20.36909459,20.00182904,20.02301791,47296800
10/31/2006,20.27727699,20.37615701,20.17133537,20.24196357,61861700
11/1/2006,20.34790802,20.47503852,20.27021821,20.3267205,75895900
11/2/2006,20.31965828,20.38322353,20.18546482,20.27728055,58674400
11/3/2006,20.29140091,20.43265729,20.20664816,20.37615501,41124500
11/6/2006,20.36908913,20.51740709,20.31258685,20.31964981,60446200
11/7/2006,20.44678879,20.53154156,20.3408458,20.38322354,56511200
11/8/2006,20.46797943,20.6445493,20.24197021,20.32672434,77403300
11/9/2006,20.66572762,20.76460626,20.48209488,20.55978601,89407500
11/10/2006,20.65160751,20.68692229,20.58804227,20.60216818,37855100
11/13/2006,20.72929573,20.80698553,20.5951023,20.61629116,47271800
11/14/2006,20.71512032,20.84977252,20.60172941,20.75055582,63012500
11/15/2006,20.63716698,20.80725335,20.63007988,20.64425273,63943200
11/16/2006,20.88520622,21.00568423,20.64425022,20.65133732,64328500
11/17/2006,20.83559227,20.9348103,20.75054979,20.77180974,49356700
11/20/2006,21.18286514,21.26082192,20.90647489,20.9206491,85703800
11/21/2006,21.20412827,21.26082374,21.11199862,21.19704116,66446600
11/22/2006,21.20412827,21.26082374,21.13325858,21.23956243,43907200
11/24/2006,21.09072495,21.14742039,21.00568111,21.0198553,20456700
11/27/2006,20.89229393,21.07655449,20.78599013,21.04112034,72722100
11/28/2006,20.82851982,20.84978113,20.64425919,20.79308566,52602300
11/29/2006,20.95607948,21.10490591,20.85686276,20.86394987,58775100
11/30/2006,20.80726242,20.95608756,20.78600111,20.84978369,53297400
12/1/2006,20.63716698,20.76473074,20.48125345,20.71512239,72257000
12/4/2006,20.78599358,20.92064581,20.67260265,20.71512391,55123400
12/5/2006,20.64425278,20.83560046,20.57338447,20.8072534,45606000
12/6/2006,20.54504013,20.64425686,20.4599976,20.62299691,48564100
12/7/2006,20.44581985,20.60173203,20.41747145,20.52377527,46831100
12/8/2006,20.83559227,20.83559227,20.41037583,20.42455002,108854900
12/11/2006,20.93481827,21.08364334,20.63007968,20.68677513,107712000
12/12/2006,20.85686111,20.99859908,20.7080347,20.94899072,68529400
12/13/2006,20.9419117,20.97734722,20.77891237,20.97734722,46002500
12/14/2006,21.3104229,21.31751,20.92064184,20.93481604,85866500
12/15/2006,21.39546967,21.42381672,21.28207875,21.36003416,102783700
12/18/2006,21.18286514,21.44508254,21.10490971,21.39547417,56986800
12/19/2006,21.25373077,21.3812959,20.92773222,21.05529599,53822100
12/20/2006,21.32460022,21.43090404,21.23955635,21.25373056,31202100
12/21/2006,21.24664307,21.36003398,21.18286051,21.35294688,32270500
12/22/2006,21.00568962,21.16160317,20.99151677,21.14034186,37971700
12/26/2006,21.25373077,21.26081788,20.83560125,20.92773222,37098300
12/27/2006,21.27499199,21.3529474,21.19703522,21.25373068,31248400
12/28/2006,21.24664307,21.28207857,21.12616505,21.16160055,26690600
12/29/2006,21.16159821,21.36711871,21.1403369,21.16159821,41739800
1/3/2007,21.16159821,21.43798837,20.83559834,21.19703236,76935100
1/4/2007,21.12615585,21.23954672,20.86393998,21.04820048,45774500
1/5/2007,21.00568962,21.08364639,20.87103873,20.99860252,44607200
1/8/2007,21.21119881,21.33167677,20.92772165,21.01276412,50220200
1/9/2007,21.23247719,21.38839077,21.06947785,21.2608256,44636600
1/10/2007,21.01986504,21.18286434,20.85686573,21.11908177,55017400
1/11/2007,21.75689507,21.79232921,21.01276594,21.09072267,99464300
1/12/2007,22.11834145,22.2459066,21.71438604,21.72147314,103972500
1/16/2007,22.08290291,22.2884248,21.99077329,22.15377257,62379600
1/17/2007,22.04038429,22.28134037,21.97660172,22.15377523,58519600
1/18/2007,21.96951294,22.2317303,21.82777361,22.07581676,56364300
1/19/2007,22.047472,22.047472,21.74982045,21.77816751,75826900
1/22/2007,21.77107811,22.05455678,21.62225303,22.01203417,56143900
1/23/2007,21.7852459,21.94115804,21.62933376,21.70728915,49171200
1/24/2007,22.03329086,22.18211592,21.72146521,21.81359616,58527800
1/25/2007,21.57973862,22.30969277,21.57973862,22.02621536,97378700
1/26/2007,21.68603134,22.13250786,21.68603134,22.12542076,96103700
1/29/2007,21.63643265,21.81360618,21.50178038,21.72147519,57605900
1/30/2007,21.6009903,21.71438121,21.36003426,21.66477286,61900400
1/31/2007,21.87029076,22.0403771,21.50885676,21.55137801,73968400
2/1/2007,21.65768623,21.92699069,21.52303536,21.85612102,55355800
2/2/2007,21.39546967,21.85612044,21.35294706,21.84194624,60401700
2/5/2007,20.98442459,21.27498895,20.84268529,21.23955345,99102100
2/6/2007,20.91356087,21.08364727,20.70803895,20.97025634,79281100
2/7/2007,20.81433868,21.0482076,20.72929483,21.00568499,65145500
2/8/2007,20.73637772,21.11907161,20.69385647,20.72220352,48749000
2/9/2007,20.53794861,20.8356001,20.50251445,20.80016594,69823100
2/12/2007,20.5096035,20.61590732,20.43164673,20.47416799,52774400
2/13/2007,20.63049889,20.76561801,20.59494051,20.65183391,50348100
2/14/2007,20.90783882,21.11407326,20.73005107,20.74427442,55588600
2/15/2007,20.95051193,21.08563103,20.77983582,21.03585067,63858100
2/16/2007,20.43848228,20.58071305,20.37447858,20.55937802,109340300
2/20/2007,20.50248528,20.5238203,20.24647046,20.36025452,53978200
2/21/2007,20.87229156,20.90073691,20.43848882,20.4456005,68604900
2/22/2007,20.90073967,21.00741347,20.73717517,20.84384761,57754400
2/23/2007,20.55227089,20.82250912,20.54515921,20.77983907,63787100
2/26/2007,20.67316055,20.6873839,20.49537279,20.5949335,63481900
2/27/2007,19.81978226,20.6020474,19.76289022,20.41714795,87143300
2/28/2007,20.03313255,20.0900246,19.85534472,19.87667975,86333300
3/1/2007,19.97623253,20.14690861,19.72021772,19.78422143,80175700
3/2/2007,19.74155807,20.02601829,19.74155807,19.92645756,63254700
3/5/2007,19.59221649,19.84823138,19.49265575,19.5495478,56454300
3/6/2007,19.79133606,19.86956312,19.66332864,19.77000104,49361800
3/7/2007,19.63488197,19.84111508,19.59221193,19.74155437,52044700
3/8/2007,19.42865562,19.80556635,18.91662712,19.71311591,72175200
3/9/2007,19.4073143,19.54243203,19.22241485,19.49976335,80125000
3/12/2007,19.51399422,19.54243957,19.29353631,19.3290947,36516400
3/13/2007,19.00196457,19.48554773,18.99485289,19.37887529,75169500
3/14/2007,19.48554039,19.48554039,19.00906909,19.0730728,75730300
3/15/2007,19.40020943,19.53532721,19.34331737,19.42865478,51757100
3/16/2007,19.43576431,19.54243673,19.34331524,19.44998766,65055300
3/19/2007,19.79133606,19.79133606,19.34331144,19.44287217,49412000
3/20/2007,19.79844856,20.02601672,19.74155652,19.86245228,47902400
3/21/2007,20.28203583,20.28203583,19.59932986,19.84112142,72808200
3/22/2007,20.10424614,20.30336762,19.91934665,20.28203395,47934900
3/23/2007,19.92646027,20.1042481,19.77000611,20.06868972,50519800
3/26/2007,20.06868744,20.06868744,19.69888983,19.86956596,47491500
3/27/2007,19.7131176,20.02602462,19.66333722,19.9406872,58979800
3/28/2007,19.65622139,19.91223629,19.48554524,19.61355269,46947000
3/29/2007,19.73444939,19.80556479,19.54954988,19.79845311,42629900
3/30/2007,19.81978226,19.87667429,19.55665575,19.73444353,47061000
4/2/2007,19.72733307,19.86245217,19.59932564,19.83400547,41977600
4/3/2007,19.81978226,19.95489999,19.73444353,19.81267058,39821300
4/4/2007,20.26781273,20.46693559,19.84112166,19.91934874,63244200
4/5/2007,20.30335999,20.37447535,20.12557224,20.13979559,30131200
4/9/2007,20.31758881,20.42426121,20.18958138,20.32470048,31384600
4/10/2007,20.19669342,20.36736954,20.06868599,20.26780881,38643100
4/11/2007,19.99045944,20.31758832,19.90512071,20.12557719,44050200
4/12/2007,20.29625702,20.35314906,19.9406814,19.95490339,43762100
4/13/2007,20.3460331,20.4100368,19.98334588,20.21802568,36002900
4/16/2007,20.43136978,20.44559313,20.0615709,20.33892074,30740100
4/17/2007,20.516716,20.54516135,20.31048147,20.36026184,33170200
4/18/2007,20.33891869,20.38869904,20.16824261,20.34603036,41778400
4/19/2007,20.4029274,20.54515682,20.09713218,20.15402422,43648800
4/20/2007,20.6376133,20.69450535,20.41004507,20.60916659,60311500
4/23/2007,20.4669323,20.6162734,20.38870523,20.59493838,41739100
4/24/2007,20.47403717,20.59493153,20.33180643,20.47403717,34236700
4/25/2007,20.61627769,20.62338937,20.40293283,20.52382862,39475000
4/26/2007,20.69450378,20.87229162,20.55938465,20.68739211,68760300
4/27/2007,21.41987038,21.86078327,21.33453165,21.45542739,128298800
4/30/2007,21.2918644,21.59765959,21.2918644,21.42698213,67788800
5/1/2007,21.61899948,21.63322283,21.26342383,21.29187053,73539300
5/2/2007,21.76834297,21.82523502,21.54788508,21.61188881,80686700
5/3/2007,22.02435303,22.04568805,21.71144746,21.76122783,82036800
5/4/2007,21.73278046,21.83234255,21.54077066,21.8181192,104385900
5/7/2007,21.83945274,21.87501112,21.67588829,21.70433499,59889100
5/8/2007,21.86790276,22.00302188,21.74700698,21.81812238,60551700
5/9/2007,21.88924599,21.99591845,21.73990345,21.83235392,51735000
5/10/2007,21.74699783,21.99590096,21.71144083,21.81811321,55398600
5/11/2007,21.96746254,22.03146626,21.725671,21.73989435,43425300
5/14/2007,22.02435303,22.03857638,21.91056894,21.93190396,70188500
5/15/2007,22.04576111,22.18131795,22.00295419,22.04576111,75013900
5/16/2007,22.16704178,22.1813112,21.98154336,22.11710016,45833600
5/17/2007,22.10283661,22.21698931,22.08856718,22.13851018,41045600
5/18/2007,21.99581909,22.10997179,21.81745533,22.09570236,58453000
5/21/2007,22.15277863,22.23125912,21.92447323,21.92447323,41836400
5/22/2007,21.89593124,22.06716026,21.87452711,22.04575612,39999500
5/23/2007,21.81744194,22.0029403,21.81030723,22.0029403,46322500
5/24/2007,21.52493668,21.97441271,21.37511042,21.78891562,64046400
5/25/2007,21.74610519,21.87452729,21.53206927,21.60341503,47726500
5/29/2007,21.96727753,21.99581502,21.68189447,21.75324024,42373100
5/30/2007,22.19558334,22.20985141,21.76751011,21.7960476,57376800
5/31/2007,21.89593124,22.23125456,21.83885491,22.20271707,85290500
6/1/2007,21.82459259,22.0457633,21.79605373,21.96728416,39469400
6/4/2007,21.9173317,21.94587054,21.68902637,21.70329579,41434500
6/5/2007,21.81744194,21.85311413,21.63907829,21.84598078,44265000
6/6/2007,21.61055183,21.78178086,21.58201298,21.66762818,38217500
6/7/2007,21.13254166,21.61055665,21.11113751,21.41792344,71971400
6/8/2007,21.43931389,21.4464486,20.9827033,21.10399066,61346200
6/11/2007,21.41791534,21.58200964,21.3537043,21.36083901,48467400
6/12/2007,21.29663277,21.57487979,21.23955642,21.37511189,56981800
6/13/2007,21.68189621,21.69616564,21.29663123,21.38224507,64435600
6/14/2007,21.77464867,21.91020415,21.61768768,21.65336125,59065700
6/15/2007,21.75323677,22.03148371,21.71042986,22.01721565,100933000
6/18/2007,21.76750946,21.91733434,21.70329841,21.89593156,45412600
6/19/2007,21.7318306,21.87452209,21.67475427,21.74610002,46802600
6/20/2007,21.41078186,21.76750931,21.3751083,21.71756769,46861600
6/21/2007,21.5606041,21.61768043,21.33943348,21.3893751,56564800
6/22/2007,21.0397892,21.47499721,21.01125171,21.40365144,86219900
6/25/2007,21.0397892,21.2395571,20.96130871,21.02551977,53905800
6/26/2007,21.06119347,21.26096001,21.04692404,21.08259625,48340300
6/27/2007,21.31089783,21.36797416,20.94703568,20.94703568,53468600
6/28/2007,21.28236008,21.38224333,21.17534211,21.30376421,46055200
6/29/2007,21.02551842,21.35370843,20.71873391,21.31090151,71193900
7/2/2007,21.21815109,21.26095801,21.03978735,21.16820946,47316000
7/3/2007,21.41791534,21.5606055,21.24668634,21.25382105,35202600
7/5/2007,21.39650726,21.56060153,21.28235461,21.43931417,47838500
7/6/2007,21.38223839,21.43218136,21.1610678,21.33943148,57541000
7/9/2007,21.31089783,21.36797416,21.26808955,21.30376312,33831400
7/10/2007,20.9256382,21.39651846,20.81862021,21.18961719,66013500
7/11/2007,21.0397892,21.1539419,20.8400213,20.86142544,48017000
7/12/2007,21.45358849,21.48212733,21.0041125,21.08972633,54302400
7/13/2007,21.2752285,21.41792005,21.16107581,21.3608437,42173000
7/16/2007,21.42505264,21.57487753,21.20388063,21.23241948,48023200
7/17/2007,21.96015167,22.0314961,21.41079084,21.41792555,77539600
7/18/2007,22.06002426,22.09569646,21.76037317,21.76750788,64414400
7/19/2007,22.48096466,22.71640473,22.06716086,22.15277469,121159300
7/20/2007,22.23125458,22.25979343,21.96727703,22.22411987,98292600
7/23/2007,22.25266075,22.48810084,22.20271912,22.37394815,48910600
7/24/2007,21.97441292,22.45956252,21.91020186,22.12423917,59729300
7/25/2007,21.91019821,22.33113669,21.66762481,22.10996606,54950100
7/26/2007,21.38938141,21.78178249,21.05405804,21.57487988,87025300
7/27/2007,20.96844292,21.40365092,20.94704014,21.35370929,69214600
7/30/2007,20.97556686,21.03977789,20.65451308,20.98270157,67499600
7/31/2007,20.68305206,21.20387368,20.67591735,21.19673897,66554000
8/1/2007,20.90423012,21.08259386,20.56177206,20.65452197,80006300
8/2/2007,21.06119347,21.25382666,20.70446594,20.82575335,47938300
8/3/2007,20.66164589,21.24667984,20.61883899,21.01123986,61535500
8/6/2007,21.07545471,21.07545471,20.51182479,20.72586067,59530500
8/7/2007,21.08259773,21.25382815,20.72587018,20.9256381,49163000
8/8/2007,21.40364838,21.41078309,20.84001832,21.2038805,52898600
8/9/2007,20.90423012,21.47499491,20.63311783,21.14680492,72964500
8/10/2007,20.48328972,20.7258645,20.16223583,20.61884653,76576200
8/13/2007,20.42620468,20.68304877,20.29064929,20.64737659,55492300
8/14/2007,20.24007416,20.68396606,20.18995746,20.59805212,42944100
8/15/2007,20.11835861,20.75555885,20.08256,20.21859199,48117700
8/16/2007,19.91072655,20.29734326,19.6959404,19.96084323,81447400
8/17/2007,20.22574806,20.22574806,19.9178869,20.11119526,76747700
8/20/2007,20.23290253,20.39757196,20.10403032,20.17562614,49952000
8/21/2007,20.09687424,20.27586314,19.95368393,20.1183534,50786200
8/22/2007,20.20426178,20.2758576,20.05391179,20.24006037,44763500
8/23/2007,20.26154709,20.28302625,20.11835676,20.24722901,33886600
8/24/2007,20.62667847,20.64815762,20.09687154,20.19710488,45158900
8/27/2007,20.39757538,20.59804344,20.33313926,20.48349065,32789500
8/28/2007,19.99663925,20.39757399,19.98231981,20.26154205,43924400
8/29/2007,20.46917534,20.48349478,19.91788907,20.13983498,45753700
8/30/2007,20.36894035,20.71259876,20.27586535,20.34746119,33690700
8/31/2007,20.56940269,20.70543463,20.30449991,20.5479249,42511900
9/4/2007,20.62667847,20.83430623,20.3904132,20.40473263,45689600
9/5/2007,20.39041519,20.56940409,20.34745824,20.5121277,47669800
9/6/2007,20.69827843,20.76987427,20.44053395,20.44769367,45430800
9/7/2007,20.36177635,20.64099858,20.27586108,20.49064857,52160900
9/10/2007,20.39041519,20.58372353,20.34029852,20.52644714,37247600
9/11/2007,20.71259689,20.72691633,20.46201215,20.49780938,34380800
9/12/2007,20.71259689,20.88442608,20.6195219,20.62668162,42364700
9/13/2007,20.8772583,20.94885411,20.73406668,20.8486208,35288600
9/14/2007,20.79134941,20.84146608,20.67679527,20.7483911,33496600
9/17/2007,20.56940269,20.67679575,20.49064851,20.61236101,39536500
9/18/2007,20.71259689,20.74123441,20.24006628,20.54792742,77462400
9/19/2007,20.52644348,20.69827263,20.26153936,20.66963512,94242200
9/20/2007,20.34746552,20.46201834,20.2901891,20.39042248,67168900
9/21/2007,20.51212883,20.62668162,20.3617788,20.54076771,135636100
9/24/2007,20.81999207,21.19944908,20.61952397,20.6266837,104459800
9/25/2007,21.16365623,21.16365623,20.8414769,20.8629547,75621000
9/26/2007,21.12068558,21.37127026,21.10636614,21.24955778,60337000
9/27/2007,21.11353493,21.27820442,21.07773769,21.26388635,43407100
9/28/2007,21.09205627,21.25672714,20.92738678,21.11353544,45819100
10/1/2007,21.31400299,21.32832243,21.05625848,21.09205573,43875100
10/2/2007,21.26387978,21.37127283,21.17080479,21.26387978,33700900
10/3/2007,21.08489418,21.37127616,20.97034139,21.27104145,37633900
10/4/2007,21.27103806,21.31399637,21.0777311,21.163645,37868000
10/5/2007,21.36411476,21.47150783,21.28535921,21.39991199,45012300
10/8/2007,21.36411476,21.37127448,21.19228558,21.23524254,30265400
10/9/2007,21.55026054,21.75788693,21.47866472,21.50014388,63603100
10/10/2007,21.64333725,21.74357196,21.50014695,21.50730667,32251500
10/11/2007,21.41423416,21.92972176,21.32832024,21.69345644,50788400
10/12/2007,21.60037994,21.7650494,21.44287021,21.5001466,31121100
10/15/2007,21.50731087,21.71493732,21.47867198,21.55026783,47150500
10/16/2007,21.7077713,21.8939199,21.64333519,21.65049491,56286200
10/17/2007,22.2518959,22.35928895,21.94403483,22.01563065,86092400
10/18/2007,22.30918121,22.3592979,21.92972417,22.35213818,49208600
10/19/2007,21.60037994,22.25905913,21.55742299,22.25905913,75200200
10/22/2007,21.84380531,21.97983726,21.56458307,21.56458307,58785100
10/23/2007,22.12302589,22.28053699,21.98699396,21.98699396,49956200
10/24/2007,22.37360954,22.40940677,21.83664291,22.08722761,77979200
10/25/2007,22.90341568,23.06808648,22.54543794,22.60271432,169588700
10/26/2007,25.07993507,25.795891,24.74343765,25.78157155,288121200
10/29/2007,24.75058174,25.26607058,24.66466784,24.95104841,114655600
10/30/2007,25.46655655,25.480876,24.59308929,24.60740874,107297300
10/31/2007,26.3543129,26.49034341,25.42356892,25.43073,185635800
11/1/2007,26.53331375,26.84117486,26.03214432,26.15385545,152078800
11/2/2007,26.53331375,26.84833321,26.0750999,26.64786653,96389800
11/5/2007,26.29704475,26.56194752,26.2254503,26.31852254,75485400
11/6/2007,26.06794739,26.24693632,25.68133065,26.19681963,100966700
11/7/2007,25.43073845,25.88894951,25.38062179,25.80303562,74897800
11/8/2007,24.8723011,25.70280957,24.62887607,25.48802068,133742400
11/9/2007,24.14918518,24.72911027,24.09191015,24.47136579,125136900
11/12/2007,23.89860535,24.13486934,23.64086082,23.85564702,84865200
11/13/2007,24.75340271,24.90424984,23.97761552,24.09254706,104311500
11/14/2007,24.37269211,24.96171657,24.24339379,24.86833384,84063100
11/15/2007,24.25058174,24.49481166,24.09973458,24.25058174,64014100
11/16/2007,24.48762131,24.60973485,24.21465791,24.32240741,71113800
11/19/2007,24.39423561,24.59536781,24.32958647,24.39423561,63026200
11/20/2007,24.83960533,25.1197508,24.49480795,24.58819069,100009400
11/21/2007,24.58819008,24.94735149,24.55227449,24.71030638,89518700
11/23/2007,24.50199127,24.73903637,24.21466105,24.68157197,33467200
11/26/2007,23.68309402,24.68874389,23.65436047,24.48761447,80335000
11/27/2007,23.74774742,24.13563956,23.47478405,23.89859452,84178400
11/28/2007,24.20748138,24.34396174,23.63282363,23.97761828,88585000
11/29/2007,24.12846565,24.37269554,23.92733612,24.12128363,53633600
11/30/2007,24.13563728,24.50916535,23.84112514,24.36550029,71027800
12/3/2007,23.64718628,24.16437959,23.47479033,24.06381484,61770600
12/4/2007,23.53944206,23.87705471,23.43887729,23.51789325,54801500
12/5/2007,24.53073311,24.79651187,23.72620932,23.8052253,84894700
12/6/2007,24.81804276,24.86114309,24.32958322,24.60972856,49209700
12/7/2007,24.80368805,24.92580436,24.58100971,24.86115519,40771000
12/10/2007,24.96889114,25.10537418,24.76057968,24.8826932,36083500
12/11/2007,24.49480438,25.13411392,24.37269083,24.94734848,55070700
12/12/2007,24.76058197,25.20594123,24.37268709,24.8611467,63345400
12/13/2007,25.29932022,25.46453407,24.62409529,24.76776035,73913200
12/14/2007,25.36397743,25.74468762,25.14847841,25.17721198,71126200
12/17/2007,24.70311356,25.23467348,24.68156475,25.16283958,58121200
12/18/2007,24.95453835,25.14130109,24.57382535,24.88270441,52791800
12/19/2007,24.99045181,25.24186371,24.69593956,24.91861789,58469100
12/20/2007,25.51481628,25.70876369,25.19875536,25.34960243,59345000
12/21/2007,25.90271759,25.90271759,25.68003657,25.78778607,83240500
12/24/2007,26.2762413,26.37680603,25.89552847,25.95299559,29622600
12/26/2007,26.29779816,26.31934696,26.04638353,26.15413305,30252400
12/27/2007,25.83806801,26.25469374,25.81651646,26.11102866,33311100
12/28/2007,25.94582367,26.02483963,25.6225778,25.93145688,33447200
12/31/2007,25.57229614,25.8524444,25.51483173,25.78779522,35229700
1/2/2008,25.29932022,25.83087736,25.14128839,25.70876384,63004200
1/3/2008,25.40707207,25.60820428,25.04072871,25.29932531,49599600
1/4/2008,24.6959362,25.28496062,24.48762195,25.27777586,72090800
1/7/2008,24.86114883,24.99762916,24.60255223,24.81804849,80164300
1/8/2008,24.0279007,24.93298631,23.9919851,24.93298631,79148300
1/9/2008,24.73904037,24.81087431,23.95606828,23.96325305,74305500
1/10/2008,24.66001701,24.78213054,24.26493738,24.67438105,72446000
1/11/2008,24.35832787,24.59537572,24.22184751,24.52354179,55187900
1/14/2008,24.70311356,24.83241184,24.48043531,24.75339592,52792200
1/15/2008,24.42297363,24.69593705,24.42297363,24.44452244,61606200
1/16/2008,23.86985779,24.17155468,23.35266468,24.00633808,120778500
1/17/2008,23.78365898,24.27930053,23.68309427,24.09253788,94247800
1/18/2008,23.71183777,24.42297865,23.68310694,23.8195873,117062000
1/22/2008,22.9575901,23.36703377,22.62716236,22.65589592,108521400
1/23/2008,22.9360466,23.02224457,22.29673976,22.6128008,137597400
1/24/2008,23.88422966,23.9632456,23.07252425,23.23773814,155640400
1/25/2008,23.66155434,25.14130043,23.61127195,25.06946924,196992300
1/28/2008,23.50352478,23.77648549,23.28802573,23.71902109,81019000
1/29/2008,23.41732025,23.6256345,23.23773957,23.59690094,68023000
1/30/2008,23.12999535,23.56098794,23.02224583,23.388592,106432600
1/31/2008,23.41732025,23.51788774,22.78519684,22.92167855,103642200
2/1/2008,21.87293053,23.88423388,21.72926541,22.31110652,291138900
2/4/2008,21.68616486,22.06687505,21.62869909,21.90166114,119998600
2/5/2008,20.8816433,21.50658473,20.75234497,21.48503455,137534100
2/6/2008,20.48656273,21.08277049,20.32134884,21.03248812,138315600
2/7/2008,20.19924164,20.67333467,20.04120971,20.35727219,164964900
2/8/2008,20.51529884,20.88882703,20.28543577,20.32135273,124872000
2/11/2008,20.2638855,20.55121571,20.04838921,20.48656655,156814100
2/12/2008,20.35727501,20.55840595,20.19206104,20.42192419,84365900
2/13/2008,20.80262184,20.86727099,20.49374427,20.55839342,88986200
2/14/2008,20.47219658,20.86009149,20.44346301,20.7451586,69113500
2/15/2008,20.41473579,20.57276633,20.29262085,20.33571984,68166100
2/19/2008,20.31377602,20.79692232,20.24166436,20.76807711,68261200
2/20/2008,20.34982491,20.37867011,20.13349138,20.29934717,93056200
2/21/2008,20.26329994,20.88345693,20.16234307,20.63827948,98776500
2/22/2008,19.96043587,20.47242615,19.61430148,20.36425932,125705400
2/25/2008,20.07580948,20.36425474,19.81620806,19.93879746,109974300
2/26/2008,20.46520805,20.81134371,19.95321794,20.00369568,108923500
2/27/2008,20.37867737,20.68154524,20.26329926,20.32819962,75199500
2/28/2008,20.14070892,20.38588773,20.04696336,20.20560928,83002900
2/29/2008,19.61429405,20.0685951,19.48449336,19.96763962,117411400
3/3/2008,19.4628582,19.7513034,19.37632533,19.64313662,76544300
3/4/2008,19.89552879,19.92437263,19.44122635,19.48449417,86925600
3/5/2008,20.2777195,20.48684177,19.97485166,20.0109068,106489800
3/6/2008,19.88110542,20.31377394,19.83062768,20.23445099,91127700
3/7/2008,20.09744263,20.24166456,19.7008292,19.71525181,77597600
3/10/2008,20.22724915,20.37868382,20.01091547,20.06860455,72175100
3/11/2008,21.11421394,21.15748039,20.46521038,20.47963299,98740700
3/12/2008,20.64548874,21.26564708,20.58058976,21.22238064,75993800
3/13/2008,20.63827705,20.90508838,20.306564,20.58058801,84552200
3/14/2008,20.16234207,20.91951242,19.93158587,20.71038875,105214900
3/17/2008,20.40751457,20.71759364,19.67197974,19.68640096,84490100
3/18/2008,21.21516991,21.25843635,20.67433451,20.67433451,83695300
3/19/2008,20.63827705,21.33775693,20.63827705,21.18632232,61442100
3/20/2008,21.042099,21.07094283,20.61664179,20.72480857,60170200
3/24/2008,21.03489113,21.20074698,20.95556816,21.15026923,48294700
3/25/2008,21.01325798,21.17911522,20.86903603,21.15027,49149000
3/26/2008,20.59501648,20.9627848,20.46521573,20.93394096,45868100
3/27/2008,20.22724915,20.54453972,20.19119399,20.53732842,47894400
3/28/2008,20.12628555,20.50126505,20.06859651,20.35704174,49244000
3/31/2008,20.46520805,20.61664266,20.07580734,20.10465117,46780600
4/1/2008,21.2728672,21.30171243,20.64549729,20.78972067,65796200
4/2/2008,21.02768326,21.33055118,20.91230513,21.32333988,49499400
4/3/2008,20.9122982,21.14305438,20.76807491,20.9122982,38961400
4/4/2008,21.02768326,21.09979493,20.72481534,21.00604934,43860800
4/7/2008,21.02768326,21.33776249,20.93393905,21.30891727,44428600
4/8/2008,20.73201942,20.91229785,20.5805862,20.86903142,44733500
4/9/2008,20.83297539,20.94114355,20.58058668,20.710386,45839300
4/10/2008,20.99162674,21.20074906,20.76808043,20.78971435,65591600
4/11/2008,20.39309502,20.91950766,20.3426159,20.81855219,54373700
4/14/2008,20.23444939,20.41472781,20.14070521,20.36425007,43418100
4/15/2008,20.37146568,20.53732153,20.21282114,20.27772149,34310000
4/16/2008,20.87624168,20.94835195,20.46520573,20.60221771,54107400
4/17/2008,21.07094002,21.15747426,20.84018387,20.99882975,48743300
4/18/2008,21.63341141,21.70552305,21.3521775,21.64062271,73658900
4/21/2008,21.93628311,22.06608382,21.71994951,21.77042726,54411700
4/22/2008,21.81368637,22.13818804,21.61177407,22.09492023,67387500
4/23/2008,22.67902946,22.68623939,21.8497475,21.95791567,98351500
4/24/2008,22.93141747,23.14775105,22.46990509,22.80882807,115416700
4/25/2008,21.51082802,21.91465143,21.34497215,21.66947258,145194900
4/28/2008,20.90508842,21.51803542,20.78249903,21.4891902,97473000
4/29/2008,20.65270042,20.84019019,20.51568978,20.76807853,84428900
4/30/2008,20.56616211,21.06372955,20.55895081,20.72480662,74733600
5/1/2008,21.20074081,21.26564115,20.53731621,20.55173881,71699400
5/2/2008,21.08536339,21.35938735,20.8113408,21.33775345,66024200
5/5/2008,20.96999741,21.79927832,20.90509703,21.58294465,119687700
5/6/2008,21.41708565,21.53246377,20.86182756,20.91230531,93582000
5/7/2008,21.06373024,21.73436619,20.96998607,21.40986586,88775000
5/8/2008,21.10700226,21.19353515,20.91230119,21.11421356,69589900
5/9/2008,21.19353294,21.30891104,20.87624388,21.06373225,51621200
5/12/2008,21.62620544,21.6766832,21.16469299,21.20074814,64278800
5/13/2008,21.55382919,21.8071471,21.37288704,21.71305779,70934700
5/14/2008,21.66239357,21.90123714,21.5176393,21.63344216,66730400
5/15/2008,22.0387516,22.09665303,21.6696295,21.69857952,53355800
5/16/2008,21.70582008,22.06046653,21.6551565,22.05322868,81538200
5/19/2008,21.32222176,21.63344247,21.21365674,21.61896814,59615000
5/20/2008,20.81558418,21.21365634,20.7214935,21.20641849,75767600
5/21/2008,20.44646263,21.02547695,20.4030369,20.85177265,60125100
5/22/2008,20.60569,20.77215782,20.39579784,20.46817497,52203100
5/23/2008,20.30171204,20.50436777,20.22933627,20.45370419,48890700
5/27/2008,20.58397865,20.62740438,20.30170797,20.34513508,47334500
5/28/2008,20.39579391,20.67806315,20.29446678,20.6708253,52318500
5/29/2008,20.48989296,20.757688,20.36685222,20.41751581,47699200
5/30/2008,20.49712372,20.77215652,20.41027227,20.54054944,63399200
6/2/2008,20.12076569,20.52607708,19.93982354,20.43922424,77028400
6/3/2008,19.76612091,20.48988954,19.73717088,20.20038237,86616700
6/4/2008,19.93258476,20.00496051,19.68650337,19.74440479,79567400
6/5/2008,20.48264503,20.48264503,19.97600799,20.06285942,76063400
6/6/2008,19.89639664,20.38855946,19.89639664,20.2582809,78500800
6/9/2008,20.0556221,20.20037634,19.75887716,20.01219638,66787100
6/10/2008,20.18590927,20.47541787,19.77336132,19.80231273,77433900
6/11/2008,19.62860298,20.22209295,19.62136513,20.15695367,59330800
6/12/2008,20.43922424,20.66359211,19.6792678,19.83125853,113996300
6/13/2008,21.03995895,21.40184336,20.62741096,20.72150029,131969100
6/16/2008,20.93862152,21.06890006,20.72872801,21.00376079,74718900
6/17/2008,20.84453392,21.07614102,20.83729745,21.01823959,44256700
6/18/2008,20.5984478,20.88795626,20.5984478,20.66358707,49677800
6/19/2008,20.93862152,21.12680148,20.50436017,20.66358874,62037800
6/20/2008,20.43198586,20.93138654,20.33789655,20.91691084,97480400
6/23/2008,20.24380493,20.56226347,20.11352776,20.48264849,57145300
6/24/2008,20.07010841,20.27276417,19.91087978,20.20762487,65218300
6/25/2008,20.51883888,20.7504446,20.09181532,20.1280032,64280200
6/26/2008,20.08457756,20.41027396,20.08457756,20.28723325,67049100
6/27/2008,19.99772072,20.20037637,19.87468003,20.03390997,73450200
6/30/2008,19.91087341,20.25104414,19.89639771,20.070102,57830500
7/1/2008,19.44766045,19.81678117,19.13643977,19.73716757,100327800
7/2/2008,18.7311306,19.54175203,18.7311306,19.4693749,84669000
7/3/2008,18.80350876,18.8903616,18.52847729,18.79627091,37074500
7/7/2008,18.83968925,19.1002449,18.4199037,18.89759066,71527600
7/8/2008,18.70942307,18.96274241,18.46334157,18.76732451,65553200
7/9/2008,18.26067352,18.70941047,18.22448566,18.66598476,54255800
7/10/2008,18.41990471,18.57913325,18.07973271,18.23896262,57830600
7/11/2008,18.27515411,18.55742338,18.0001227,18.21001484,69532600
7/14/2008,18.20277977,18.68046693,18.14487834,18.44162335,51216200
7/15/2008,18.926548,19.28119444,18.04355084,18.04355084,92719300
7/16/2008,19.7299366,19.75165016,18.76008635,18.91207713,82060400
7/17/2008,19.91810989,20.20037917,19.62136491,19.96153562,96526100
7/18/2008,18.71665001,19.15814776,18.17382375,19.07853418,150277000
7/21/2008,18.55742455,18.94102236,18.47781095,18.57190025,77575600
7/22/2008,18.67323112,18.77455968,18.44162537,18.48505249,88657200
7/23/2008,19.12919998,19.42594493,18.70941434,18.71665219,79408800
7/24/2008,18.41267776,18.94102863,18.41267776,18.88312719,81092600
7/25/2008,18.93377876,18.97720447,18.45609179,18.55741891,58682300
7/28/2008,18.45609856,18.89759783,18.3402957,18.86140857,59707800
7/29/2008,18.89759636,18.95549779,18.38372,18.47057283,66368200
7/30/2008,18.98444748,19.17262746,18.74560393,18.96273531,51977700
7/31/2008,18.61533165,19.02064314,18.6080938,18.70942236,60461000
8/1/2008,18.41267776,18.7818,18.14488271,18.76008644,82720200
8/4/2008,18.29687119,18.49228766,18.17383046,18.37648479,60588300
8/5/2008,18.96997643,19.02064139,18.45610133,18.5574285,84297600
8/6/2008,19.55622101,19.65754813,19.09300833,19.34632753,95550000
8/7/2008,19.82401466,20.08457171,19.34632766,19.46936834,82565800
8/8/2008,20.35960007,20.43197717,19.67925891,19.79506172,80814100
8/11/2008,20.19313812,20.55502232,20.01943387,20.1641881,68743800
8/12/2008,20.35237312,20.52607742,19.96153743,20.10629169,62813000
8/13/2008,20.2003746,20.62739804,20.09180963,20.31617743,51165200
8/14/2008,20.2003746,20.4681695,19.9470554,20.13523534,49732300
8/15/2008,20.12800217,20.37408357,19.96153574,20.25104287,47267400
8/18/2008,20.04115105,20.30170678,19.93982251,20.10629033,38078200
8/19/2008,19.85222244,20.16468444,19.81589023,20.01208749,40332900
8/20/2008,19.83041191,20.0411411,19.74321272,20.01207563,41497200
8/21/2008,19.75049019,19.7868224,19.51796073,19.69235782,43614200
8/22/2008,20.23008728,20.25915278,19.7795603,19.78682702,47930400
8/25/2008,20.09928322,20.23008138,19.95395162,20.06295101,51381300
8/26/2008,19.81588173,20.14287564,19.74321595,20.04114439,44774400
8/27/2008,20.02661705,20.1937488,19.71415509,19.8667534,33975300
8/28/2008,20.30274391,20.35360955,20.05568107,20.06294778,48372600
8/29/2008,19.83041191,20.18647263,19.83041191,20.11380686,50735500
9/2/2008,19.69235992,20.17195234,19.66329305,20.10655324,66079200
9/3/2008,19.54702568,19.75048965,19.50342675,19.61969148,57127700
9/4/2008,19.1473732,19.53976646,19.1473732,19.43076841,66141900
9/5/2008,18.63871002,19.05290336,18.62417658,18.91483984,82305200
9/8/2008,18.98023605,19.13283299,18.65324063,19.04563375,62110800
9/9/2008,18.96569633,19.32902385,18.92936275,19.03836211,85735700
9/10/2008,19.21276474,19.51795999,19.07469986,19.2708971,75064900
9/11/2008,19.86675835,19.95395622,18.91484018,18.96570584,72913300
9/12/2008,20.0702076,20.1574054,19.57608208,19.72141221,75628500
9/15/2008,19.48889351,19.97575258,19.42349443,19.56155931,82349400
9/16/2008,18.88576698,19.24909455,18.54423957,18.95843277,111729700
9/17/2008,17.85391998,18.79857268,17.80305434,18.69684,106972100
9/18/2008,18.35531235,18.42071143,17.44699326,18.0210502,132291300
9/19/2008,18.28264999,19.18370254,17.07640212,19.16190376,134926100
9/22/2008,18.45704079,19.12556359,18.39890843,19.0528978,105207700
9/23/2008,18.48610687,19.01656478,18.41344108,18.6459705,92181300
9/24/2008,18.68956566,18.95842861,18.5006352,18.5878344,80250300
9/25/2008,19.3362999,19.53249579,18.70410911,18.76224149,96203500
9/26/2008,19.91034889,20.02661359,18.99476333,19.01656348,100744300
9/29/2008,18.17364311,20.09927873,18.17364311,19.57608759,134383100
9/30/2008,19.39442444,19.39442444,18.55877138,18.72590171,107192700
10/1/2008,19.24182892,19.61242323,19.09649871,19.16916312,88957000
10/2/2008,19.07470322,19.27816722,18.67504332,19.02383756,93819800
10/3/2008,19.12556839,19.96122176,19.06743602,19.16190199,114289400
10/6/2008,18.10098076,18.88576831,17.54145593,18.624172,146374600
10/7/2008,16.88019562,18.31897221,16.81479656,18.15184189,145941200
10/8/2008,16.7203331,17.65771741,16.34973885,16.6404006,171598600
10/9/2008,16.20440292,17.3743177,16.03727264,17.27258646,131948700
10/10/2008,15.62308788,16.24074512,15.00543064,15.83381857,228467500
10/13/2008,18.52971077,18.52971077,16.44420938,16.61134116,144935400
10/14/2008,17.51239204,18.69683951,17.14906441,18.63144042,165674900
10/15/2008,16.46601105,17.62139323,16.33521286,17.2798657,113280200
10/16/2008,17.5777874,17.5777874,15.48501992,16.66946852,161147800
10/17/2008,17.3888588,18.24631214,16.93833197,17.12726249,133673100
10/20/2008,17.96291924,17.98471939,16.72033929,17.58505952,93484300
10/21/2008,16.97465897,18.17363928,16.90925991,17.65771358,100385600
10/22/2008,15.64488888,16.75667058,15.18709527,16.74213853,150054800
10/23/2008,16.21894073,16.41513793,15.17982378,15.65941601,154774100
10/24/2008,15.9573431,16.61133371,15.22342277,15.30335388,153919700
10/27/2008,15.39055252,15.95734251,15.27428784,15.74661329,117683900
10/28/2008,16.78573608,16.86566722,15.50682271,15.72481873,134088800
10/29/2008,16.71306801,17.41792299,16.49507202,16.80753257,111701800
10/30/2008,16.44420815,17.35252723,16.26981105,17.21446373,95323000
10/31/2008,16.22620964,16.64766958,16.07361272,16.37154123,93055200
11/3/2008,16.43694305,16.64767236,16.13901311,16.33521037,61923500
11/4/2008,17.09819412,17.19265867,16.61860189,16.80753099,72123000
11/5/2008,16.04454994,16.96013584,16.02274978,16.95286912,81179700
11/6/2008,15.17255688,16.04454349,15.15802483,15.8919466,95509700
11/7/2008,15.62308788,15.65215476,15.25976026,15.49228972,71256300
11/10/2008,15.4777565,15.96461558,15.39782536,15.87741773,67106800
11/11/2008,15.40508652,15.47775091,15.10715808,15.47048558,78014500
11/12/2008,14.75109959,15.25975877,14.73656754,15.17982625,90162300
11/13/2008,15.44142437,15.44142437,13.61751949,14.6421033,148413700
11/14/2008,14.57670021,15.50681919,14.27877174,14.94002774,96624500
11/17/2008,14.03898048,14.70750343,13.91544902,14.34417577,97289000
11/18/2008,14.35355759,14.38281997,13.71708426,14.26576763,108966500
11/19/2008,13.38055325,14.59497179,13.35128948,14.36086582,103010500
11/20/2008,12.82456017,13.78292675,12.80261233,13.25619121,139532800
11/21/2008,14.39745045,14.41208234,13.1537677,13.18303148,157231900
11/24/2008,15.13633823,15.3192326,14.53644493,14.55107542,125289900
11/25/2008,14.62424183,15.31192544,14.30234717,15.26071521,92948100
11/26/2008,14.99002266,15.12902277,14.4340236,14.4340236,79678300
11/28/2008,14.7925024,14.85834452,14.64618768,14.79981835,28650800
12/1/2008,13.61466599,14.59498054,13.60735004,14.54376891,79639900
12/2/2008,14.00971127,14.12676357,13.57808035,13.89265896,79689800
12/3/2008,14.53645039,14.55839683,13.60734632,13.64392465,80961500
12/4/2008,13.98044968,14.5730272,13.74634505,14.19260647,78719200
12/5/2008,14.53645039,14.61692299,13.51224043,13.83413503,91996200
12/8/2008,15.37044811,15.5460266,14.73397488,14.88760693,107225000
12/9/2008,15.07049847,15.54602362,14.96807666,15.08513035,80484900
12/10/2008,15.07781982,15.33387095,14.85102969,15.2314505,61499000
12/11/2008,14.22919273,14.71935005,14.12677086,14.7120341,83564300
12/12/2008,14.1633482,14.52182119,13.68050691,14.00971612,78112600
12/15/2008,13.9292469,14.22187785,13.81950908,14.14871976,59925900
12/16/2008,14.71202946,14.76323968,13.89997768,14.05360835,97688700
12/17/2008,14.38282299,14.66813796,14.26577063,14.49255941,78922700
12/18/2008,14.11945152,14.64618845,13.89266279,14.52913611,80759200
12/19/2008,13.98776722,14.48523892,13.98045127,14.20723999,113530400
12/22/2008,14.03166008,14.11213407,13.81950188,14.07555435,58575400
12/23/2008,14.10482025,14.31697708,13.90729391,14.10482025,47511400
12/24/2008,14.02434444,14.2291867,13.97313423,14.09018655,16880400
12/26/2008,13.9950819,14.14139801,13.96581952,14.04629352,23101000
12/29/2008,13.87070656,14.0536009,13.63660202,14.00970665,58512800
12/30/2008,14.14871502,14.25845141,13.89997845,13.9072944,43224100
12/31/2008,14.22187519,14.39745372,14.09750689,14.12676928,46419000
1/2/2009,14.87297535,14.92418557,14.17066139,14.28771372,50084000
1/5/2009,15.0119772,15.12171359,14.67545067,14.77787252,61475200
1/6/2009,15.18755245,15.36313092,15.07781608,15.18023651,58083400
1/7/2009,14.27308273,14.84371391,14.2511349,14.77055585,72709900
1/8/2009,14.71934319,14.7705534,14.30234275,14.3608689,70255400
1/9/2009,14.28040218,14.8510321,14.19992816,14.75592758,49815300
1/12/2009,14.24382305,14.47792918,14.11945474,14.4194016,52163500
1/13/2009,14.49986553,14.62423376,14.28039284,14.28039284,65843500
1/14/2009,13.96582127,14.39745231,13.90729509,14.28771591,80257500
1/15/2009,14.07555771,14.11945199,13.54882216,13.95118942,96169800
1/16/2009,14.41939926,14.56571539,14.00971604,14.36087309,79634100
1/20/2009,13.519557,14.35355661,13.43908439,14.23650289,89873000
1/21/2009,14.17797565,14.22918727,13.50492409,13.80487224,68340900
1/22/2009,12.51729774,13.30008584,12.48803396,13.20497993,222436600
1/23/2009,12.58313847,12.7952953,12.2539279,12.41487451,117020600
1/26/2009,12.89771652,13.02940075,12.60508567,12.64898134,92476500
1/27/2009,12.9196682,13.146457,12.75140558,13.00745818,61695000
1/28/2009,13.19765949,13.39518437,12.99281728,13.02207965,64145500
1/29/2009,12.86845684,13.13913991,12.846509,13.00745705,49192800
1/30/2009,12.50998497,13.01477422,12.50998497,12.97819448,62370900
2/2/2009,13.0440321,13.26350488,12.43682258,12.45877042,88871700
2/3/2009,13.53418922,13.61466323,12.87576949,13.05866394,86865100
2/4/2009,13.62929535,13.89997978,13.53419084,13.56345462,75618000
2/5/2009,13.9292469,14.00240359,13.35129957,13.54151003,75195200
2/6/2009,14.38282299,14.58034938,13.94387592,14.017034,86746000
2/9/2009,14.22187519,14.46329585,14.09019094,14.36818994,52196400
2/10/2009,13.75366211,14.48523991,13.68050545,14.08287268,83953200
2/11/2009,14.05360699,14.25844925,13.84145018,13.85608207,58599000
2/12/2009,14.09018803,14.1340823,13.56345253,13.8780298,75323200
2/13/2009,13.96582127,14.24382024,13.92924293,14.0975055,47416000
2/17/2009,13.32498264,13.626986,13.17766331,13.6196199,75853300
2/18/2009,13.34707928,13.59015516,13.25868741,13.42073753,54946900
2/19/2009,13.19239712,13.53859576,13.11873744,13.4796683,49195600
2/20/2009,13.25868797,13.39864118,13.00824598,13.08927174,69413800
2/23/2009,12.67677784,13.36917636,12.63994871,13.27341979,70803400
2/24/2009,12.64731598,12.77990309,12.05067538,12.54419329,122674500
2/25/2009,12.49263,12.69887677,12.12433311,12.52946054,105894600
2/26/2009,12.09487629,12.58102833,12.09487629,12.55893,83219500
2/27/2009,11.89599323,12.16853364,11.85916409,11.99911735,93428000
3/2/2009,11.63081837,11.96965161,11.57925702,11.75603939,80602100
3/3/2009,11.69711018,11.9622837,11.52032782,11.80759967,80476600
3/4/2009,11.8738966,12.08014203,11.7044796,11.8738966,69285100
3/5/2009,11.24778557,11.69710745,11.24778557,11.68237524,89708500
3/6/2009,11.25515366,11.50559567,10.95315029,11.3067157,92821400
3/9/2009,11.15939713,11.59398763,11.12256799,11.19622696,66479100
3/10/2009,12.13906479,12.24218887,11.2330548,11.32144597,95184200
3/11/2009,12.60312366,12.66941724,12.10223953,12.24955748,84522200
3/12/2009,12.52945995,12.55155827,12.13906476,12.52945995,93694100
3/13/2009,12.2642889,12.5589262,11.91809025,12.50736485,82965800
3/16/2009,11.96965027,12.49263124,11.96228416,12.38950855,67028900
3/17/2009,12.44843483,12.44843483,11.97701525,12.02121049,62481000
3/18/2009,12.49263,12.68414456,12.2274572,12.54419275,70710700
3/19/2009,12.62521648,12.85356156,12.46316636,12.79463412,58994600
3/20/2009,12.56629181,13.00088233,12.43370468,12.7578064,81725500
3/23/2009,13.5017643,13.69327885,12.75043828,12.79463492,71600000
3/24/2009,13.20712757,13.41337294,13.14083401,13.28815334,50044100
3/25/2009,13.17029762,13.48703321,12.90512479,13.24395729,73927100
3/26/2009,13.87006283,13.90689196,13.34708184,13.38391098,63775100
3/27/2009,13.35445118,13.71538355,13.2955237,13.65645607,47670400
3/30/2009,12.87565708,13.08190382,12.72097308,13.06717161,49633000
3/31/2009,13.53122807,13.8405975,13.09663763,13.13346676,92423300
4/1/2009,14.22362232,14.26045285,13.39127215,13.42810127,96438900
4/2/2009,14.20889854,14.65085381,13.99528562,14.36358261,99082300
4/3/2009,13.81113529,14.10577256,13.57542547,14.09104035,81858400
4/6/2009,13.81850052,13.81850052,13.45756971,13.65645038,47476100
4/7/2009,13.81850052,14.09840556,13.72274253,13.81850052,65815200
4/8/2009,14.13524055,14.45197623,13.96582285,13.97318896,56408900
4/9/2009,14.488801,14.51089932,14.15733321,14.32675086,55759600
4/13/2009,14.42987633,14.62139093,14.26782616,14.50353601,44444700
4/14/2009,14.25308704,14.40040493,13.99527899,14.31938058,63796300
4/15/2009,13.87006283,14.17943232,13.63435301,14.14996789,72725500
4/16/2009,14.55509567,14.56982789,13.98791803,14.11313905,67688700
4/17/2009,14.14260292,14.50353375,13.99528358,14.50353375,61398500
4/20/2009,13.70801258,13.95845461,13.67854815,13.91425797,62937200
4/21/2009,13.97318077,14.05420652,13.6785436,13.69327581,60928300
4/22/2009,13.83323669,14.13524014,13.77430923,13.81850448,59401000
4/23/2009,13.93635464,13.95108685,13.60488687,13.93635464,86116300
4/24/2009,15.40217686,15.61578974,14.36357967,14.59928947,168478500
4/27/2009,15.02651691,15.33588644,14.93812642,15.13700573,68219600
4/28/2009,14.68031025,14.93075218,14.5771876,14.91601997,76685200
4/29/2009,14.9160223,15.38744182,14.77606911,14.81289963,79301600
4/30/2009,14.92339039,15.54212929,14.73924194,15.17383239,87439900
5/1/2009,14.90866566,14.98969146,14.62876049,14.87183651,63224500
5/4/2009,14.87182808,15.02651209,14.71714266,15.00441518,54313400
5/5/2009,14.57719898,14.90866551,14.46670874,14.83500581,66835500
5/6/2009,14.57719898,14.78344445,14.44461181,14.77607834,59639100
5/7/2009,14.23099613,14.72451418,14.09840898,14.70241585,68727200
5/8/2009,14.30465412,14.46670428,14.09840732,14.33411715,67597600
5/11/2009,14.23099613,14.53299957,14.00265238,14.14260564,63762600
5/12/2009,14.6508522,14.77607322,14.34148271,14.37094714,71966800
5/13/2009,14.54772377,14.73187217,14.48879634,14.67294474,49281700
5/14/2009,14.7760725,14.90129352,14.58455793,14.60665625,54539500
5/15/2009,14.8939209,15.1001676,14.71713862,14.82762737,61289900
5/18/2009,15.17383194,15.17383194,14.90865773,14.9970496,46073800
5/19/2009,15.05523205,15.37397919,15.01075613,15.203487,51368300
5/20/2009,15.10712433,15.33691969,14.98852091,15.129363,47450700
5/21/2009,14.69200706,14.99592839,14.4622132,14.92921382,58232800
5/22/2009,14.64011288,14.95144698,14.43255634,14.77354198,37318700
5/26/2009,15.07746696,15.15900731,14.41773558,14.48445015,44991700
5/27/2009,14.92179775,15.27019633,14.87732185,15.01075097,42892900
5/28/2009,15.15900993,15.29243768,14.86250006,15.0626438,45480800
5/29/2009,15.48517323,15.52223768,15.04782259,15.2405535,46134900
6/1/2009,15.86321926,15.93734674,15.46293315,15.56671077,57317100
6/2/2009,15.86321926,16.29315693,15.71496572,15.83356912,48935700
6/3/2009,16.10783577,16.13007443,15.7816772,15.79650156,56039600
6/4/2009,16.18194962,16.23383837,15.99663182,16.13747374,42330000
6/5/2009,16.41175652,16.53777277,16.16713689,16.27832737,59579200
6/8/2009,16.34503937,16.54518305,16.03370522,16.29315058,49000600
6/9/2009,16.36727905,16.54518409,16.21902415,16.35245328,50887700
6/10/2009,16.71567726,16.76756747,16.3969316,16.43399462,61297200
6/11/2009,16.92323112,17.24197815,16.73050033,16.7453261,65124600
6/12/2009,17.29386902,17.33093204,16.85651859,16.97512196,50963500
6/15/2009,17.36058807,17.44954132,17.06407959,17.21974602,69089600
6/16/2009,17.38282967,17.87206909,17.37541678,17.39765403,105295600
6/17/2009,17.5533123,17.65708988,17.1752636,17.41988318,86483100
6/18/2009,17.41988564,17.56072766,17.27163072,17.50883886,58852200
6/19/2009,17.84240723,18.0425509,17.60520054,17.82016998,115459000
6/22/2009,17.25680923,17.75346143,17.23457057,17.75346143,71291600
6/23/2009,17.30128288,17.53848962,17.20491676,17.33093302,56752700
6/24/2009,17.39764977,17.60520639,17.31611082,17.3828254,54287700
6/25/2009,17.63485527,17.73121997,17.19750483,17.36799699,57724300
6/26/2009,17.30869102,17.56072347,17.28645237,17.47177026,65126400
6/29/2009,17.68675232,17.81276863,17.45695696,17.49402141,62854900
6/30/2009,17.62003136,17.9684286,17.51625234,17.76828487,66452400
7/1/2009,17.82017708,18.01290653,17.76087397,17.82758855,54908400
7/2/2009,17.32351875,17.82017081,17.20491399,17.61261424,65422200
7/6/2009,17.19751167,17.25681338,16.95289196,17.20492315,49207700
7/7/2009,16.70085716,17.15303208,16.64896694,17.10855616,52842500
7/8/2009,16.72309494,16.81946109,16.30798304,16.53777695,73023400
7/9/2009,16.63413811,16.90840786,16.58224931,16.78980449,46981200
7/10/2009,16.59706688,16.70825872,16.41916191,16.44881344,43229200
7/13/2009,17.21974373,17.26422106,16.41175735,16.61931396,67584000
7/14/2009,17.13079071,17.21232964,16.94547277,17.19750528,45448700
7/15/2009,17.87947655,17.87947655,17.46436332,17.60520536,67238700
7/16/2009,18.11668015,18.11668015,17.68674263,17.73863142,64555100
7/17/2009,18.00549507,18.12409846,17.86465301,18.08703402,52860100
7/20/2009,18.18340111,18.18340111,17.90171698,18.11668652,47798000
7/21/2009,18.40577507,18.40577507,18.06479079,18.30199749,52028400
7/22/2009,18.38353539,18.45766283,18.16856735,18.30940936,66192500
7/23/2009,18.94690895,19.06551234,18.4131937,18.47990829,106060500
7/24/2009,17.38282967,17.70898834,16.90841461,17.50143308,215135700
7/27/2009,17.13079071,17.38282322,16.97512291,17.37541033,80950000
7/28/2009,17.39764977,17.45695146,16.97512504,17.04183962,70288400
7/29/2009,17.64226341,17.72380374,17.30127916,17.59037463,73626900
7/30/2009,17.64968109,18.10927023,17.57555363,17.93877805,67820000
7/31/2009,17.43471336,17.84241229,17.41988759,17.62003132,54258200
8/3/2009,17.664505,17.68674367,17.41988539,17.65709212,46902900
8/4/2009,17.62003136,17.63485713,17.44212629,17.55331678,49218300
8/5/2009,17.64968109,17.97584108,17.63485673,17.67191975,53310300
8/6/2009,17.39023399,17.77569563,17.24939338,17.73863261,59686000
8/7/2009,17.46436119,17.65709201,17.41988528,17.60520321,46169700
8/10/2009,17.36058807,17.4569528,17.27163482,17.39023821,35261900
8/11/2009,17.14561653,17.34576026,17.08631484,17.28645857,33615800
8/12/2009,17.44213104,17.7164009,17.07149503,17.14562111,61972300
8/13/2009,17.50884056,17.67933274,17.34575986,17.51625203,38954500
8/14/2009,17.56072998,17.64226892,17.42730083,17.50884118,46330200
8/17/2009,17.23456192,17.49400722,17.21973615,17.2864507,42474400
8/18/2009,17.57748222,17.62966282,17.34639613,17.36130528,38878900
8/19/2009,17.62965012,17.68183067,17.3314745,17.3314745,41821300
8/20/2009,17.64456177,17.79365031,17.54765521,17.5923812,39505900
8/21/2009,18.19618607,18.20364063,17.71910503,17.83837529,69011400
8/24/2009,18.36763573,18.43472542,18.09927837,18.19618492,54180900
8/25/2009,18.36763573,18.50181511,18.23345634,18.33781888,43980300
8/26/2009,18.30054474,18.44963325,18.2036382,18.33036301,41079000
8/27/2009,18.40491104,18.47200074,18.11418852,18.19618736,45495600
8/28/2009,18.39746094,19.00126699,18.34528036,18.68818211,55808000
8/31/2009,18.37509155,18.52418009,18.10673418,18.31545642,49592800
9/1/2009,17.89055252,18.44217772,17.81600827,18.1514567,62608500
9/2/2009,17.78619194,17.99491415,17.72655682,17.75637367,40771300
9/3/2009,17.97255707,17.99491936,17.71165281,17.82346851,34120000
9/4/2009,18.35273361,18.48691162,17.95019533,17.9576499,44999700
9/8/2009,18.5018158,18.51672493,18.19618559,18.35272869,53737100
9/9/2009,18.47199821,18.59872303,18.38999938,18.44217994,49900300
9/10/2009,18.63599586,18.67326729,18.37509164,18.48690733,46256000
9/11/2009,18.5316391,18.7627251,18.49436625,18.58381967,54303500
9/14/2009,18.63599586,18.70308556,18.36763707,18.37509164,42806800
9/15/2009,18.78508568,18.83726624,18.531636,18.61363342,44716600
9/16/2009,18.78508568,18.89690138,18.59872571,18.8223571,50055800
9/17/2009,18.85962486,18.91925999,18.6807195,18.6807195,42428800
9/18/2009,18.82981873,18.99381505,18.71054841,18.97890591,68016500
9/21/2009,18.85962486,18.91180684,18.71053777,18.71799234,28878700
9/22/2009,19.20998192,19.24725334,18.85217119,18.9341686,61376700
9/23/2009,19.16526222,19.56780052,19.11308165,19.32180537,60599900
9/24/2009,19.33671761,19.46344249,19.12799385,19.32180846,56302900
9/25/2009,19.04598999,19.24725912,19.0236277,19.15035255,50158900
9/28/2009,19.25471497,19.50071011,19.08326411,19.08326411,44358000
9/29/2009,19.19507599,19.35161767,19.15035,19.31434625,39050300
9/30/2009,19.17271614,19.37398528,18.91926643,19.20253442,63533400
10/1/2009,18.54653931,18.98634885,18.48690419,18.94162286,75958100
10/2/2009,18.60618019,18.70308818,18.21109793,18.23346022,51219700
10/5/2009,18.36763573,18.68072049,18.27818375,18.62108537,60804900
10/6/2009,18.71799088,18.79253371,18.38254245,18.39745158,48795300
10/7/2009,18.71053886,18.77017399,18.5465412,18.62854003,38472700
10/8/2009,19.13544464,19.3068955,18.79999608,18.96399378,60521300
10/9/2009,19.04598999,19.22489683,18.97890028,19.06089913,39520000
10/12/2009,19.17271614,19.299441,19.04599128,19.12799014,29145800
10/13/2009,19.23980331,19.3367113,19.02362648,19.07580705,37749000
10/14/2009,19.35161781,19.53052463,19.24725669,19.48579721,45365500
10/15/2009,19.91069603,19.91069603,19.3068902,19.3068902,65620100
10/16/2009,19.75415802,19.85106458,19.45598233,19.71688659,56500900
10/19/2009,19.64979362,19.81378987,19.56779479,19.74670017,48143200
10/20/2009,19.65725136,19.76161249,19.33671196,19.69452279,54604700
10/21/2009,19.81378937,19.94051419,19.67215541,19.72433597,61672700
10/22/2009,19.82124901,19.91815558,19.47834588,19.7988853,61600000
10/23/2009,20.88721657,21.87865111,20.78285406,21.76683547,281761000
10/26/2009,21.37921524,21.6326649,20.95431475,20.96922247,124149700
10/27/2009,21.31212234,21.52829913,21.20030667,21.41648345,69685800
10/28/2009,20.88721657,21.44629623,20.83503603,21.05121276,73542400
10/29/2009,21.0363121,21.17794607,20.76050015,20.92449641,65225500
10/30/2009,20.67103958,21.17048417,20.61885904,20.89467231,73371800
11/2/2009,20.78286362,20.90958846,20.43250738,20.64868563,62428900
11/3/2009,20.52196503,20.67850675,20.44742074,20.60396247,50294800
11/4/2009,20.91703796,21.16303301,20.58904551,20.64122607,63898400
11/5/2009,21.2226696,21.42393868,21.08103707,21.25994244,52681700
11/6/2009,21.25994682,21.34194425,21.02140628,21.15558427,38908500
11/9/2009,21.61029434,21.61774891,21.2673928,21.33448248,57518000
11/10/2009,21.62521172,21.82648083,21.47612317,21.54321287,65881100
11/11/2009,21.70720482,21.84138277,21.63266056,21.67738655,49693400
11/12/2009,21.88611412,21.98302067,21.61775532,21.62520989,55352400
11/13/2009,22.08738327,22.20665496,21.89357015,21.968113,53037600
11/16/2009,22.02029419,22.2141073,21.89356936,22.07247475,54129500
11/17/2009,22.46204567,22.46204567,22.06521568,22.08767824,75648900
11/18/2009,22.5444088,22.56686993,22.31978747,22.4620475,59431200
11/19/2009,22.29732704,22.46204821,22.2374283,22.45456069,51967700
11/20/2009,22.17752647,22.28983641,22.03526646,22.20747512,42647100
11/23/2009,22.41711807,22.46952927,22.23742191,22.34224431,41832700
11/24/2009,22.39465904,22.45455777,22.27486158,22.42460912,37341400
11/25/2009,22.30480957,22.35722078,22.14757453,22.31978318,32033500
11/27/2009,21.87803268,22.00531767,21.5261278,21.79567282,29357900
11/30/2009,22.02029228,22.05024236,21.7133111,21.82562105,44172000
12/1/2009,22.46953392,22.49948257,22.02029271,22.102654,49904200
12/2/2009,22.29732704,22.45456069,22.1999907,22.38717443,36308600
12/3/2009,22.33475685,22.61178933,22.28234565,22.34224437,43095200
12/4/2009,22.44706917,22.73907671,22.33475923,22.49948038,58810700
12/7/2009,22.30480957,22.52194191,22.22244829,22.29732205,38082700
12/8/2009,22.14008522,22.26737018,21.99782523,22.10264906,37402200
12/9/2009,22.2449131,22.31978688,21.90049573,22.0652169,44713300
12/10/2009,22.36471558,22.43210041,22.20748048,22.24491666,45940200
12/11/2009,22.34973526,22.4620452,22.30481157,22.43958264,43744200
12/14/2009,22.5444088,22.58184497,22.38717372,22.39466124,34651200
12/15/2009,22.47702408,22.61928269,22.37220021,22.37968773,49473200
12/16/2009,22.53692245,22.76902989,22.49199876,22.51445989,55737800
12/17/2009,22.16254997,22.43209352,22.14008741,22.42460743,43691200
12/18/2009,22.73159409,22.79898035,22.31230148,22.34225156,94118000
12/21/2009,22.85139084,23.09098579,22.73908088,22.76154202,40129100
12/22/2009,23.07600594,23.15836722,22.86636111,22.9112848,36321000
12/23/2009,23.15088272,23.17334528,22.97867404,22.99364765,28362700
12/24/2009,23.210783,23.210783,23.03108679,23.12093418,11083900
12/28/2009,23.33806229,23.34554981,23.12841604,23.21077732,25384000
12/29/2009,23.50278854,23.58514984,23.38299107,23.47283989,29716200
12/30/2009,23.18083191,23.4279158,23.06103444,23.32309194,42006200
12/31/2009,22.82143593,23.20329084,22.82143593,23.19580332,31929700
1/4/2010,23.17334938,23.28565935,22.90380432,22.92626688,38409100
1/5/2010,23.18083191,23.28565577,22.94123697,23.09847204,49749600
1/6/2010,23.0385704,23.27067779,22.8513867,23.12093026,58182400
1/7/2010,22.79898262,22.98616638,22.60431134,22.93375373,50559700
1/8/2010,22.95621109,23.12093225,22.64174239,22.67169247,51197400
1/11/2010,22.66419792,23.03107772,22.55188801,22.99364014,68754700
1/12/2010,22.5144558,22.76153823,22.39465834,22.57435452,65912100
1/13/2010,22.72409058,22.85137549,22.46952075,22.65670436,51863500
1/14/2010,23.18083191,23.28565577,22.65671833,22.69415451,63228100
1/15/2010,23.10596085,23.3904795,22.99364946,23.27068202,79913200
1/19/2010,23.2856636,23.39048607,22.97119478,23.02360601,46575700
1/20/2010,22.90380287,23.1658604,22.69415657,23.06852405,54849500
1/21/2010,22.46953392,23.001135,22.4620464,22.91877513,73086700
1/22/2010,21.68336296,22.61179553,21.59351557,22.46204798,102004600
1/25/2010,21.95290947,22.20747948,21.78818829,21.89301073,63373000
1/26/2010,22.08768845,22.34974605,21.78070713,21.86306846,66639900
1/27/2010,22.21496964,22.32727961,21.72829212,21.97537464,63949500
1/28/2010,21.83310318,22.36470555,21.63094447,22.34224299,117513700
1/29/2010,21.09934616,22.4021445,20.71000374,22.38716946,193888500
2/1/2010,21.27154732,21.3239585,20.90466758,21.25657228,85931100
2/2/2010,21.30899429,21.33894437,21.06939936,21.24160947,54413700
2/3/2010,21.4362812,21.55608011,21.05442763,21.15925007,61397900
2/4/2010,20.84477806,21.33894294,20.8223155,21.24909413,77850000
2/5/2010,20.97955322,21.17422448,20.64262193,20.96457818,80960100
2/8/2010,20.7549305,21.02447551,20.64262055,20.9720643,52820600
2/9/2010,20.97206306,21.2191455,20.77739183,20.94211299,59195800
2/10/2010,20.95708847,21.14427218,20.84477853,20.98703855,48591300
2/11/2010,21.0544281,21.26407298,20.73995935,20.91216806,65993700
2/12/2010,20.91217041,21.00950534,20.65011285,20.82232157,81117200
2/16/2010,21.32588768,21.34093274,21.07764989,21.16039487,51935600
2/17/2010,21.50643158,21.55156535,21.33341761,21.46129781,45882900
2/18/2010,21.79227829,21.83741349,21.44625039,21.50642922,42856500
2/19/2010,21.64183426,21.75466939,21.58165542,21.65687933,44451800
2/22/2010,21.61174393,21.76971426,21.55156509,21.69449036,36707100
2/23/2010,21.31084633,21.68696434,21.13030986,21.57412922,52266200
2/24/2010,21.53652191,21.65688102,21.34846286,21.4537769,43165900
2/25/2010,21.51396751,21.55157877,21.07767033,21.26572949,48735300
2/26/2010,21.56661797,21.70202075,21.44626025,21.55157289,40370600
3/1/2010,21.82989883,21.85246501,21.4613032,21.64183975,43805400
3/2/2010,21.408638,22.04051642,21.24314658,21.875025,93123900
3/3/2010,21.408638,21.52147456,21.32589301,21.44625067,48442100
3/4/2010,21.53652191,21.55156698,21.26571785,21.4086417,42890600
3/5/2010,21.50643158,21.57413295,21.37855138,21.55908788,56001800
3/8/2010,21.53652191,21.76219363,21.43873184,21.4537769,39414500
3/9/2010,21.6644001,21.89759434,21.47634107,21.4838636,50271600
3/10/2010,21.79227829,21.89759231,21.6643981,21.7095333,44891400
3/11/2010,21.95025253,21.95777507,21.70201464,21.73210335,35349700
3/12/2010,22.01795387,22.10069888,21.84493989,22.05556511,31700200
3/15/2010,22.03300095,22.09317979,21.82237427,21.9502545,37512000
3/16/2010,22.09317589,22.18344342,21.96529569,22.13078712,36723500
3/17/2010,22.28875923,22.46929719,22.11574524,22.19096915,50385700
3/18/2010,22.27371216,22.35645716,22.19096573,22.28875579,43845200
3/19/2010,22.2586689,22.49186172,22.07813239,22.38654911,81332100
3/22/2010,22.26618767,22.34141156,22.10821735,22.19096377,37718200
3/23/2010,22.47681618,22.49186125,22.12326569,22.25866843,42026600
3/24/2010,22.3038044,22.45425222,22.26619316,22.35646071,33987700
3/25/2010,22.57460785,22.99585971,22.41663751,22.43920511,73168700
3/26/2010,22.31132698,22.71753524,22.25867067,22.6347888,55595500
3/29/2010,22.2586689,22.43168288,22.22857876,22.34893644,33336000
3/30/2010,22.39406586,22.46176721,22.19096179,22.28875184,34954800
3/31/2010,22.03300095,22.35646134,21.94273196,22.29628249,63760000
4/1/2010,21.93520164,22.22105213,21.52899495,22.07812689,74768100
4/5/2010,22.01795387,22.13831155,21.83741736,21.91263983,34331200
4/6/2010,22.05556679,22.25114839,21.79980635,21.92768657,47366800
4/7/2010,22.07813263,22.23610154,21.92016228,21.93520735,58318800
4/8/2010,22.50690651,22.55204028,22.04051945,22.05556452,63713800
4/9/2010,22.82284355,22.87549985,22.49185926,22.52947193,54752500
4/12/2010,22.80779648,22.93567666,22.72505005,22.75514019,37068800
4/13/2010,22.90559769,22.94320893,22.66488085,22.67992592,41374600
4/14/2010,23.18391609,23.31931882,23.06355843,23.16134993,68941200
4/15/2010,23.2215271,23.28170593,23.10116801,23.18391444,52745400
4/16/2010,23.07108116,23.30427395,23.01842486,23.16135012,88703100
4/19/2010,23.34941864,23.5073876,23.13879193,23.14631447,64970300
4/20/2010,23.59013176,23.65031061,23.41711631,23.4848177,52199500
4/21/2010,23.56755829,23.69543849,23.49233439,23.56755829,55343100
4/22/2010,23.61269569,23.71800975,23.2441001,23.34941415,84847600
4/23/2010,23.28923035,23.75561739,23.05603754,23.40958945,126766600
4/26/2010,23.402071,23.52995122,23.21401193,23.31932455,63649300
4/27/2010,23.20648766,23.50738186,23.13126375,23.28171156,68730900
4/28/2010,23.25162315,23.31932453,23.03347538,23.25914569,64557900
4/29/2010,23.31932068,23.64278245,23.07108281,23.26666438,52665200
4/30/2010,22.97330093,23.37950785,22.95825586,23.37198532,63214800
5/3/2010,23.21401024,23.36445662,23.00338358,23.07108495,43989500
5/4/2010,22.66487312,22.98081234,22.37902404,22.95824618,82085600
5/5/2010,22.45424843,22.63478492,22.33389076,22.3940696,66833800
5/6/2010,21.79980469,22.47681698,20.99491218,22.25866923,128613000
5/7/2010,21.22057533,21.77723119,20.5510858,21.76218613,173718100
5/10/2010,21.76971626,22.17592307,21.59670084,21.82237257,86653300
5/11/2010,21.72458458,22.3038069,21.49139172,21.57413817,63789400
5/12/2010,22.14583206,22.25114466,21.75466893,21.7998027,47146800
5/13/2010,21.9953804,22.36397587,21.95024664,22.01042547,45188800
5/14/2010,21.76219368,21.9728189,21.54404449,21.9652978,63334000
5/17/2010,21.76971626,21.98786402,21.40112069,21.90511901,46053300
5/18/2010,21.61104012,21.91329213,21.45991339,21.81506077,52690600
5/19/2010,21.33900833,21.67904268,20.99897542,21.55058542,61746700
5/20/2010,20.48514175,21.03675163,20.43224785,20.89318144,87991100
5/21/2010,20.2811203,20.48514086,19.97886842,20.12243716,117596300
5/24/2010,19.85041809,20.2962403,19.84286161,20.28868382,73711700
5/25/2010,19.69928169,19.89574574,19.17789638,19.38191691,98373600
5/26/2010,18.89832115,20.10733038,18.55828681,19.82018995,176684100
5/27/2010,19.64638329,19.91841059,19.44236281,19.44236281,136433600
5/28/2010,19.49526787,19.73707086,19.38948005,19.52549378,67496900
6/1/2010,19.56327248,19.88063733,19.28369001,19.29124649,76152400
6/2/2010,19.9939785,20.00909145,19.44236869,19.69172665,65718800
6/3/2010,20.29623604,20.34912994,19.95620173,20.06198954,67837000
6/4/2010,19.48771286,20.07710378,19.35925561,19.72195793,89832200
6/7/2010,19.1098938,19.51793347,19.07211141,19.51037699,80456200
6/8/2010,18.97388077,19.08722505,18.62629002,19.07966857,87355000
6/9/2010,18.73208237,19.28369233,18.70185645,19.0570023,87794000
6/10/2010,18.89075661,19.00410086,18.72451847,18.98898791,78930900
6/11/2010,19.38947868,19.43481611,18.71696799,18.92098858,68057700
6/14/2010,19.26857567,19.61616497,19.24590624,19.54060308,50972400
6/15/2010,20.08465767,20.13755157,19.44992796,19.45748444,81641500
6/16/2010,19.88818932,20.08465337,19.82018247,20.00153357,48698000
6/17/2010,19.92597961,20.15266822,19.67662157,20.06954839,47995500
6/18/2010,19.9788723,20.04687916,19.7748517,19.92597839,52075600
6/21/2010,19.60860825,20.31889974,19.56326939,20.23578138,54625300
6/22/2010,19.47259712,19.98642606,19.46504064,19.76729254,55985400
6/23/2010,19.12500954,19.48015683,19.05700267,19.48015683,61466200
6/24/2010,18.89075661,19.43480988,18.83786272,19.23834584,85243400
6/25/2010,18.53561783,18.97388349,18.36937819,18.92854462,156256700
6/28/2010,18.36937714,18.59606715,18.22580838,18.52050381,73784800
6/29/2010,17.61375046,18.28626273,17.46262519,18.23336737,119882100
6/30/2010,17.38705635,17.8933288,17.34171893,17.60618843,81050500
7/1/2010,17.50040436,17.62130514,17.17548297,17.44751045,92239400
7/2/2010,17.58351707,17.74219874,17.41727749,17.65152392,62485100
7/6/2010,17.99912453,18.20314518,17.81777332,17.90844964,73592000
7/7/2010,18.36181831,18.37693127,17.84043437,17.99911606,79965300
7/8/2010,18.44494247,18.60362565,18.11246461,18.58851269,50758100
7/9/2010,18.33915138,18.44493918,18.24847509,18.38448881,53806100
7/12/2010,18.76230049,18.80763791,18.45249218,18.46004866,49854200
7/13/2010,18.9889946,19.11745185,18.81519992,18.99655108,61928700
7/14/2010,19.22324562,19.3517029,18.98144402,19.26858306,72808100
7/15/2010,19.27613068,19.33658105,18.87564607,19.2685742,56934700
7/16/2010,18.8076458,19.37436877,18.80008932,19.27613742,65064800
7/19/2010,19.06456184,19.11745576,18.82276026,18.86054121,38181800
7/20/2010,19.25345612,19.25345612,18.66406551,18.78496622,45530700
7/21/2010,18.98143768,19.3819209,18.87564844,19.34413996,73297300
7/22/2010,19.52549362,19.63883792,19.24590968,19.2761356,73016400
7/23/2010,19.50282669,19.66150988,19.07967393,19.52549613,108520100
7/26/2010,19.72196007,19.79752342,19.49527001,19.54060889,67249900
7/27/2010,19.76729584,19.82774623,19.61616915,19.75218288,60672100
7/28/2010,19.60860825,19.78995936,19.51793197,19.69928308,69704800
7/29/2010,19.66906357,19.95620254,19.3441422,19.74462547,69446200
7/30/2010,19.50282669,19.52549613,19.15523728,19.45748926,83534800
8/2/2010,19.89574432,19.93352526,19.45747884,19.63882992,55044600
8/3/2010,19.76729584,19.91086605,19.62372562,19.79752175,56877700
8/4/2010,19.44236755,19.82773919,19.22323551,19.75973234,78531900
8/5/2010,19.17035294,19.3290347,19.04945069,19.26102782,64922100
8/6/2010,19.30635834,19.31391482,18.9058751,19.02677586,55982100
8/9/2010,19.35169411,19.44236894,19.17034299,19.30635525,57096500
8/10/2010,18.94365883,19.14767944,18.80008861,19.14012296,87257700
8/11/2010,18.78497696,18.81520143,18.55828692,18.64896322,76746900
8/12/2010,18.50538826,18.64895844,18.40715694,18.45249436,70240500
8/13/2010,18.43737793,18.64139844,18.3164772,18.39959699,45263500
8/16/2010,18.51294899,18.59606881,18.3618223,18.40716117,40909700
8/17/2010,18.7712307,18.96114603,18.68766894,18.7712307,52912600
8/18/2010,18.85479546,18.95355225,18.5433344,18.74844333,46818900
8/19/2010,18.56612587,18.79402372,18.39140264,18.70286516,54064600
8/20/2010,18.4065876,18.53573004,18.3837987,18.46736043,49560100
8/23/2010,18.44457245,18.71804947,18.41418531,18.56611811,51643000
8/24/2010,18.26225662,18.4977512,18.23186948,18.3002391,66522500
8/25/2010,18.30784035,18.39899891,18.13311857,18.23187392,47404800
8/26/2010,18.09513664,18.37621203,18.07234772,18.30024559,49105300
8/27/2010,18.17869186,18.24706148,17.85963412,18.14070794,60939400
8/30/2010,17.95839119,18.09513044,17.92800549,18.0343576,45453100
8/31/2010,17.82924652,18.02675859,17.71529764,17.92800328,66074600
9/1/2010,18.15590477,18.1938887,17.88242769,17.98118302,65235900
9/2/2010,18.18629265,18.19388944,18.01156944,18.14071193,48837100
9/3/2010,18.45217133,18.573717,18.3838017,18.4141874,64189100
9/7/2010,18.20147705,18.45976191,18.17109136,18.30783058,51928700
9/8/2010,18.17869186,18.38380073,18.03435584,18.28504396,65512400
9/9/2010,18.23947334,18.39140478,18.22427976,18.37621265,46028900
9/10/2010,18.11792755,18.25466686,18.07234827,18.21668291,58284300
9/13/2010,19.07509995,19.21183924,18.3002449,18.38380812,114680400
9/14/2010,19.01432419,19.25741559,18.90797061,19.02192098,87160400
9/15/2010,19.08269882,19.15866382,18.93076593,19.06750524,56201900
9/16/2010,19.24222374,19.27261089,19.02951802,19.03711481,44548300
9/17/2010,19.15865135,19.39414732,19.05229927,19.29539057,70341600
9/20/2010,19.31818771,19.38655735,19.07509632,19.2042388,49838700
9/21/2010,19.10547829,19.31058715,19.05230224,19.31058715,52675700
9/22/2010,18.69527054,18.9687477,18.50535516,18.90797484,94299400
9/23/2010,18.55852699,18.68007269,18.50535093,18.61929984,46201800
9/24/2010,18.82440758,18.8395997,18.67247474,18.71805401,51948800
9/27/2010,18.78641891,18.98393098,18.68006682,18.87757889,43603300
9/28/2010,18.74843979,18.91556474,18.49775164,18.83959833,56041200
9/29/2010,18.61171341,18.73325918,18.53574694,18.7104688,44318900
9/30/2010,18.60410309,18.86238802,18.50534777,18.69526307,61262700
10/1/2010,18.52054024,18.85479159,18.4597674,18.8168091,62672300
10/4/2010,18.16350555,18.22427841,18.0647502,18.20148805,98143400
10/5/2010,18.49775314,18.57371956,18.16350176,18.27745067,78152900
10/6/2010,18.55852699,18.6420902,18.33062772,18.47496378,50489700
10/7/2010,18.63448906,18.801614,18.44457377,18.70285868,50096100
10/8/2010,18.66488075,18.72565361,18.51294934,18.70286469,41327800
10/11/2010,18.68006897,18.79401786,18.61169935,18.79401786,27587800
10/12/2010,18.86239433,18.93836077,18.55853003,18.72565504,50141500
10/13/2010,19.24982452,19.40175742,18.90797623,19.00673305,75336500
10/14/2010,19.16625977,19.249823,18.99153796,19.2118405,51949100
10/15/2010,19.40175247,19.40934781,19.1662564,19.26501319,68954800
10/18/2010,19.61445808,19.71321488,19.33338416,19.4397363,48330500
10/19/2010,19.06750107,19.27260999,18.95355215,19.19664356,66150900
10/20/2010,19.22702408,19.2953937,19.06749593,19.1890416,56283600
10/21/2010,19.31059074,19.40175074,19.02951542,19.29539717,50032400
10/22/2010,19.28020287,19.40175,19.19664111,19.38655643,25837900
10/25/2010,19.13586998,19.25741568,19.1206764,19.17385247,50912400
10/26/2010,19.67522621,19.72840227,19.03711064,19.08269136,69304200
10/27/2010,19.78917313,19.83475384,19.46252004,19.59166249,64805500
10/28/2010,19.96390152,20.0398665,19.69042296,19.91072401,80730300
10/29/2010,20.26016426,20.66278522,20.11582823,20.62480129,114193200
11/1/2010,20.4728756,20.67798307,20.28296024,20.41969808,61912100
11/2/2010,20.80711746,20.82990782,20.52604366,20.55642935,54402100
11/3/2010,20.53364944,20.88309301,20.48047193,20.86030265,110255300
11/4/2010,20.6172142,20.83751675,20.51845884,20.82232317,93599300
11/5/2010,20.3969059,20.65519085,20.15381452,20.63999728,110953700
11/8/2010,20.36651993,21.93142332,20.19179817,20.26776459,71670800
11/9/2010,20.4728756,20.5944213,20.29055558,20.36652201,58538600
11/10/2010,20.46527672,20.57162884,20.36651993,20.51845278,52277300
11/11/2010,20.26775551,20.29814119,19.9638914,20.26775551,62073100
11/12/2010,19.95631027,20.14622567,19.82716774,20.10824172,64962200
11/15/2010,19.90311813,20.13101585,19.88032778,20.00187342,51794600
11/16/2010,19.72733116,19.90312794,19.60503864,19.90312794,65339200
11/17/2010,19.54389191,19.80376388,19.52860498,19.79612041,58299700
11/18/2010,19.75026131,19.93370009,19.57446599,19.65089772,59514000
11/19/2010,19.6356144,19.74262,19.56682466,19.7196896,52423200
11/22/2010,19.66618538,19.67382884,19.44453072,19.60503912,53350500
11/23/2010,19.19995117,19.56682886,19.17702077,19.54389846,69742500
11/24/2010,19.39102745,19.45981572,19.2305176,19.26109146,56825900
11/26/2010,19.29931259,19.42160515,19.23816631,19.26873872,21356500
11/29/2010,19.34515953,19.42923616,19.05471526,19.2534409,56603600
11/30/2010,19.3069458,19.46745415,19.10822014,19.14643599,75282100
12/1/2010,19.90312195,20.06363029,19.53624303,19.54388649,74123500
12/2/2010,20.55280685,20.62159658,20.02542088,20.05599328,91759200
12/3/2010,20.65216827,20.68274067,20.4687295,20.49165844,52622000
12/6/2010,20.51458931,20.6215949,20.45344305,20.58337903,36264200
12/7/2010,20.53750992,20.73623407,20.522223,20.69801822,57860500
12/8/2010,20.8126812,20.82032466,20.48401945,20.50694985,41666800
12/9/2010,20.69802856,20.89675427,20.64452577,20.85089494,47148300
12/10/2010,20.89675331,20.94261264,20.72095801,20.78210426,37625800
12/13/2010,20.8279705,20.98083693,20.76682423,20.84325744,47943900
12/14/2010,21.11076927,21.21013141,20.83561034,20.87382621,64070500
12/15/2010,21.28656387,21.39356947,21.04197882,21.04197882,69634200
12/16/2010,21.39356422,21.39356422,21.14133576,21.21776894,57680200
12/17/2010,21.3247776,21.47000051,21.21012855,21.34006453,87456500
12/20/2010,21.25599289,21.39357237,21.15663074,21.36299996,52811000
12/21/2010,21.45471954,21.50822235,21.21777791,21.28656765,38153000
12/22/2010,21.5464344,21.70694279,21.38592456,21.40885495,42252300
12/23/2010,21.63050842,21.64579535,21.37063647,21.37827993,24902500
12/27/2010,21.45471954,21.55408315,21.30949659,21.49293688,21652800
12/28/2010,21.40885544,21.53114796,21.37063811,21.37828158,23042200
12/29/2010,21.37827682,21.49292732,21.30948711,21.35534789,19502500
12/30/2010,21.28656387,21.40121294,21.23306107,21.34006667,20786100
12/31/2010,21.33241844,21.34006191,21.11840584,21.2483418,24752000
1/3/2011,21.38592148,21.53878784,21.34006215,21.43942427,53443800
1/4/2011,21.47000122,21.53114748,21.28656244,21.35535216,54405600
1/5/2011,21.40121078,21.40885425,21.22541547,21.3247776,58998700
1/6/2011,22.02795982,22.05089022,21.29420474,21.43178418,88026300
1/7/2011,21.85981369,21.9668193,21.5922982,21.8903861,73762000
1/10/2011,21.56936264,21.70694209,21.43178465,21.5999365,57573600
1/11/2011,21.48528671,21.5922923,21.43942593,21.55407643,50298900
1/12/2011,21.82159424,21.8521681,21.45471664,21.49293396,52631100
1/13/2011,21.5464344,21.69929932,21.40885495,21.65343999,67077600
1/14/2011,21.63050842,21.69165468,21.3324206,21.46235658,62688400
1/18/2011,21.90566063,21.96680687,21.50820935,21.52349628,53322700
1/19/2011,21.76044655,21.9209564,21.60758162,21.75280308,50005900
1/20/2011,21.66872597,21.82159088,21.50057267,21.78337502,58613600
1/21/2011,21.41650391,21.72987875,21.41650391,21.70694835,58080300
1/24/2011,21.6916523,21.82923173,21.39356451,21.4164949,52047800
1/25/2011,21.74516296,21.74516296,21.49293443,21.5082199,42436600
1/26/2011,21.99738693,22.15789531,21.78337431,21.79101777,74628800
1/27/2011,22.06618309,22.51713595,21.7757372,21.97446295,146938600
1/28/2011,21.21013832,22.11204714,20.98084011,22.08911673,141249400
1/31/2011,21.19484138,21.32477736,20.95789982,21.22541524,65029000
2/1/2011,21.39356422,21.44706701,21.1031199,21.24834134,62810700
2/2/2011,21.35535622,21.48529223,21.30949542,21.34771275,45824000
2/3/2011,21.13370132,21.37828643,21.04962611,21.37828643,60340100
2/4/2011,21.22541237,21.27891515,21.02668669,21.17190958,40412200
2/7/2011,21.55408096,21.66108657,21.24070615,21.24834816,68980900
2/8/2011,21.61522484,21.66108417,21.43942806,21.47764538,34904200
2/9/2011,21.37827682,21.59993289,21.3324175,21.5464301,52905100
2/10/2011,21.01904106,21.35534613,20.85853272,21.34770266,76672400
2/11/2011,20.8279705,21.25599444,20.69039102,21.21777857,83939700
2/14/2011,20.8126812,20.84325506,20.59866998,20.79739427,56766200
2/15/2011,20.72810936,21.01258333,20.72042218,20.78961851,44116500
2/16/2011,20.77422905,20.81267078,20.45131352,20.7972935,70817900
2/17/2011,20.92031479,21.04333159,20.6896614,20.73579179,57207300
2/18/2011,20.80498505,20.92031172,20.75116603,20.85880406,68667800
2/22/2011,20.44363403,20.83574603,20.389815,20.58971532,60889000
2/23/2011,20.44363403,20.651223,20.32061868,20.39750364,60234100
2/24/2011,20.58202362,20.80498837,20.37443469,20.48207274,64494200
2/25/2011,20.41288376,20.72042368,20.374442,20.6896691,53006300
2/28/2011,20.4359436,20.65122119,20.38212457,20.5205172,51379900
3/1/2011,20.11302757,20.58971312,20.10533893,20.4513205,60055000
3/2/2011,20.05151749,20.27448368,20.02076439,20.07458341,48658200
3/3/2011,20.14378166,20.2975501,20.12840438,20.18991205,68271500
3/4/2011,19.95157242,20.1745372,19.83624424,20.15915991,70437200
3/7/2011,19.77474022,20.19760686,19.6440362,20.08996731,64980400
3/8/2011,19.92082214,20.00539577,19.72092178,19.81318405,50549800
3/9/2011,19.90544891,19.97464526,19.72861445,19.84394121,39789100
3/10/2011,19.53639221,19.76704561,19.49026183,19.69785076,66549500
3/11/2011,19.74398613,19.87469014,19.49795539,19.53639714,49905800
3/14/2011,19.75167084,19.80548987,19.49026286,19.59790092,54473400
3/15/2011,19.52101326,19.58252092,19.22116358,19.28267124,76067300
3/16/2011,19.05971527,19.43645007,18.97514164,19.3903182,100725400
3/17/2011,19.0520153,19.39030668,19.02894938,19.26729137,62497000
3/18/2011,19.06739426,19.35955677,19.06739426,19.26729454,85486700
3/21/2011,19.47488594,19.66709761,19.33649331,19.35955923,46878100
3/22/2011,19.45182037,19.57483572,19.39800134,19.45182037,30895600
3/23/2011,19.63634491,19.69016394,19.35955964,19.39800138,43969000
3/24/2011,19.84393501,19.89006688,19.60559292,19.68247789,38696700
3/25/2011,19.69785309,19.95157244,19.67478716,19.93619515,57029800
3/28/2011,19.53639221,19.77473425,19.51332629,19.72860386,48973200
3/29/2011,19.59789848,19.62096441,19.45181723,19.48257179,40763500
3/30/2011,19.69016075,19.77473288,19.60558716,19.68247211,41999300
3/31/2011,19.52101326,19.74397946,19.48257152,19.6824718,63233700
4/1/2011,19.59021187,19.62865508,19.45950788,19.62865508,63114200
4/4/2011,19.64403725,19.72861087,19.53639915,19.56715373,35433700
4/5/2011,19.82086754,20.12840591,19.79011297,19.85162064,73651100
4/6/2011,20.10534477,20.22836015,19.88237995,19.97464075,65581400
4/7/2011,20.14378166,20.18991205,19.96694583,20.13609302,46134700
4/8/2011,20.04383087,20.20528942,19.95925728,20.12071583,39887600
4/11/2011,19.97463036,20.18221925,19.83623776,20.13608887,34286300
4/12/2011,19.71322823,19.87468679,19.64403191,19.8593095,36920400
4/13/2011,19.7055397,19.8900642,19.65172067,19.72091699,38144700
4/14/2011,19.54408264,19.55945993,19.2903633,19.54408264,55239900
4/15/2011,19.50564766,19.65172752,19.35956633,19.57484254,65080400
4/18/2011,19.28267288,19.43644279,19.00588763,19.29805017,58045100
4/19/2011,19.33648872,19.35186601,19.12121265,19.22116204,38892400
4/20/2011,19.80549431,19.99001737,19.6132826,19.63634854,61608600
4/21/2011,19.62096214,19.90543451,19.49794683,19.82855104,46892300
4/25/2011,19.69016075,19.69784939,19.48257183,19.65171754,33525100
4/26/2011,20.13609695,20.32830864,19.73629629,19.79011533,69200000
4/27/2011,20.28217316,20.2898618,20.0899615,20.22066549,52689000
4/28/2011,20.53589249,20.65890929,20.29755045,20.34368083,80200000
4/29/2011,19.92850304,20.48207204,19.49794937,20.41287573,319317900
5/2/2011,19.72860336,19.99001132,19.59021074,19.94388094,89825600
5/3/2011,19.84393501,19.87468959,19.59790428,19.68247789,71892900
5/4/2011,20.03613853,20.18221977,19.8285511,19.87468148,73292300
5/5/2011,19.82854843,20.05151311,19.74397486,20.0284472,55600000
5/6/2011,19.89006233,20.15915747,19.79780009,20.04383077,55993000
5/9/2011,19.85930252,19.95925191,19.73628721,19.8362366,38696400
5/10/2011,19.7362957,19.87468835,19.41338001,19.51332944,120798700
5/11/2011,19.49795151,19.72860492,19.38262334,19.72091627,78600000
5/12/2011,19.46719551,19.52101454,19.29804979,19.49026144,77400000
5/13/2011,19.24422836,19.46719308,19.1827207,19.43643999,66812300
5/16/2011,18.89056587,19.27498928,18.83674683,19.19041566,91350900
5/17/2011,18.97568703,19.11498676,18.78221551,18.88282005,82882100
5/18/2011,19.10725021,19.14594393,18.76673988,18.98342854,53931100
5/19/2011,19.13046837,19.25429006,18.96021392,19.23107441,37783600
5/20/2011,18.95246887,19.24654639,18.91377516,19.13046231,45451500
5/23/2011,18.70483208,18.76674292,18.59648847,18.73578676,52692500
5/24/2011,18.68935204,18.79769711,18.60422555,18.72804723,47691800
5/25/2011,18.72030258,18.81316807,18.69708547,18.70482451,34904200
5/26/2011,19.09176826,19.37036771,18.82090786,18.84412497,78016600
5/27/2011,19.16142273,19.26976633,19.07629477,19.09951189,50251000
5/31/2011,19.35489655,19.39359027,19.11499221,19.31620134,60196300
6/1/2011,18.9060421,19.42454597,18.85960934,19.339418,74033500
6/2/2011,18.74352074,19.07629199,18.71256606,18.95247034,51487800
6/3/2011,18.50361633,18.68160978,18.44944454,18.61195991,60697700
6/6/2011,18.58100128,18.76673373,18.39526884,18.48813432,54778700
6/7/2011,18.61969566,18.70482359,18.49587403,18.64291277,41112600
6/8/2011,18.52683258,18.58874341,18.46492176,18.49587643,42205000
6/9/2011,18.54230881,18.60422111,18.43396523,18.581004,42878700
6/10/2011,18.34883881,18.58874456,18.33336221,18.58874456,49327200
6/13/2011,18.60422516,18.72030779,18.34110373,18.41075361,47572500
6/14/2011,18.74352074,18.92151566,18.7203051,18.80543157,42894500
6/15/2011,18.37205315,18.58100272,18.31788136,18.57326368,49410200
6/16/2011,18.57326698,18.65065589,18.30240654,18.37979545,57184100
6/17/2011,18.77448082,18.8054355,18.55779214,18.74352466,83320400
6/20/2011,18.93699265,19.08403142,18.69708836,18.7048274,54338400
6/21/2011,19.16142273,19.23881165,18.88282322,18.97569022,49708700
6/22/2011,19.07629776,19.20011945,19.02986499,19.03760403,44287300
6/23/2011,19.06081009,19.07628816,18.72804037,18.91377282,59470400
6/24/2011,18.80543518,18.99116918,18.7203087,18.96795206,101387200
6/27/2011,19.50193405,19.70314318,18.75126345,18.75126345,92044200
6/28/2011,19.96626282,20.05912981,19.47097614,19.57931973,81032100
6/29/2011,19.82696152,19.8966099,19.62575096,19.8966099,66051000
6/30/2011,20.12104225,20.12104225,19.85792081,19.91983165,52535400
7/1/2011,20.13651276,20.25259535,19.99721305,20.0668629,52906200
7/5/2011,20.14426613,20.23713168,20.04366006,20.19843795,37805300
7/6/2011,20.3764286,20.40738477,20.09008999,20.09782903,48744200
7/7/2011,20.71692848,20.80205494,20.39963534,20.50023987,51946500
7/8/2011,20.83301163,20.87944437,20.51571848,20.53893559,58320700
7/11/2011,20.60859108,20.74015181,20.50024747,20.60085352,43999800
7/12/2011,20.53893471,20.7324062,20.38415692,20.54667227,47319300
7/13/2011,20.60859108,20.86397349,20.51572555,20.58537544,40861800
7/14/2011,20.48476791,20.90266719,20.39964143,20.60085203,46382300
7/15/2011,20.72467232,20.84075495,20.48476654,20.48476654,49132400
7/18/2011,20.57763672,20.81754106,20.3222543,20.6085914,44501900
7/19/2011,21.31282997,21.39021742,20.72467619,20.74789184,86730600
7/20/2011,20.94135857,21.16578626,20.87944773,21.11161446,49795400
7/21/2011,20.97231674,21.13483214,20.62406735,20.92588398,81737400
7/22/2011,21.30509186,21.32056846,20.64728816,20.78658794,76380600
7/25/2011,21.59916496,21.73846472,21.0419674,21.0961392,108482400
7/26/2011,21.73072815,21.78489996,21.49856284,21.52951753,74636500
7/27/2011,21.15031052,21.66107531,21.04970596,21.57594735,71488700
7/28/2011,21.45212555,21.72298602,21.0574434,21.11935571,83761400
7/29/2011,21.20447731,21.44438157,21.09613374,21.29734428,104394800
8/1/2011,21.10387802,21.4289103,20.70145682,21.28961054,61838400
8/2/2011,20.74014664,21.24317378,20.70919196,20.87944637,63883100
8/3/2011,20.83301163,20.89492245,20.49250137,20.76336177,64581200
8/4/2011,20.07461166,20.79432618,20.06687262,20.53120471,92949500
8/5/2011,19.87340164,20.19843397,19.5251522,20.09782792,112071700
8/8/2011,18.94473267,19.81148581,18.87508279,19.3626319,134257200
8/9/2011,19.79600143,19.82695758,18.59647887,19.12272005,126268900
8/10/2011,18.7280426,19.4168007,18.6506537,19.30845713,127819900
8/11/2011,19.49419594,19.64123327,18.88282506,18.96021399,90690100
8/12/2011,19.4245472,19.61027974,19.07629776,19.44776284,64787100
8/15/2011,19.74182892,19.79600069,19.46322953,19.53287938,56529400
8/16/2011,19.74183464,19.9287394,19.50820257,19.64059363,54251500
8/17/2011,19.66396523,20.01441272,19.41475877,19.66396523,50923700
8/18/2011,19.21227646,19.53936027,18.7138636,19.13439908,105714200
8/19/2011,18.72943115,19.17333161,18.62040375,19.00978903,77397900
8/22/2011,18.67492294,19.07209622,18.52695756,19.0175825,54721000
8/23/2011,19.25120926,19.27457291,18.7138586,18.7138586,59670600
8/24/2011,19.39139557,19.41475923,19.01758588,19.19670284,45329700
8/25/2011,19.13440323,19.59387824,19.0798895,19.53157662,48192000
8/26/2011,19.66396523,19.73405473,19.01758544,19.08767494,71957000
8/29/2011,20.12343788,20.13901365,19.75741613,19.88201935,38863200
8/30/2011,20.42715836,20.58291311,20.01441077,20.03777294,57341400
8/31/2011,20.71529388,20.80095762,20.45051182,20.47387547,59300800
9/1/2011,20.41158485,20.91778713,20.41158485,20.60627758,60510800
9/2/2011,20.09227562,20.24803029,19.98324824,20.07670134,43894400
9/6/2011,19.86643028,19.92873185,19.55492246,19.62501191,54929300
9/7/2011,20.24804688,20.24804688,19.91317509,20.00662827,41961000
9/8/2011,20.41936684,20.76202635,20.20909988,20.24803782,65811900
9/9/2011,20.04555702,20.38821654,19.85865224,20.24803758,64529200
9/12/2011,20.16237259,20.19352413,19.6795356,19.81192667,55046100
9/13/2011,20.27918816,20.39600345,20.10006978,20.18573503,48792300
9/14/2011,20.63742447,20.8710551,20.16237385,20.38043019,66739200
9/15/2011,21.01902199,21.05017353,20.48945765,20.81654142,67808300
9/16/2011,21.12026215,21.23707745,20.89441793,21.06574695,89681500
9/19/2011,21.19035339,21.26823077,20.7153042,20.87105747,52324900
9/20/2011,21.01123619,21.41619737,20.97229824,21.2682305,49211900
9/21/2011,20.24024963,21.07353402,20.22467386,21.06574613,72750700
9/22/2011,19.51599312,19.97546795,19.15775931,19.70289791,96278300
9/23/2011,19.51599312,19.5860826,19.22784879,19.39138993,64768100
9/26/2011,19.81192589,19.87422748,19.25899795,19.61723322,51057600
9/27/2011,19.991045,20.18573768,19.81971597,19.98325711,55620700
9/28/2011,19.92094803,20.5361774,19.86643433,20.19351798,60736200
9/29/2011,19.81971169,20.38042596,19.5393538,20.23245914,63407300
9/30/2011,19.38360786,19.8586586,19.37581998,19.62502792,54060500
10/3/2011,19.1032486,19.73405254,19.09546071,19.25121398,64592500
10/4/2011,19.73405457,19.77299252,18.89298206,18.92413212,83485400
10/5/2011,20.16237259,20.37264103,19.59387034,19.7963509,94061300
10/6/2011,20.5128212,20.55954703,20.0144084,20.17016166,55111400
10/7/2011,20.44272614,20.64520665,20.4037882,20.5128156,52741600
10/10/2011,20.98008347,21.00344564,20.61406028,20.69972553,41815300
10/11/2011,21.0268116,21.08132532,20.80875524,20.91778416,38826200
10/12/2011,20.99565697,21.268227,20.94893114,21.16698747,52489800
10/13/2011,21.16699409,21.18256987,20.73088279,20.83991025,43823500
10/14/2011,21.23708153,21.41619847,21.04238881,21.26823159,50947700
10/17/2011,21.01123619,21.35389576,20.90999664,21.11247723,39453300
10/18/2011,21.26822472,21.33831419,20.87105153,20.98008043,52487900
10/19/2011,21.12804413,21.39282623,21.0345925,21.31495037,42880000
10/20/2011,21.05796051,21.29159113,20.55954625,21.22928953,76300200
10/21/2011,21.15141296,21.17477662,20.87105503,21.14362508,76620600
10/24/2011,21.17477226,21.33831337,21.05795697,21.07353126,56897800
10/25/2011,20.87884521,21.20592902,20.80875572,21.08911369,53554600
10/26/2011,20.70751572,21.07353746,20.3259182,21.05017528,63029900
10/27/2011,21.22150421,21.33831953,20.75424144,21.12805106,74512400
10/28/2011,21.01123619,21.17477883,20.86327081,21.1358394,57712100
10/31/2011,20.73866463,21.02681046,20.73087823,20.83990566,46799000
11/1/2011,20.24024963,20.4972439,20.1390101,20.39600436,61182600
11/2/2011,20.25582123,20.40378804,20.01440278,20.32591069,53533100
11/3/2011,20.66078758,20.70751341,20.2324628,20.43494336,65836100
11/4/2011,20.44272614,20.55954142,20.24803351,20.54396565,36549200
11/7/2011,20.87105179,20.88662756,20.34927542,20.41157701,42589700
11/8/2011,21.15141296,21.18256451,20.78539125,21.03459765,47822500
11/9/2011,20.40379333,20.83211663,20.29476442,20.70751344,62950900
11/10/2011,20.46609497,20.63742399,20.34149177,20.61406034,32514400
11/11/2011,20.95671654,21.0891076,20.69193442,20.6997223,37903000
11/14/2011,20.83990288,21.02680766,20.75423763,20.93335452,34199200
11/15/2011,20.98114014,21.13806774,20.71436411,20.83990559,43874200
11/16/2011,20.45543098,20.80067075,20.4318929,20.76928464,53262800
11/17/2011,20.03957748,20.43189496,19.96111369,20.40835537,70977500
11/18/2011,19.85126305,20.00819063,19.73356811,19.99249757,47626200
11/21/2011,19.61586571,19.81202436,19.53740195,19.80417784,61882500
11/22/2011,19.45110703,19.58449357,19.34125708,19.52956935,49204500
11/23/2011,19.20001411,19.45109852,19.20001411,19.30986401,49099700
11/25/2011,19.06662369,19.3569392,19.06662369,19.12939441,26164600
11/28/2011,19.51387405,19.59233636,19.37263951,19.56879827,46766700
11/29/2011,19.49033928,19.64726692,19.41972199,19.47464622,40917100
11/30/2011,20.07095528,20.0788018,19.72571559,19.90618271,81350900
12/1/2011,19.83556938,20.11019038,19.77279865,20.05526618,48545400
12/2/2011,19.78848839,20.10234349,19.74141072,20.07880391,52293800
12/5/2011,20.16511154,20.24357381,20.00818401,20.22788226,56818400
12/6/2011,20.13373184,20.29850595,20.09450069,20.25142678,46175300
12/7/2011,20.08665085,20.21219229,19.88264562,20.14157504,62667000
12/8/2011,19.92972565,20.18080857,19.90618756,19.99249638,60522200
12/9/2011,20.16511154,20.2984995,20.00818401,20.02387706,53788500
12/12/2011,20.01602554,20.06310319,19.8434065,19.9375618,38945900
12/13/2011,20.21220398,20.47898008,20.12589362,20.20435745,54581100
12/14/2011,20.07880592,20.29065769,20.06311287,20.1808078,47926400
12/15/2011,20.05526924,20.30635219,20.03957768,20.18081072,46213900
12/16/2011,20.40051651,20.53390456,20.11020081,20.14158694,101408100
12/19/2011,20.03172684,20.49466149,19.97680114,20.41619771,52258300
12/20/2011,20.42404747,20.47897167,20.25142683,20.29065947,60767600
12/21/2011,20.21220398,20.54959737,19.96112094,20.40836279,64132500
12/22/2011,20.25143242,20.29066507,19.99250288,20.25927895,35794100
12/23/2011,20.42404747,20.431894,20.1886561,20.32989062,23205800
12/27/2011,20.43189621,20.51035851,20.34558588,20.36912397,21287200
12/28/2011,20.25927544,20.51820493,20.21219776,20.4868203,29822500
12/29/2011,20.41619873,20.43973682,20.29065728,20.36127453,22616900
12/30/2011,20.36912918,20.49467219,20.32989802,20.40051531,27395700
1/3/2012,21.004673,21.15375253,20.70651096,20.8320524,64731500
1/4/2012,21.49899292,21.55391712,21.01252019,21.0439048,80516100
1/5/2012,21.7186985,21.75792966,21.41269131,21.48330709,56081400
1/6/2012,22.05608749,22.11885823,21.60099931,21.60099931,99455500
1/9/2012,21.76577568,22.04824477,21.75008262,22.00901212,59706800
1/10/2012,21.84423828,22.08747471,21.77362101,21.91485555,60014400
1/11/2012,21.75008392,21.95408922,21.47546284,21.52254053,65582400
1/12/2012,21.96977425,21.9854673,21.69515177,21.86777238,49370800
1/13/2012,22.1659317,22.1659317,21.80500043,21.91484882,60196100
1/17/2012,22.17378426,22.47979141,22.10316699,22.28363267,72395300
1/18/2012,22.15024185,22.28362984,21.94623661,22.21301258,64860600
1/19/2012,22.06393242,22.31501533,21.99331516,22.09531703,74053500
1/20/2012,23.31150246,23.33504204,22.55825366,22.61317787,165902900
1/23/2012,23.32718658,23.49980716,23.02902609,23.18595212,76078100
1/24/2012,23.02118111,23.20164672,22.89563968,23.12318295,51703300
1/25/2012,23.19380951,23.26442678,22.80933855,22.80933855,59231700
1/26/2012,23.14673424,23.30366185,23.06827043,23.23304457,49102800
1/27/2012,22.93488121,23.17027261,22.88780353,23.10750187,44187700
1/30/2012,23.23303223,23.24087875,22.62101667,22.73086504,51114800
1/31/2012,23.17026901,23.303657,22.93487765,23.27227089,50572400
2/1/2012,23.45273972,23.5782812,23.35073782,23.37427741,67409900
2/2/2012,23.49981499,23.67243412,23.3115013,23.46058235,52223300
2/3/2012,23.72735977,23.85290124,23.60966483,23.64889598,41838500
2/6/2012,23.69597626,23.71166782,23.51550908,23.57043478,28039700
2/7/2012,23.81366539,23.92351378,23.57827406,23.65673784,39242400
2/8/2012,24.05690384,24.06475037,23.71166409,23.74305021,49659100
2/9/2012,24.14321518,24.16675327,23.91567035,24.07259792,50481600
2/10/2012,23.93136597,24.16675585,23.82151755,24.04121438,44605300
2/13/2012,23.99413681,24.14321787,23.87644187,24.03336796,33319800
2/14/2012,23.89146423,24.05732161,23.57554435,23.95464821,59644000
2/15/2012,23.73350716,24.00203948,23.71771229,23.95465186,43311300
2/16/2012,24.7128582,24.918205,23.93095438,23.93885257,94705100
2/17/2012,24.68126678,24.73655258,24.44432723,24.64177736,70036500
2/21/2012,24.83132362,24.96558974,24.6022808,24.62597535,50829900
2/22/2012,24.69705963,25.02087768,24.62597747,24.83922395,49253200
2/23/2012,24.77603912,24.94979467,24.48381231,24.641773,35034700
2/24/2012,24.86291122,24.87870759,24.67335935,24.86291122,35575400
2/27/2012,24.76024437,24.87871414,24.56279426,24.67336584,34568400
2/28/2012,25.17093468,25.21832227,24.78393123,24.80762578,45230600
2/29/2012,25.06826401,25.27361229,24.96559062,25.18673376,59323600
3/1/2012,25.50265884,25.58163769,25.1551462,25.21833018,77344100
3/2/2012,25.33679581,25.62112139,25.27361033,25.51844952,47314200
3/5/2012,25.11565399,25.31310411,24.97349117,25.28151136,45240000
3/6/2012,24.92609596,25.25781213,24.87081018,24.9103011,51932900
3/7/2012,25.14724541,25.21042938,24.9024077,25.01297928,34340400
3/8/2012,25.28150749,25.43946816,25.19463048,25.30520355,36747400
3/9/2012,25.26571655,25.39998269,25.21043076,25.35259358,34628400
3/12/2012,25.30520248,25.43157041,25.13144545,25.2499152,34073600
3/13/2012,25.80277634,25.81857271,25.3920828,25.46316495,48951700
3/14/2012,25.88175964,25.96863817,25.66061649,25.69220622,41986900
3/15/2012,25.94493866,26.01602081,25.73169523,25.89755257,49068300
3/16/2012,25.74749184,26.02392378,25.668513,25.99233105,65626400
3/19/2012,25.43156815,25.75538612,25.39207874,25.70010035,44789200
3/20/2012,25.26571655,25.39208601,25.06826644,25.35259358,41566800
3/21/2012,25.20252419,25.39207756,25.13144205,25.24201359,37928600
3/22/2012,25.27361107,25.34469322,25.10775372,25.12354858,31749500
3/23/2012,25.28150749,25.36048933,25.05246618,25.35258964,35912200
3/26/2012,25.73959923,25.7553956,25.39208808,25.42367781,36758300
3/27/2012,25.6843071,25.8264714,25.5895319,25.78698198,36274900
3/28/2012,25.42367363,25.82647352,25.30520538,25.68430921,41344800
3/29/2012,25.36838913,25.42367492,25.12355142,25.32100303,37038500
3/30/2012,25.47895622,25.59742747,25.30520221,25.58953079,31749400
4/2/2012,25.50265884,25.63692348,25.23412655,25.44737305,35853600
4/3/2012,25.22622681,25.42367541,25.00508214,25.39998236,42752100
4/4/2012,24.64967155,25.02877692,24.5233036,25.00508236,49455900
4/5/2012,24.89450264,24.98137964,24.52329558,24.6022759,50368600
4/9/2012,24.56279182,24.79973133,24.46011693,24.65756703,31056400
4/10/2012,24.06521988,24.63387718,23.93095374,24.53120228,54131300
4/11/2012,23.9704361,24.11260037,23.87565941,24.03362005,43014000
4/12/2012,24.46801186,24.51540096,24.02572413,24.07311172,38304000
4/13/2012,24.33374786,24.61017828,24.26266571,24.39693183,39749200
4/16/2012,24.54699326,24.63387177,24.30215558,24.47591111,38124800
4/17/2012,24.83132362,24.96558974,24.64177172,24.6970575,34361500
4/18/2012,24.59438705,24.7286532,24.51540821,24.70496015,40552900
4/19/2012,24.49170113,25.02086725,24.43641536,24.58647629,54781200
4/20/2012,25.60532951,25.97653669,25.31310419,25.39208604,106045000
4/23/2012,25.36838913,25.66851414,25.29730697,25.51845314,61398200
4/24/2012,25.21042633,25.68430682,25.13934418,25.43946764,40871100
4/25/2012,25.43156815,25.52634333,25.17093413,25.21042354,62495500
4/26/2012,25.36049652,25.45527174,25.21043399,25.3683932,40308100
4/27/2012,25.2578125,25.44736589,25.17883217,25.36838406,41419100
4/30/2012,25.28940773,25.36048988,25.21042739,25.25781499,35697200
5/1/2012,25.28150749,25.54214305,25.2341214,25.31310023,43832300
5/2/2012,25.11565399,25.21832889,24.98928604,25.15514492,37385300
5/3/2012,25.08406067,25.19463224,24.96559091,25.17883587,31501300
5/4/2012,24.46801186,24.93399413,24.42062426,24.83921894,57927200
5/7/2012,24.20738602,24.37324491,24.14420203,24.24687695,48641400
5/8/2012,24.08891106,24.3100557,23.828277,24.07311469,46328300
5/9/2012,24.29426003,24.34954581,23.77299189,23.84407405,50309300
5/10/2012,24.27846336,24.49960801,24.04942204,24.37324007,43839200
5/11/2012,24.61017799,24.91030296,24.23897238,24.23897238,43459300
5/14/2012,24.23107147,24.51540004,24.19947874,24.34164302,40528900
5/15/2012,24.01642609,24.48546599,23.96872755,24.35826888,61822800
5/16/2012,23.7699852,24.10387803,23.64278807,24.09592802,60083700
5/17/2012,23.626894,24.01643548,23.61894399,23.84153977,48484000
5/18/2012,23.26914215,23.69843199,23.18964358,23.68253349,56205300
5/21/2012,23.65073776,23.6825378,23.10219922,23.13399926,38787900
5/22/2012,23.6586895,23.75408659,23.45199378,23.60304094,39504900
5/23/2012,23.14195633,23.37250062,22.76831334,23.33275207,65171000
5/24/2012,23.11015701,23.29300275,22.86371269,23.18170561,52575000
5/25/2012,23.10219765,23.34069338,23.06244912,23.21349626,29507200
5/29/2012,23.49969292,23.62689005,23.22939862,23.35659576,37758800
5/30/2012,23.32479477,23.43609187,23.1498991,23.33274478,41585500
5/31/2012,23.20555305,23.38839877,23.00680731,23.29300015,39134000
6/1/2012,22.61726189,23.02270179,22.60931188,22.86370614,56634300
6/4/2012,22.69675827,22.87960547,22.51391259,22.75240834,47926300
6/5/2012,22.66496086,22.85575656,22.56956225,22.66496086,45715400
6/6/2012,23.33274841,23.34864843,22.90345692,22.95910548,46860500
6/7/2012,23.23735046,23.61099341,23.18965191,23.56329334,37792800
6/8/2012,23.57124138,23.59509141,23.09425136,23.2214485,42551100
6/11/2012,22.97500229,23.69843651,22.91140373,23.63483794,46361900
6/12/2012,23.28504181,23.2929903,22.92729902,23.13399469,35337900
6/13/2012,23.15785027,23.40429605,23.0942517,23.22939884,32984600
6/14/2012,23.32479477,23.42019185,22.9591019,23.31684476,39458900
6/15/2012,23.86538506,23.9130836,23.44404361,23.52354219,62314400
6/18/2012,23.72228622,23.87333338,23.61893761,23.84153334,58679900
6/19/2012,24.40597343,24.73191627,23.88923338,24.00053201,75725800
6/20/2012,24.58882141,24.68421851,24.35827564,24.58882141,36257100
6/21/2012,23.96078491,24.75576784,23.89718634,24.61267067,48456600
6/22/2012,24.40597343,24.42982195,23.87333488,24.08797909,45098100
6/25/2012,23.74614143,24.10388285,23.5473957,24.08798283,42217200
6/26/2012,23.86538506,24.06413076,23.80178649,23.84948503,38421300
6/27/2012,23.98464012,24.24698448,23.87334297,24.00054015,33781700
6/28/2012,23.77792931,23.88922638,23.38838802,23.83357785,45328400
6/29/2012,24.3185215,24.39802007,23.96077867,24.2072244,55227200
7/2/2012,24.29467201,24.34237207,24.01642775,24.34237207,30589100
7/3/2012,24.45366859,24.45366859,23.98462867,24.03232721,20938100
7/5/2012,24.40597343,24.469572,24.15157766,24.31852484,28801900
7/6/2012,24.00053596,24.40597746,23.80974024,24.33442887,38294800
7/9/2012,23.84948921,24.03233493,23.6745935,23.94488784,30680800
7/10/2012,23.64279175,24.02438318,23.45994604,23.91308606,37534100
7/11/2012,23.29300308,23.64279605,23.14195739,23.61894602,39184900
7/12/2012,22.76035309,23.19759447,22.68880604,23.17374444,63523600
7/13/2012,23.36454582,23.4360944,22.83190724,22.86370729,39085000
7/16/2012,23.40429306,23.47584163,23.08630026,23.43609158,27900600
7/17/2012,23.57918739,23.73818454,23.21349607,23.56328737,33771300
7/18/2012,24.20722771,24.20722771,23.42019337,23.531492,41090400
7/19/2012,24.38212013,24.48546722,24.15157442,24.25492302,46663200
7/20/2012,23.94488525,24.68421807,23.88923518,24.64446953,64021700
7/23/2012,23.27709961,23.51559387,23.06245386,23.50764386,55151900
7/24/2012,23.17375183,23.34069903,22.9750061,23.24530042,47723300
7/25/2012,22.91936302,23.31685458,22.87961447,23.24530598,45579500
7/26/2012,23.18169212,23.45198632,23.12604358,23.23734066,45301400
7/27/2012,23.6586895,23.73023808,23.19759951,23.43609376,44242600
7/30/2012,23.56328583,23.70638295,23.4201887,23.65073441,28905000
7/31/2012,23.42813683,23.61893247,23.31683975,23.43608683,37620900
8/1/2012,23.38044167,23.57123734,23.22144452,23.5235388,31721800
8/2/2012,23.20555305,23.47584738,23.03065583,23.22145156,39520500
8/3/2012,23.65073776,23.80178492,23.43609205,23.4758421,35859400
8/6/2012,23.80973244,23.93692955,23.69843383,23.84948097,27471800
8/7/2012,24.05618477,24.12773336,23.7461419,23.90513758,28002900
8/8/2012,24.11182976,24.22312687,23.93693408,24.01643115,26257600
8/9/2012,24.24697495,24.36622206,24.08797778,24.15952635,24920800
8/10/2012,24.18337631,24.34237348,24.04822918,24.24697487,27810300
8/13/2012,24.15952492,24.21517347,23.97667925,24.1277264,23049100
8/14/2012,24.11151695,24.31958201,24.01548787,24.24755943,34551400
8/15/2012,24.16752625,24.23154612,24.02348115,24.0955037,24351000
8/16/2012,24.63168144,24.75972125,24.21555131,24.29557657,35787200
8/17/2012,24.727705,24.74371036,24.47962813,24.74371036,32589900
8/20/2012,24.59965897,24.68768686,24.47161922,24.66367884,23737700
8/21/2012,24.647686,24.77572581,24.49563969,24.61567682,28822700
8/22/2012,24.43961525,24.61566955,24.38359651,24.47962711,33437400
8/23/2012,24.21554756,24.32758199,24.07150242,24.31957931,28355600
8/24/2012,24.45561981,24.51163702,24.15152573,24.20754294,22943300
8/27/2012,24.55965042,24.77571656,24.47962519,24.75171006,34691100
8/28/2012,24.51163864,24.6476811,24.42361224,24.56765738,23947900
8/29/2012,24.52764511,24.60767036,24.35959346,24.52764511,23346800
8/30/2012,24.26355553,24.49562853,24.1835303,24.43160865,23982100
8/31/2012,24.66368675,24.77572118,24.31157658,24.48763243,36590100
9/4/2012,24.31957626,24.53564395,24.12751661,24.36759232,48556700
9/5/2012,24.31957626,24.43161221,24.17553114,24.18353382,33650000
9/6/2012,25.08781242,25.0958151,24.37558961,24.40760031,48371700
9/7/2012,24.76772118,24.86375026,24.59166532,24.83974375,42649100
9/10/2012,24.58366013,24.72770526,24.41560849,24.67168804,40524000
9/11/2012,24.63966942,24.73569845,24.49562434,24.55964421,25191800
9/12/2012,24.63168144,24.95178095,24.59166805,24.75972125,32775800
9/13/2012,24.75971413,24.95177378,24.32757877,24.71970075,45047300
9/14/2012,24.97578239,25.0077931,24.65568295,24.81573343,51422800
9/17/2012,24.97578239,25.01579578,24.83974147,24.95977857,36488500
9/18/2012,24.95177269,24.97577919,24.8317356,24.88775281,34542700
9/19/2012,24.84774017,24.95977611,24.83973902,24.87975088,48871900
9/20/2012,25.16784859,25.1918551,24.7357131,24.76772382,45543000
9/21/2012,24.95978165,25.29588649,24.87975639,25.15184134,102348900
9/24/2012,24.63168144,24.86375302,24.51964547,24.80773579,46825900
9/25/2012,24.31957626,24.80772884,24.29556976,24.76771698,54266400
9/26/2012,24.14352798,24.48763552,24.03949622,24.23155592,54672000
9/27/2012,24.13552094,24.3275806,23.91945324,24.14352361,47129900
9/28/2012,23.81542015,24.21554481,23.7994148,24.15152493,54229300
10/1/2012,23.59935188,23.99147386,23.54333468,23.85543142,54042700
10/2/2012,23.73539162,23.91944857,23.60735186,23.75139697,43338900
10/3/2012,23.89544296,23.99947469,23.74339518,23.80741506,46655900
10/4/2012,24.03148842,24.03148842,23.66337293,23.98347236,43634900
10/5/2012,23.88744926,24.20754878,23.79942133,24.19154342,41133900
10/8/2012,23.83142853,23.94346296,23.64737,23.71939257,29752000
10/9/2012,23.43130302,23.79941702,23.35127778,23.75140248,45121100
10/10/2012,23.19123077,23.45531306,23.16722427,23.32727325,47227100
10/11/2012,23.16722107,23.40729528,23.10320118,23.38328725,41488500
10/12/2012,23.3672905,23.4633196,23.04718941,23.18323192,46464700
10/15/2012,23.61536026,23.7834119,23.40729523,23.50332583,42440200
10/16/2012,23.59935188,23.79941421,23.46330944,23.5673427,47739400
10/17/2012,23.67937851,23.71939037,23.27925383,23.44730546,44206100
10/18/2012,23.60734749,23.79140441,23.4152879,23.72738454,59238500
10/19/2012,22.91913986,23.27124999,22.80710545,23.24724196,90470800
10/22/2012,22.40698433,23.0711913,22.27094186,22.99116605,83374000
10/23/2012,22.44699287,22.56703149,22.21492136,22.22292404,64414800
10/24/2012,22.32695198,22.56702765,22.30294548,22.53501695,53320400
10/25/2012,22.3109436,22.56702459,22.29493978,22.55902192,54084300
10/26/2012,22.57502747,22.67906071,22.27893614,22.29494149,57790000
10/31/2012,22.83910751,23.11119077,22.80709682,22.84710866,69464100
11/1/2012,23.62335777,23.65536695,23.0631827,23.07918805,72047900
11/2/2012,23.60734749,23.8234151,23.47130509,23.67937003,57131600
11/5/2012,23.71138763,23.79941555,23.47131344,23.70338648,38070800
11/6/2012,23.89544296,24.16752783,23.69538065,23.86343226,43401500
11/7/2012,23.27125168,23.87143871,23.24724365,23.63136451,57871800
11/8/2012,23.05518723,23.50332804,23.04718455,23.30326566,49841800
11/9/2012,23.07119179,23.35928208,23.05518643,23.11120365,43291200
11/12/2012,22.58304024,23.21523807,22.57503756,23.15922085,61112300
11/13/2012,21.85689735,22.02632993,21.58257663,21.80041983,131689200
11/14/2012,21.65519142,22.01826343,21.62291767,21.97792124,76086100
11/15/2012,21.50995827,21.76007363,21.48575296,21.68745925,50955600
11/16/2012,21.39699745,21.54222618,21.25176872,21.51802088,64083300
11/19/2012,21.56643867,21.6229162,21.35666392,21.6229162,57179300
11/20/2012,21.55029297,21.62290733,21.34858674,21.59063514,47070400
11/21/2012,21.74394035,21.92144135,21.51802874,21.55030095,66360300
11/23/2012,22.34905052,22.40552802,21.94563807,21.96984183,57845700
11/26/2012,22.09893608,22.25223326,21.92143514,22.21996106,85198700
11/27/2012,21.84882355,22.09087046,21.81655134,22.07473513,45018600
11/28/2012,22.07474327,22.09894705,21.59871617,21.79235408,53018400
11/29/2012,21.74394035,22.07473857,21.67132596,21.87303227,69551400
11/30/2012,21.47768784,21.88916734,21.3727997,21.82462138,83690200
12/3/2012,21.3243866,21.63904788,21.30018129,21.60677568,53173800
12/4/2012,21.27598572,21.48575896,21.2517804,21.38087234,49777500
12/5/2012,21.51802063,21.72779529,21.18722254,21.28404066,68283800
12/6/2012,21.56643867,21.76814499,21.46962051,21.63098463,39182300
12/7/2012,21.34859467,21.63905224,21.27598181,21.63905224,46162100
12/10/2012,21.73587036,21.76007413,21.39700373,21.42927594,47031100
12/11/2012,22.0424633,22.17962364,21.82462014,21.82462014,52282800
12/12/2012,21.97791672,22.28451113,21.84882482,22.21189675,43966300
12/13/2012,21.87302971,22.20382789,21.74393781,22.04246225,45080100
12/14/2012,21.63097763,21.88916138,21.54222793,21.87302605,42077500
12/17/2012,21.86496544,21.96178361,21.52609876,21.61485003,42046100
12/18/2012,22.23609924,22.29257675,21.89723264,21.98598389,50486900
12/19/2012,22.03439522,22.37326185,21.98598614,22.34098965,53519900
12/20/2012,22.33292007,22.33292007,21.9053022,22.07473628,52607300
12/21/2012,22.1473484,22.17962061,21.78427651,22.1473484,98776500
12/24/2012,21.83268547,21.98598266,21.7842764,21.94564202,20842400
12/26/2012,21.67131805,21.94563865,21.54222619,21.80847835,31631100
12/27/2012,21.75200081,21.85688892,21.43733956,21.69552331,39394000
12/28/2012,21.42120934,21.70359847,21.42120934,21.55030125,28239900
12/31/2012,21.55029297,21.59870357,21.27597391,21.45347484,42749500
1/2/2013,22.2845192,22.37326895,21.90531026,21.98599311,52899300
1/3/2013,21.9859848,22.30871455,21.91337042,22.29257767,48294400
1/4/2013,21.57450676,22.05860221,21.56643832,22.00212469,52521100
1/7/2013,21.53416443,21.6874601,21.49382225,21.59871038,37110400
1/8/2013,21.42120934,21.61484875,21.34859494,21.582575,44703100
1/9/2013,21.54224014,21.5825808,21.42928353,21.55837548,49047900
1/10/2013,21.34859467,21.76814415,21.21143585,21.50189189,71431300
1/11/2013,21.64711952,21.72780235,21.20336629,21.37279884,55512100
1/14/2013,21.69552612,21.84882332,21.59063954,21.70359456,48324400
1/15/2013,21.95371246,22.01825996,21.64711957,21.64711957,48244500
1/16/2013,21.81655121,21.96984687,21.7923459,21.90530092,41077400
1/17/2013,21.9859848,22.16348578,21.8326876,21.93757573,51685900
1/18/2013,21.9859848,22.01825855,21.81655226,21.86496134,52167700
1/22/2013,21.90530014,22.14734858,21.78427669,22.02632359,58650600
1/23/2013,22.27644539,22.30064916,21.94564716,21.94564716,50387700
1/24/2013,22.29257584,22.6475793,22.16348395,22.34905488,101739300
1/25/2013,22.49428177,22.77667084,22.09893768,22.25223487,81847700
1/28/2013,22.51848984,22.77667364,22.39746637,22.59917266,56056500
1/29/2013,22.59917068,22.69598883,22.26837252,22.44587349,49242600
1/30/2013,22.47008133,22.74440201,22.39746694,22.59917323,43580500
1/31/2013,22.1473484,22.56689626,22.10700623,22.42166905,50530000
2/1/2013,22.5346241,22.63144224,22.22802972,22.3248494,55565900
2/4/2013,22.13927841,22.60723685,22.12314154,22.48621341,50540000
2/5/2013,22.18769264,22.31678455,22.07473761,22.28451234,35410400
2/6/2013,22.05860329,22.21996896,21.98598889,22.0908755,41889600
2/7/2013,22.01018906,22.09893877,21.86496029,22.06666657,38028300
2/8/2013,22.22803497,22.35712689,22.0343971,22.06667085,33318500
2/11/2013,22.47814941,22.52655849,22.18769186,22.30871533,32247700
2/12/2013,22.49428177,22.59110145,22.38939519,22.49428177,35990900
2/13/2013,22.61531067,22.67985662,22.49428566,22.53462784,41715600
2/14/2013,22.62338257,22.63951791,22.4862222,22.52656285,32663200
2/15/2013,22.59917068,22.72019414,22.49428256,22.62337599,49650900
2/19/2013,22.81881905,22.85136,22.61544276,22.68052311,38781400
2/20/2013,22.67238808,22.9408447,22.63984713,22.88389804,44110200
2/21/2013,22.36325264,22.56662889,22.15174115,22.56662889,49078500
2/22/2013,22.582901,22.582901,22.35511902,22.51782066,31425900
2/25/2013,22.26563644,22.81881864,22.26563644,22.75373829,48011800
2/26/2013,22.26563644,22.45274225,22.24123073,22.27377013,49923300
2/27/2013,22.62357903,22.77814545,22.2330969,22.3063125,36394700
2/28/2013,22.61544609,22.75374205,22.56663621,22.68052645,35840200
3/1/2013,22.73747253,22.7618767,22.38766503,22.55036515,34849700
3/4/2013,22.90017128,22.90017128,22.53409487,22.65612034,38157500
3/5/2013,23.06287384,23.21744027,22.90830741,23.01406396,41432200
3/6/2013,22.8513546,22.9652448,22.59916849,22.94897433,51448500
3/7/2013,22.89202881,23.00592056,22.78627385,22.86762465,29196700
3/8/2013,22.77814674,23.04660341,22.74560579,22.98152305,37667800
3/11/2013,22.67238808,22.75373735,22.50968643,22.72933319,36627500
3/12/2013,22.70492744,22.73746839,22.48528069,22.64798234,39255200
3/13/2013,22.71306419,22.79441502,22.57476825,22.67238956,29093400
3/14/2013,22.89202881,22.90829928,22.72119351,22.77813861,55914800
3/15/2013,22.81068611,22.90830586,22.76187468,22.80255087,92710300
3/18/2013,22.85949707,23.00592826,22.62357981,22.68052493,44809400
3/19/2013,22.9245739,22.9571133,22.80254844,22.87576403,51901600
3/20/2013,23.03846169,23.1767576,22.92457148,23.05473216,35447800
3/21/2013,22.86763,23.07100629,22.81881858,22.86763,34233200
3/22/2013,22.9815197,23.05473528,22.85949424,22.93270983,28720900
3/25/2013,22.90830421,23.06287062,22.74560257,23.02219444,44154000
3/26/2013,22.90830421,23.05473539,22.86762958,22.97338456,27824300
3/27/2013,23.0791378,23.14421814,22.8432206,22.89203047,36047400
3/28/2013,23.27438736,23.315062,22.98966019,23.03847008,55453800
4/1/2013,23.27438736,23.315062,23.07101103,23.29879153,29201100
4/2/2013,23.42894936,23.46962555,23.20116889,23.25811401,28456500
4/3/2013,23.23370743,23.5509755,23.2174385,23.38827385,35062800
4/4/2013,23.2662468,23.27438203,22.99779017,23.09540991,45263200
4/5/2013,23.34759521,23.41267556,22.86762712,22.95711162,50927300
4/8/2013,23.25811195,23.37200218,23.16049065,23.37200218,34759500
4/9/2013,24.08789063,24.25872598,23.3313305,23.37200515,77733800
4/10/2013,24.63293266,24.66547206,24.01466866,24.05534329,71116700
4/11/2013,23.54284096,23.7543525,23.37200406,23.67300167,130923200
4/12/2013,23.4208107,23.60791649,23.31505418,23.46962057,62886300
4/15/2013,23.33946228,23.57537796,23.19303111,23.30692133,56332900
4/16/2013,23.56724548,23.70554143,23.34760025,23.51030037,52797300
4/17/2013,23.45335197,23.62418885,23.26624617,23.46962245,52840700
4/18/2013,23.4208107,23.57537554,23.18489349,23.55097138,56906600
4/19/2013,24.21805191,24.60039882,24.08789119,24.09602643,99790700
4/22/2013,25.08036613,25.36509327,24.62480364,24.6492078,137904000
4/23/2013,24.89325523,25.13730613,24.71428313,24.97460605,59126900
4/24/2013,25.83692551,25.96708622,24.89325959,24.90953007,90946600
4/25/2013,25.98335266,26.71550692,25.65795094,25.79624531,110700200
4/26/2013,25.86132813,26.01589298,25.58473626,25.95081263,47799300
4/29/2013,26.52840614,26.58535126,25.84506162,25.86946579,59116400
4/30/2013,26.92702675,26.93516354,26.25995259,26.4877362,75165200
5/1/2013,26.6178894,26.91075175,26.52026655,26.78872474,54330900
5/2/2013,26.97582436,26.98395804,26.34942516,26.54466772,46059500
5/3/2013,27.24428177,27.26868592,26.91074487,27.03276875,46784600
5/6/2013,27.45580101,27.58596172,27.0490484,27.1873428,40978300
5/7/2013,27.09784889,27.48833087,27.0409038,27.37444068,43078300
5/8/2013,26.83754349,27.04091983,26.56095154,26.9026223,51595700
5/9/2013,26.56907845,26.84567032,26.51213333,26.72364331,46417800
5/10/2013,26.59347343,26.61788069,26.2924775,26.57720296,36394900
5/13/2013,26.87007904,26.90262,26.47959687,26.5284083,36027600
5/14/2013,27.46808815,27.46808815,26.87006571,26.91921939,56870100
5/15/2013,27.73024178,27.77120475,27.38617527,27.40255983,46303900
5/16/2013,27.91865349,27.97599789,27.48447045,27.55819941,59382900
5/17/2013,28.56583977,28.56583977,27.93504796,27.95962637,60666700
5/20/2013,28.73788452,28.75426597,28.41019931,28.45115918,54020800
5/21/2013,28.54945755,28.89352726,28.44296254,28.75425998,48702400
5/22/2013,28.35284424,28.54126207,28.14804184,28.50030221,66047500
5/23/2013,27.97600937,28.30369134,27.77120697,28.04154451,51102700
5/24/2013,28.07431984,28.08251056,27.77121309,27.78759454,33174400
5/28/2013,28.68873024,28.8198037,28.18901172,28.19720244,48212100
5/29/2013,28.57404137,28.68873025,28.32008518,28.45935248,38412200
5/30/2013,28.69691658,28.87714373,28.51669256,28.54945858,51131000
5/31/2013,28.59041595,28.90171335,28.5003024,28.52487769,56165700
6/3/2013,29.15566254,29.18843166,28.53306477,28.60679062,51252600
6/4/2013,28.6641407,29.2785478,28.48391362,29.18024042,65529500
6/5/2013,28.49210739,28.58222094,28.2053853,28.34464942,46025100
6/6/2013,28.63957024,28.76245294,28.2545438,28.54126595,37618500
6/7/2013,29.22120667,29.31132023,28.7214914,28.87714011,40757300
6/10/2013,29.05737114,29.20482915,28.78703042,29.09013715,35994500
6/11/2013,28.54125977,28.81979113,28.41018637,28.71329301,39435900
6/12/2013,28.67234421,28.89353124,28.54946148,28.78703308,37372700
6/13/2013,28.44295883,28.68872109,28.33646071,28.6641458,45654900
6/14/2013,28.18081856,28.41838703,28.05793584,28.30369815,53192600
6/17/2013,28.67234421,28.80341766,28.36923744,28.41838803,49670100
6/18/2013,28.65596008,28.81160883,28.59042492,28.64776936,28616500
6/19/2013,28.33646393,28.74606878,28.33646393,28.63957065,30816200
6/20/2013,27.43532562,28.12346168,27.33701824,28.06611414,54493700
6/21/2013,27.25510979,27.63194554,27.07488264,27.5746011,85338500
6/24/2013,27.6237545,28.01697482,26.68166201,26.98476875,56109000
6/25/2013,27.58278656,28.16442777,27.41075329,27.91866551,44073400
6/26/2013,28.13984489,28.246343,27.76300928,27.95142709,48665900
6/27/2013,28.36102676,28.49210013,28.26272252,28.27910708,28993100
6/28/2013,28.29550362,28.50030604,28.13166105,28.16443019,65545500
7/1/2013,28.14804459,28.66414755,28.1234693,28.46753586,31055400
7/2/2013,27.80396461,28.2135693,27.55001171,28.18899401,37630000
7/3/2013,27.86131096,28.15622685,27.52543522,27.57458891,15994400
7/5/2013,28.02516365,28.04974207,27.50906378,27.92685936,26085900
7/8/2013,28.12346458,28.33645769,27.83673937,28.13984602,32396900
7/9/2013,28.13984489,28.34464727,27.96781165,28.32826583,25318500
7/10/2013,28.42657661,28.51669018,28.11527606,28.13166063,29658800
7/11/2013,29.23758125,29.3031195,28.59040823,28.67232791,53638300
7/12/2013,29.22120667,29.27036037,28.9017154,29.1474808,35501200
7/15/2013,29.63081932,29.67178231,29.1474885,29.21302366,34142600
7/16/2013,29.71273422,29.84380764,29.45877811,29.49973796,36378500
7/17/2013,29.27856255,29.81104709,29.07376008,29.77008722,37285100
7/18/2013,29.03278542,29.40143034,28.85256144,29.26216622,49547100
7/19/2013,25.72318649,26.76358171,25.41188747,26.54239783,248428500
7/22/2013,26.22290039,26.22290039,25.88702611,25.96894739,79040700
7/23/2013,26.0672493,26.24747641,25.97713574,26.14097829,65810400
7/24/2013,26.18194008,26.37035793,26.12459565,26.24747835,52803100
7/25/2013,25.71498871,25.92798339,25.60029987,25.9034081,63213000
7/26/2013,25.90341187,25.90341187,25.56753444,25.60849587,38633600
7/29/2013,25.83787346,25.8870256,25.72318304,25.78052747,28870700
7/30/2013,26.0918293,26.31301473,25.84606545,26.03448487,45799500
7/31/2013,26.08363914,26.25567245,25.977141,26.19013573,43898400
8/1/2013,25.94437218,26.28844033,25.88702775,26.26386503,42557900
8/2/2013,26.12459564,26.13278793,25.8624488,25.96075465,29199900
8/5/2013,25.96894073,26.21470295,25.91978704,26.13278169,30984000
8/6/2013,25.8706398,25.94436879,25.70679725,25.84606295,36331500
8/7/2013,26.26386452,26.29663053,25.60030352,25.83787509,38078600
8/8/2013,26.9438076,27.0912656,26.2556713,26.41132315,59034400
8/9/2013,26.78815651,26.95199907,26.59973866,26.84550094,26800700
8/12/2013,26.92742157,27.00934441,26.59154572,26.59154572,25493700
8/13/2013,26.58917809,26.85317216,26.57267806,26.82017211,39464100
8/14/2013,26.6881752,27.52140906,26.15193861,26.51492968,48519600
8/15/2013,26.22618675,26.54792933,25.44245298,26.39943227,33338000
8/16/2013,26.23443794,26.39118503,26.11894092,26.2261895,32866300
8/19/2013,25.89619064,26.37468025,25.88794063,26.20143475,27902500
8/20/2013,26.0859375,26.31693151,25.87969195,25.93744045,22979600
8/21/2013,26.07769203,26.40768308,26.01994352,26.07769203,37409100
8/22/2013,26.72117233,26.80367244,26.48192675,26.55617527,31169900
8/23/2013,28.66813469,29.03937735,28.04939797,29.01462574,225493800
8/26/2013,28.17314529,28.6021333,28.07414516,28.37939086,72786800
8/27/2013,27.43890572,28.13189087,27.34816032,27.65340284,58522300
8/28/2013,27.24091148,27.7193995,27.22441146,27.546154,44257400
8/29/2013,27.67815399,27.71940247,27.0594173,27.16666588,45284700
8/30/2013,27.55440712,27.62040406,27.2986615,27.52965551,42790200
9/3/2013,26.30043221,26.45717927,25.81369415,26.19318521,154507000
9/4/2013,25.73944283,25.9621868,25.66519431,25.8961883,142320600
9/5/2013,25.76418877,25.93743581,25.5331948,25.65694179,71644900
9/6/2013,25.69819641,25.89619196,25.68169639,25.83019344,75434900
9/9/2013,26.11893845,26.22618702,25.73944736,25.75594581,49628500
9/10/2013,26.72117233,26.72942392,26.22618428,26.31693125,56881200
9/11/2013,27.00991249,27.16665794,26.83666388,26.86966391,39087500
9/12/2013,26.96866798,27.04291651,26.88617102,26.99341959,32860200
9/13/2013,27.2491684,27.28216845,26.82017716,27.03467435,40899000
9/16/2013,27.0594101,27.63689815,27.0016616,27.53790119,52839700
9/17/2013,27.16666985,27.61216108,27.14192138,27.57090945,84716500
9/18/2013,27.48840523,27.55440531,27.08416573,27.21616275,64099900
9/19/2013,27.75240326,27.78540331,27.48840918,27.62040622,42026600
9/20/2013,27.05116463,27.62040116,26.96866453,27.56265266,102904900
9/23/2013,27.00991249,27.19965798,26.81191542,26.84491546,39826100
9/24/2013,26.77067184,27.11716284,26.52317782,27.11716284,40685000
9/25/2013,26.82017517,27.05942081,26.72942975,26.80367829,28907500
9/26/2013,27.03466415,27.22440966,26.88616712,26.9274156,28504000
9/27/2013,27.44715881,27.8431499,27.11716467,27.12541625,55348000
9/30/2013,27.45540047,27.48015207,26.97691253,27.22440651,39839500
10/1/2013,27.70290756,27.72765602,27.47191037,27.51315886,36718700
10/2/2013,27.98339272,28.07414125,27.46365623,27.52140473,46946800
10/3/2013,27.93389702,28.04939402,27.57090285,27.95039704,38703800
10/4/2013,27.9503994,28.04114795,27.73590225,27.79365076,33008100
10/7/2013,27.47190857,27.81015117,27.3894116,27.71940262,35069300
10/8/2013,27.23266411,27.49666134,27.05941858,27.48016131,41017600
10/9/2013,27.28216553,27.51315957,27.19141697,27.28216553,35878600
10/10/2013,27.85140038,27.95864895,27.43890924,27.48016087,42875100
10/11/2013,28.15665245,28.16490089,27.78540971,27.78540971,30033300
10/14/2013,28.42063522,28.4618837,27.86789556,27.96689568,27757900
10/15/2013,28.4536438,28.86613499,28.43714377,28.60213773,47097800
10/16/2013,28.57737923,28.79187633,28.5113823,28.54437919,35111600
10/17/2013,28.80838013,28.86613178,28.3546405,28.42064059,31359200
10/18/2013,28.84138107,28.86613268,28.32164448,28.72588405,41811700
10/21/2013,28.86612892,29.03937443,28.80012883,28.85787734,27433500
10/22/2013,28.52788925,28.95687728,28.47838918,28.89088033,40438500
10/23/2013,27.85140038,28.45364021,27.77715184,28.33814005,58600500
10/24/2013,27.81840324,28.13189424,27.69465464,27.90090021,53209700
10/25/2013,29.47662163,29.93861292,29.26212758,29.60037025,113494000
10/28/2013,29.34461975,29.47661679,29.09712569,29.3776198,38383600
10/29/2013,29.30337715,29.46837427,29.08887995,29.39412572,31702200
10/30/2013,29.31986809,29.52611364,29.22911954,29.3116165,36997700
10/31/2013,29.2126255,29.44361956,29.15487699,29.4188711,41682300
11/1/2013,29.3116188,29.44361584,29.19612179,29.42711582,40264600
11/4/2013,29.64986801,29.68286806,29.32812536,29.36112541,28060700
11/5/2013,30.22735977,30.2851083,29.50962584,29.52612587,51681900
11/6/2013,31.49782753,31.53082758,30.57384815,30.72234523,88948800
11/7/2013,30.93683052,31.35757003,30.87908202,31.31632155,60437400
11/8/2013,31.16783142,31.16783142,30.80484033,31.07708286,36737800
11/11/2013,31.01108742,31.16783293,30.81309026,31.0935844,26872500
11/12/2013,30.82133675,31.01933072,30.68933971,30.83783677,31651600
11/13/2013,31.4813118,31.4813118,30.4418359,30.50783282,44957600
11/14/2013,31.36582375,31.45657229,31.11832971,31.24207516,46183700
11/15/2013,31.21732712,31.36582417,31.11833013,31.30807567,50601300
11/18/2013,30.6893425,31.00283666,30.58209392,30.81308796,53277500
11/19/2013,30.53972435,30.94702971,30.4815347,30.63115798,44275000
11/20/2013,30.82234573,31.09665297,30.63947213,30.68934444,32229900
11/21/2013,31.0883522,31.19641103,30.97197603,30.9802902,23064700
11/22/2013,31.2296524,31.32108921,31.0301568,31.19640208,27982000
11/25/2013,31.28781509,31.54550016,31.22962866,31.52887501,30646800
11/26/2013,31.04676628,31.29614044,31.04676628,31.22963982,34465300
11/27/2013,31.25458145,31.38757955,31.16314784,31.2296453,26002100
11/29/2013,31.69514084,31.82813894,31.43745563,31.43745563,22090400
12/2/2013,31.96112823,32.23543535,31.63694565,31.6618818,42950400
12/3/2013,31.84476471,31.99438797,31.65358014,31.70345244,52109800
12/4/2013,32.36844635,32.40169667,31.68683061,31.76164225,51983600
12/5/2013,31.58707619,32.31856726,30.90546059,32.29362794,116305000
12/6/2013,31.88632774,32.04426201,31.57877021,31.93620005,36457300
12/9/2013,32.17726898,32.31026713,31.89464752,32.052585,30286000
12/10/2013,31.67850685,32.33518617,31.60369524,32.09412619,37828600
12/11/2013,31.26289368,31.83644734,31.08002011,31.63695179,39853400
12/12/2013,30.93869972,31.28781839,30.90544942,31.28781839,36012800
12/13/2013,30.49815178,31.12989507,30.43996531,31.10495575,40066100
12/16/2013,30.6644001,30.75583688,30.37346778,30.53140201,31734200
12/17/2013,30.35684776,30.84727889,30.1989135,30.70596661,45687700
12/18/2013,30.40672112,30.4233431,29.53391772,30.22384754,63192100
12/19/2013,30.13240814,30.38177916,29.99109906,30.34852885,34160100
12/20/2013,30.58959007,30.69765201,30.08253385,30.09084801,62649100
12/23/2013,30.43996239,30.66439723,30.38177593,30.59789978,25128700
12/24/2013,30.82234573,30.8971542,30.45659852,30.52309917,14243000
12/26/2013,31.12158775,31.16315224,30.89715284,30.92209216,17612800
12/27/2013,30.99689865,31.27120583,30.8971477,31.23795869,14563000
12/30/2013,30.99689865,31.07171028,30.67271599,30.93871218,16290500
12/31/2013,31.09663391,31.23794611,30.93869973,31.08832292,17503500
1/2/2014,30.88883972,31.08833847,30.83896424,31.04677398,30632200
1/3/2014,30.68102074,30.93870588,30.42333559,30.92208072,31134800
1/6/2014,30.03266907,30.66440938,30.01604391,30.63115905,43603700
1/7/2014,30.26541138,30.33191202,30.09916295,30.19891391,35802800
1/8/2014,29.72509766,30.04096928,29.57547759,29.92459636,59971700
1/9/2014,29.53391457,29.84978621,29.4258558,29.82485006,36516300
1/10/2014,29.95783615,30.04927289,29.71677623,29.84146327,40548800
1/13/2014,29.07674408,29.94123353,28.95206011,29.91629737,45901900
1/14/2014,29.74172211,29.82484789,28.78579943,28.86892203,41623300
1/15/2014,30.55634308,30.5812824,29.79991574,29.84148023,44812600
1/16/2014,30.6644001,30.75583688,30.18228323,30.4981517,38018700
1/17/2014,30.24046516,30.61452322,30.04928064,30.61452322,46267500
1/21/2014,30.06591606,30.60622273,29.97448243,30.60622273,31567300
1/22/2014,29.86640739,30.19058999,29.71678417,30.14071452,21904300
1/23/2014,29.97447586,30.03266233,29.52560609,29.99941201,43954000
1/24/2014,30.59790993,31.21302504,30.36516084,31.1299024,76395500
1/27/2014,29.94953728,30.66440326,29.90797597,30.6477781,44420800
1/28/2014,30.14904404,30.24879185,29.7167993,30.0243569,36205500
1/29/2014,30.47321892,30.6560925,29.84147873,29.90797619,52745900
1/30/2014,30.63946342,30.65608858,30.11578208,30.58127696,35036300
1/31/2014,31.45407295,31.49563425,30.39008842,30.71427101,93162300
2/3/2014,30.32357407,31.57874573,30.28201278,31.37093614,64063100
2/4/2014,30.2155304,30.91377114,30.13240778,30.73090076,54697900
2/5/2014,29.77498245,30.3152891,29.75835729,30.16566582,55814400
2/6/2014,30.07421875,30.13240521,29.66691036,29.75834713,35351800
2/7/2014,30.39008522,30.41502136,29.93290144,30.19058656,33260500
2/10/2014,30.58959007,30.58959007,30.16565964,30.44828099,26767000
2/11/2014,30.89714622,30.97195785,30.63946421,30.65608937,32141400
2/12/2014,31.14651871,31.25457747,31.00520646,31.04676777,27051800
2/13/2014,31.26289368,31.47070339,31.03014781,31.03014781,37635500
2/14/2014,31.2712059,31.404204,31.03014904,31.08002134,31407500
2/18/2014,31.33820534,31.63969581,31.32983202,31.51407691,32834000
2/19/2014,31.4135704,31.61456507,31.16232947,31.17070597,29750400
2/20/2014,31.61457443,31.7150702,31.32146045,31.46382919,27526100
2/21/2014,31.80718613,32.11704987,31.70669038,31.77368648,38021300
2/24/2014,31.56432152,31.80718919,31.43870262,31.56432152,32085100
2/25/2014,31.43870544,31.69831977,31.27958369,31.49732824,30736500
2/26/2014,31.38007545,31.60619327,31.14558113,31.47219788,41041800
2/27/2014,31.70668983,31.73181297,31.17908159,31.36332645,33903400
2/28/2014,32.08355713,32.20917603,31.6731944,31.8071898,41215000
3/3/2014,31.63968658,31.93280366,31.39682217,31.75693214,29717500
3/4/2014,32.16730118,32.22592397,31.88256055,31.99143281,26802400
3/5/2014,31.91605186,32.05004723,31.76530668,32.03329741,20520100
3/6/2014,31.9495697,32.02494234,31.73182511,31.94119319,23582200
3/7/2014,31.74019814,32.12543459,31.56432654,32.05843528,26591600
3/10/2014,31.67319489,31.83231344,31.58944895,31.8155668,19006600
3/11/2014,31.84068298,32.01655132,31.58944204,31.71506092,25216400
3/12/2014,32.05006027,32.18405569,31.64807401,31.65644733,30494100
3/13/2014,31.73181152,32.20079696,31.52244354,32.17567063,32169700
3/14/2014,31.57268143,31.9411678,31.41355977,31.53080848,27195600
3/17/2014,31.86581612,32.16730662,31.64807475,31.7401972,20479600
3/18/2014,33.12202835,33.41514557,32.00819187,32.04168833,64063900
3/19/2014,32.88753128,33.12202246,32.5860408,33.05502635,35597200
3/20/2014,33.77524185,34.04323259,32.86239739,32.8707707,59269800
3/21/2014,33.63286972,34.28609675,33.50724766,34.10185511,80721800
3/24/2014,33.91760635,34.03485189,33.38162494,33.783611,46098400
3/25/2014,33.78361893,34.32797698,33.46537869,34.0516097,43193100
3/26/2014,33.32300949,34.09348215,33.16388778,33.90086398,41977500
3/27/2014,32.96289444,33.47375281,32.94614462,33.28113466,35369200
3/28/2014,33.75011826,34.03485884,33.23088655,33.32300898,43472700
3/31/2014,34.32798004,34.75508937,33.83387141,33.85899455,46886300
4/1/2014,34.68807983,34.8304517,34.39496599,34.46196526,32605000
4/2/2014,34.62946701,34.88908449,34.47872179,34.70483962,28666700
4/3/2014,34.34472656,34.5792209,34.09348559,34.5792209,30139600
4/4/2014,33.39001083,34.66296877,33.19739264,34.5457232,51409600
4/7/2014,33.33139801,33.72501103,33.28115172,33.46539345,37559600
4/8/2014,33.34814072,33.44026316,32.82890888,33.28951792,35918600
4/9/2014,33.89249039,33.95948648,33.39838182,33.44025477,27398700
4/10/2014,32.96289444,34.0767304,32.73677664,33.86736243,45960800
4/11/2014,32.83727264,33.32300788,32.66140431,32.66140431,34330200
4/14/2014,32.81215668,33.00477487,32.57766551,32.75353389,32006600
4/15/2014,33.28951263,33.46538099,32.70328158,32.94614924,33968700
4/16/2014,33.83387375,33.85062038,33.42351102,33.54913311,30615800
4/17/2014,33.50725555,33.66637729,33.08851953,33.50725555,36688400
4/21/2014,33.44863129,33.62450284,33.3230124,33.60775301,22221200
4/22/2014,33.49050903,33.61612793,33.35651363,33.4653827,27056700
4/23/2014,33.23925781,33.49050193,33.05501617,33.49050193,24602800
4/24/2014,33.38162231,33.47374471,32.91263701,33.28112661,42381600
4/25/2014,33.42350006,34.06835374,33.2895047,33.74174025,56876800
4/28/2014,34.22746658,34.57920635,33.5742397,33.61611264,50610200
4/29/2014,33.92599869,34.49548006,33.82550291,34.42010743,29636200
4/30/2014,33.83387375,33.91761968,33.64125236,33.83387375,35458700
5/1/2014,33.49887085,33.8003612,33.4569979,33.69986548,28787400
5/2/2014,33.23925781,33.78361581,33.21413468,33.75849268,43416600
5/5/2014,33.02152634,33.19739472,32.91265407,33.09689896,22460900
5/6/2014,32.71165466,32.95451909,32.61953224,32.90427282,27112400
5/7/2014,33.013134,33.08850659,32.25103486,32.84564221,41744500
5/8/2014,33.19738388,33.41512835,32.63627927,32.94614296,32120400
5/9/2014,33.11362839,33.37324254,32.97125655,33.11362839,29647600
5/12/2014,33.47377014,33.51564312,33.20577925,33.28115189,22782600
5/13/2014,34.08942413,34.15689609,33.6086977,33.66773406,27004800
5/14/2014,33.93761826,34.11472731,33.77737397,33.988219,18818700
5/15/2014,33.39785004,34.07255668,33.3219457,33.81110769,37793200
5/16/2014,33.59182739,33.60025978,33.11953343,33.4568835,29867100
5/19/2014,33.52435684,33.58339319,33.27977586,33.40628415,24537400
5/20/2014,33.46530914,33.68458647,33.27976457,33.46530914,21320900
5/21/2014,34.03038406,34.03038406,33.51592493,33.56652568,22398700
5/22/2014,33.81953812,34.03038313,33.60869311,33.97978238,20201800
5/23/2014,33.83641052,34.04725556,33.73520581,34.04725556,18020000
5/27/2014,33.89545059,33.95448695,33.57496842,33.95448695,26160600
5/28/2014,33.74364471,33.89545343,33.58340361,33.85328506,25711500
5/29/2014,34.0219574,34.03038978,33.65930365,33.86171632,19888200
5/30/2014,34.52797699,34.55328058,33.94604593,34.11472258,34567600
6/2/2014,34.40147018,34.65448354,34.30869787,34.53641085,18504300
6/3/2014,33.97978973,34.3087075,33.94605375,34.24123554,18068900
6/4/2014,34.00507355,34.04724189,33.61711961,33.91230125,23209000
6/5/2014,34.75568771,34.78942368,34.072552,34.23279303,31865200
6/6/2014,34.98340225,35.13521091,34.78099285,34.98340225,24060500
6/9/2014,34.80629349,34.98340252,34.59544848,34.90749819,15019200
6/10/2014,34.67136002,34.71352838,34.46051497,34.60388806,15117700
6/11/2014,34.46051788,34.63762697,34.38461353,34.51955424,18040000
6/12/2014,34.2243576,34.47737093,33.97977666,34.41833459,29818900
6/13/2014,34.77255249,35.05930178,34.46050283,34.6629122,26310000
6/16/2014,35.00027847,35.09305081,34.61232435,34.61232435,24205300
6/17/2014,35.15207291,35.34604989,34.02194376,34.82315528,22518600
6/18/2014,35.12678146,35.2026858,34.7303918,35.09304549,27097000
6/19/2014,35.00870514,35.22798576,34.85689969,35.0593091,19828200
6/20/2014,35.15207291,35.27858117,34.89905959,34.95809592,47764900
6/23/2014,35.41352463,35.42195701,35.16050808,35.19424404,18743900
6/24/2014,35.21113205,35.37137317,35.05089093,35.27860403,26509100
6/25/2014,35.44726944,35.46413743,34.96654297,35.16895564,20049100
6/26/2014,35.18581772,35.37135915,34.94123672,35.36292676,23604400
6/27/2014,35.63281631,35.6665523,35.0087135,35.09305346,74640000
6/30/2014,35.16896439,35.59908699,35.16896439,35.565351,30793100
7/1/2014,35.31233215,35.54848082,35.16052344,35.30389977,26917000
7/2/2014,35.33763123,35.33763123,35.02557824,35.19425492,20208100
7/3/2014,35.25330734,35.41355171,35.05089781,35.34607972,15969300
7/7/2014,35.41352463,35.5231617,35.17737606,35.21111203,21952400
7/8/2014,35.23640442,35.42194899,35.09303141,35.31230872,31218200
7/9/2014,35.14364624,35.41353082,35.02557354,35.40509522,18445900
7/10/2014,35.16053009,35.42197919,34.62076711,34.8906486,21854700
7/11/2014,35.49785995,35.49785995,34.9833977,35.16894231,24083000
7/14/2014,35.54004288,35.80149191,35.45570614,35.60751484,21881100
7/15/2014,35.80148315,35.81835114,35.44726187,35.70027845,28748700
7/16/2014,37.1762085,37.3701856,35.82679796,35.85209835,63318000
7/17/2014,37.55571365,38.5509024,37.31956826,38.33162499,82180300
7/18/2014,37.69066238,37.81717071,37.31957623,37.65692962,43407500
7/21/2014,37.81716156,38.08704292,37.29426683,37.58101618,37604400
7/22/2014,37.80874252,38.07862398,37.60632982,37.95211564,43095800
7/23/2014,37.84246826,38.33163032,37.63162321,38.33163032,52362900
7/24/2014,37.44607544,37.95210218,37.37860349,37.89306584,30725300
7/25/2014,37.53041458,37.66535527,37.36173792,37.36173792,26737700
7/28/2014,37.08343124,37.53885414,37.04969526,37.41234903,29684200
7/29/2014,37.01594543,37.18462207,36.80510045,37.03281342,27763100
7/30/2014,36.75449371,37.19304838,36.5099128,37.16774802,31921400
7/31/2014,36.40028381,36.84727422,36.33281508,36.58582846,31537500
8/1/2014,36.14727783,36.47619561,35.92799717,36.44245963,31170300
8/4/2014,36.57738495,36.66172487,36.10509427,36.24003492,34277400
8/5/2014,36.33281326,36.65329536,36.12196826,36.52679028,26266400
8/6/2014,36.04605865,36.40870906,35.59906512,36.04605865,24634000
8/7/2014,36.45932388,36.64486855,35.97016506,36.13040614,30314900
8/8/2014,36.43402863,36.53523336,36.18944757,36.459329,28942700
8/11/2014,36.43402863,36.64487369,36.28221992,36.48462938,20351600
8/12/2014,36.70389557,36.76293191,36.26533761,36.29907358,21431100
8/13/2014,37.1762085,37.26054525,36.70391433,36.83885506,22889500
8/14/2014,37.33644867,37.46295379,37.11716798,37.17620756,19313200
8/15/2014,37.77500153,37.86777387,37.44608375,37.59789245,41611300
8/18/2014,38.0448761,38.0448761,37.68222241,37.90149981,26891100
8/19/2014,38.46921158,38.47769663,38.04488762,38.16369781,28139500
8/20/2014,38.14672089,38.52861306,38.10428914,38.47769302,24770500
8/21/2014,38.37585068,38.40130907,38.04487859,38.05336364,22285500
8/22/2014,38.31645203,38.58801908,38.24855864,38.48617901,18294500
8/25/2014,38.3334198,38.5625551,38.22309792,38.52861164,16910000
8/26/2014,38.19763184,38.52860716,38.13822676,38.45222874,14873100
8/27/2014,38.07882309,38.1891482,37.98547132,38.10428472,21287900
8/28/2014,38.08731461,38.17217809,37.85817931,37.97698948,17657600
8/29/2014,38.55407333,38.56255839,38.0703443,38.26553293,21607600
9/2/2014,38.26552963,38.57952841,38.06185274,38.55407002,22976800
9/3/2014,38.15519714,38.28249558,37.7902784,37.7902784,33684500
9/4/2014,38.40979767,38.41828596,37.95153032,37.96850367,26475500
9/5/2014,38.96142197,38.97839531,38.28250435,38.28250435,36939400
9/8/2014,39.43666077,39.71671283,39.02931025,39.05476864,45736700
9/9/2014,39.68276978,39.86098827,39.39422939,39.43666437,40302400
9/10/2014,39.75065613,39.8355196,39.27541228,39.73368279,27302400
9/11/2014,39.88644791,39.88644791,39.43666559,39.6658009,29216400
9/12/2014,39.63184738,39.90341438,39.54698067,39.81006262,38244700
9/15/2014,39.24146652,39.64032869,39.12265314,39.49606016,37667600
9/16/2014,39.68276978,39.75914821,39.28390751,39.368771,27910600
9/17/2014,39.47909546,39.62336403,39.23298682,39.25844522,38311900
9/18/2014,39.61486816,39.74216659,39.42816467,39.53848975,35556600
9/19/2014,40.32774353,40.37017527,39.54698588,39.72520437,202522400
9/22/2014,39.93736649,40.20893352,39.86947311,40.14104014,38686100
9/23/2014,39.51303482,39.86946527,39.4366564,39.75914017,33430300
9/24/2014,39.95433044,39.97978884,39.3263298,39.57243838,26582700
9/25/2014,39.07174683,39.9628264,39.06325853,39.78461113,33077400
9/26/2014,39.385746,39.56396127,38.83412361,38.97839543,27078800
9/29/2014,39.41119003,39.51303007,38.83410945,39.02081295,26091000
9/30/2014,39.3433075,39.44514431,39.04627886,39.35179255,33033100
10/1/2014,38.95294189,39.48758777,38.91050691,39.26694073,38088400
10/2/2014,38.83412552,39.12266593,38.73228868,38.89353385,25119400
10/3/2014,39.11417389,39.29238913,38.70682337,39.02082212,32453200
10/6/2014,39.11417389,39.29238913,38.96990209,39.13963229,20604000
10/7/2014,38.63892746,38.97838782,38.5455757,38.91898275,25723700
10/8/2014,39.69974899,39.79310078,38.47769714,38.59650734,33031000
10/9/2014,38.91050339,39.71671951,38.81715484,39.4621258,34422800
10/10/2014,37.36595154,39.13962509,37.29806142,38.69832797,51978100
10/13/2014,37.04347229,37.81574154,36.90768879,37.18774084,37100200
10/14/2014,37.11136627,37.66298861,36.96709771,37.23017644,38115700
10/15/2014,36.67855072,36.82281926,35.72806307,36.49184721,60218700
10/16/2014,36.27119827,36.55973857,35.82990115,36.09297982,49040400
10/17/2014,37.0265007,37.28957942,36.31363649,36.66158193,40683300
10/20/2014,37.40840149,37.45931829,36.33061825,36.54278023,34527900
10/21/2014,38.08731461,38.17217809,37.50174555,37.64601736,36433800
10/22/2014,37.66299057,38.24855639,37.5356921,38.1891513,33570900
10/23/2014,38.20612335,38.57104216,37.79028452,37.86666295,45451900
10/24/2014,39.14811325,39.80157227,38.34189741,39.7421672,61076700
10/27/2014,38.96142197,39.12266389,38.79169175,38.79169175,30371300
10/28/2014,39.45363998,39.46212504,38.8426125,38.91899093,29049800
10/29/2014,39.56396866,39.63186205,39.32634826,39.41121176,30276100
10/30/2014,39.08022308,39.30935833,38.84260278,39.30935833,30073900
10/31/2014,39.84400558,39.86097893,39.44514018,39.8355173,35849700
11/3/2014,40.25984955,40.27682289,39.6573104,39.79309392,23130400
11/4/2014,40.37017059,40.50595409,40.09860359,40.14103533,21530800
11/5/2014,40.61627579,40.65022247,40.10708527,40.56535576,22449600
11/6/2014,41.32915115,41.46493468,40.55688174,40.61628683,33037800
11/7/2014,41.31217957,41.51585325,40.98120741,41.51585325,28000600
11/10/2014,41.49039459,41.71104486,41.20185418,41.28672091,36370100
11/11/2014,41.47341156,41.54130493,41.28671127,41.45643822,23445200
11/12/2014,41.39702988,41.51584003,41.17638292,41.2103296,22722100
11/13/2014,42.10142517,42.13537187,41.33764072,41.42250746,26210400
11/14/2014,42.07594681,42.47480895,41.9147017,42.21173029,29081700
11/17/2014,41.97410965,42.18627155,41.70254268,41.93167792,30318600
11/18/2014,41.62397766,42.12783799,41.58981687,41.95703727,23995500
11/19/2014,41.17989349,41.63251259,40.93223264,41.55565243,26177500
11/20/2014,41.58982468,41.58982468,40.8810027,40.99202368,21510600
11/21/2014,40.97492981,41.88870978,40.62478985,41.86309081,42884800
11/24/2014,40.64187622,40.99201623,40.4710755,40.98347766,35434200
11/25/2014,40.53939819,40.96639837,40.5223178,40.70165709,28008000
11/26/2014,40.77850723,40.9834687,40.37712612,40.55646863,27163600
11/28/2014,40.82975769,41.1628173,40.65895697,40.94931722,21534400
12/1/2014,41.521492,41.65813192,40.74435189,40.88953363,31191600
12/2/2014,41.38485336,41.88871367,41.16281472,41.70937439,25773500
12/3/2014,41.0603447,41.41902333,40.82976418,41.36778213,23534800
12/4/2014,41.7093811,41.89726224,41.16282135,41.32508026,30320400
12/5/2014,41.35070801,41.82041095,41.31655046,41.69230956,27313400
12/8/2014,40.73580933,41.29090749,40.52230928,41.21404734,26663100
12/9/2014,40.64187622,40.92369464,40.18071526,40.23195645,24330500
12/10/2014,40.0526123,40.70165105,39.88181161,40.63333272,30431800
12/11/2014,40.28319931,40.76998256,39.86474092,40.2063424,29060400
12/12/2014,40.09531021,40.76142933,39.85618794,39.95012848,34248400
12/15/2014,39.85619736,40.71019776,39.75371822,40.30881979,29247800
12/16/2014,38.56664658,39.57436701,38.54102761,39.19860812,47801400
12/17/2014,39.06197739,39.24131668,38.34461696,38.47271506,34970900
12/18/2014,40.58209229,40.58209229,39.57437173,39.77933322,40105600
12/19/2014,40.70164871,41.07740762,40.28318719,40.67602975,64551200
12/22/2014,40.97492981,41.09448932,40.74434936,40.80412912,26566000
12/23/2014,41.37633133,41.67523025,41.10305139,41.30800971,23648100
12/24/2014,41.1115799,41.53858011,41.06034195,41.53858011,11437800
12/26/2014,40.88952637,41.34214539,40.83828519,41.34214539,13197800
12/29/2014,40.52229691,40.80411519,40.36003484,40.73579689,14439500
12/30/2014,40.15509415,40.66749302,40.00137383,40.51377271,16384700
12/31/2014,39.6683197,40.51377828,39.6683197,39.90743877,21552500
1/2/2015,39.93305588,40.49669599,39.74517801,39.84765714,27913900
1/5/2015,39.56583405,39.9074322,39.49751246,39.59999158,39673900
1/6/2015,38.98513031,39.92452971,38.89118972,39.60855038,36447900
1/7/2015,39.4804306,39.67685027,38.84847225,39.26693054,29114100
1/8/2015,40.64187622,40.77851614,39.89889684,39.92451581,29645200
1/9/2015,40.30026245,40.83828341,40.0526049,40.65894418,23944200
1/12/2015,39.79641342,40.5991758,39.59145517,40.49669342,23651900
1/13/2015,39.59145737,40.91515728,39.33525791,40.11239811,35270600
1/14/2015,39.24984741,39.48896968,38.95948722,39.24984741,29719600
1/15/2015,38.83994675,39.60854859,38.78016697,39.47190862,32750800
1/16/2015,39.48897552,39.52313306,38.5751922,38.69475498,35695300
1/20/2015,39.61708832,39.8391303,38.91680807,39.54022813,36161900
1/21/2015,39.21567917,39.40356021,38.83992033,39.23275956,39081100
1/22/2015,40.24904251,40.25758108,39.35234268,39.60854217,35898000
1/23/2015,40.29174423,40.47108356,39.96722313,40.44546458,26211600
1/26/2015,40.14654922,40.2490316,39.48897192,40.13801066,42525500
1/27/2015,36.43164825,36.89280914,35.9619488,36.67930909,169164000
1/28/2015,35.17626572,36.54266794,35.15064675,36.49996858,84507100
1/29/2015,35.87655258,35.97049314,34.83467439,34.95423392,63585300
1/30/2015,34.50161362,35.50933424,34.458911,35.48371201,78004900
2/2/2015,35.25313187,35.32999202,34.35643219,34.66387282,50352500
2/3/2015,35.52640915,35.8082308,35.05670966,35.55203137,52082400
2/4/2015,35.73137665,36.04735588,35.32145685,35.81677538,41614800
2/5/2015,36.25231552,36.41457442,35.74845518,36.05589583,36548200
2/6/2015,36.21815872,36.5426798,35.99612004,36.44873923,34616600
2/9/2015,36.17544937,36.49997036,36.04734804,36.07297026,31381100
2/10/2015,36.3803978,36.52557949,36.02171937,36.49996053,29670700
2/11/2015,36.19253159,36.42311204,36.04734985,36.42311204,38262500
2/12/2015,36.79888153,36.79888153,36.30355968,36.43166106,33268800
2/13/2015,37.46500397,37.46500397,36.85012577,37.04654551,40264900
2/17/2015,37.48219681,37.84342795,37.14676367,37.81762667,33695700
2/18/2015,37.4391861,37.58540103,37.31877573,37.52519585,27111700
2/19/2015,37.41339111,37.4391924,37.02635538,37.13816643,27603400
2/20/2015,37.72301483,37.74021678,37.23277072,37.42198562,29721100
2/23/2015,37.97244263,38.00684325,37.54240365,37.5854069,32518800
2/24/2015,37.92082214,38.10143766,37.77460724,37.97242798,25271700
2/25/2015,37.83483505,37.92084155,37.67141812,37.80043114,29759800
2/26/2015,37.89504242,38.04125412,37.74882744,37.83483721,28957300
2/27/2015,37.71441269,38.01544191,37.55099908,37.95523672,33807700
3/2/2015,37.74022675,38.00684885,37.45639941,37.55960786,31924000
3/3/2015,37.22416687,37.69721229,37.06075327,37.46499089,31748600
3/4/2015,37.03495407,37.16396378,36.88013979,36.99194755,25748700
3/5/2015,37.07795715,37.18976819,36.82853379,37.04355325,23193500
3/6/2015,36.4329071,37.07796565,36.2522915,36.98335654,36248800
3/9/2015,36.8543396,37.09516366,36.28668827,36.28668827,32108000
3/10/2015,36.14906693,36.73392006,36.14906693,36.42429154,39159700
3/11/2015,36.10607529,36.44150519,35.98566489,36.38990261,32215300
3/12/2015,35.28039551,35.8222455,35.14278318,35.54702084,59992500
3/13/2015,35.59001923,35.66742636,34.92775895,35.00516608,58007700
3/16/2015,35.74484253,35.81364706,35.50401846,35.66743538,35273500
3/17/2015,35.86524582,35.97705685,35.39220367,35.58141856,31673400
3/18/2015,36.55330276,36.83712998,35.54701342,35.63301988,44194800
3/19/2015,36.37269592,36.63071864,36.31249073,36.34689135,33879100
3/20/2015,36.88014603,36.96615252,36.54471613,36.60492133,71904500
3/23/2015,36.8629303,37.09515167,36.79412251,36.88013225,26246100
3/24/2015,36.89733887,37.12955699,36.76832589,36.79412717,25513300
3/25/2015,35.65883255,36.92314824,35.6416306,36.91454562,43469900
3/26/2015,35.44382095,35.78785354,35.19439749,35.45242357,37495600
3/27/2015,35.23738861,35.63302361,35.11697824,35.36639831,34401400
3/30/2015,35.22879791,35.72764478,35.18579466,35.34920832,35049700
3/31/2015,34.97076797,35.28899589,34.86755954,35.07397641,34887200
4/1/2015,35.02236176,35.05676237,34.66973006,34.91915008,36865300
4/2/2015,34.65253448,35.03957014,34.50631956,34.97076234,37487500
4/6/2015,35.73622894,35.93404643,34.55792337,34.69553568,39223700
4/7/2015,35.71903992,36.04587049,35.52982498,35.78784773,28809400
4/8/2015,35.62442398,35.8566454,35.29759675,35.65882788,24753400
4/9/2015,35.67602921,35.79643958,35.47821169,35.47821169,25723900
4/10/2015,35.88244247,36.08025995,35.61581721,35.80503535,28022000
4/13/2015,35.91685104,36.17487703,35.59862314,35.60722576,30276700
4/14/2015,35.82225037,36.14907765,35.59862825,35.9512601,24244400
4/15/2015,36.34688568,36.51890189,35.84804227,35.91684679,27343600
4/16/2015,36.2608757,36.41568995,35.96844915,36.08026017,22509700
4/17/2015,35.79644012,35.89965183,35.40080509,35.83944336,42387600
4/20/2015,36.90593719,37.12955597,35.84804193,35.89104516,46057700
4/21/2015,36.67372131,37.11236288,36.57911222,36.98334988,26013800
4/22/2015,36.97475815,37.09516855,36.59632169,36.69953014,25064300
4/23/2015,37.27577591,37.50799733,36.81133306,36.8887402,46309500
4/24/2015,41.17193222,41.40415367,39.26256132,39.27116066,130933700
4/27/2015,41.30953217,41.39554191,40.61287131,40.62147064,59248200
4/28/2015,42.28142166,42.32442489,41.02570895,41.09451346,60730800
4/29/2015,42.1954155,42.41043493,41.71377078,41.90298893,47804600
4/30/2015,41.83418655,42.60825794,41.79978265,41.88579241,64725500
5/1/2015,41.85138321,42.04060136,41.62776444,41.7825787,38937300
5/4/2015,41.49015045,42.03199705,41.43854461,41.60195819,34039500
5/5/2015,40.9397049,41.42134968,40.69028481,41.12892307,50369200
5/6/2015,39.80441284,41.08593064,39.58079398,40.91391436,52433000
5/7/2015,40.16563416,40.50106397,39.70119135,39.79580044,32971700
5/8/2015,41.06871796,41.26653547,40.87090044,40.89670173,35364900
5/11/2015,40.74190521,41.20634825,40.74190521,40.89671956,24609400
5/12/2015,40.7246933,41.00852062,39.92482047,40.29465428,29928300
5/13/2015,40.96550751,41.55896002,40.91390166,41.44714899,34184600
5/14/2015,41.90298843,41.9889949,41.30953269,41.30953269,32980900
5/15/2015,41.54175186,42.06639978,41.32673244,42.03199588,28642700
5/18/2015,41.29233932,41.47295818,40.94831013,41.26653804,24136500
5/19/2015,41.18845367,41.38755677,40.84218542,41.17113993,28574800
5/20/2015,41.18845367,41.49143592,40.92009561,41.02397477,25047900
5/21/2015,41.04994583,41.20576622,40.69502234,40.92875293,22410700
5/22/2015,40.59981918,40.98936703,40.53056418,40.94608431,25720600
5/26/2015,40.33144379,40.58248812,39.98517551,40.53920541,29581900
5/27/2015,41.21442795,41.35293461,40.35741572,40.53054987,27335600
5/28/2015,41.0759201,41.56935027,41.02397887,41.11920282,19283700
5/29/2015,40.56517792,41.17980102,40.33144731,41.05860811,36519600
6/1/2015,40.88547897,41.35294025,40.35742123,40.73831707,28837300
6/2/2015,40.61711884,40.98935614,40.35741924,40.62577736,21498300
6/3/2015,40.55651855,41.32696536,40.53054959,41.00666602,28002200
6/4/2015,40.13234711,40.82488047,39.99384043,40.50458441,27745500
6/5/2015,39.94190216,40.27085677,39.68220254,40.08906737,25438100
6/8/2015,39.58696747,40.19293527,39.53502624,40.08039759,22121600
6/9/2015,39.5177269,39.76876799,39.35324794,39.61294756,24406100
6/10/2015,40.34875107,40.53919892,39.55233548,39.63890419,28417400
6/11/2015,40.20159912,40.61711914,39.9332443,40.39204704,27347800
6/12/2015,39.79473495,40.22756869,39.7341385,40.01115182,23931000
6/15/2015,39.37056351,39.51772872,38.97235719,39.34459453,33254500
6/16/2015,39.67354584,40.0284694,39.21473979,39.2580225,27070300
6/17/2015,39.79473495,39.88130038,39.26667727,39.58697331,28704100
6/18/2015,40.44399643,40.51324813,39.96787655,40.01116257,32658300
6/19/2015,39.90726471,40.5392048,39.81204407,40.50457731,63837000
6/22/2015,40.01982117,40.44399983,39.95922469,40.10638993,20318100
6/23/2015,39.74279404,40.06309008,39.49174967,39.93324194,25896500
6/24/2015,39.50907135,40.03712915,39.43116113,39.53504032,34890900
6/25/2015,39.5177269,39.87265048,39.38787544,39.84667821,20616000
6/26/2015,39.18011475,40.06309611,38.98101159,39.51772789,49835300
6/29/2015,38.40966415,39.1541387,38.40100893,38.98966307,34081700
6/30/2015,38.21923065,38.71266098,38.03743792,38.70400246,35945400
7/1/2015,38.47892761,39.15414732,38.17594195,38.48758284,28343900
7/2/2015,38.43564987,38.73863227,38.1413227,38.50490158,21752000
7/6/2015,38.42698288,38.50489309,38.04609034,38.05474556,23034000
7/7/2015,38.34907532,38.51355428,37.50072144,38.38370282,36435800
7/8/2015,38.29713058,38.86847099,38.11533791,38.47026144,39785900
7/9/2015,38.53952789,39.14549597,38.52221414,38.73863108,32424700
7/10/2015,38.61741638,39.07621897,38.5827889,38.9636813,25465800
7/13/2015,39.42250824,39.49175994,38.91176416,38.93773313,28178300
7/14/2015,39.49175262,39.78607972,39.2233978,39.34459073,22880300
7/15/2015,39.61294174,39.72547944,39.3272732,39.54369006,26629600
7/16/2015,40.39204788,40.41801685,39.79473846,39.82936265,26271700
7/17/2015,40.35742188,40.49592856,40.04578102,40.29682541,29467100
7/20/2015,40.61711884,40.79891153,40.20159882,40.38339151,30631900
7/21/2015,40.92876434,40.97205037,40.2362309,40.49593053,42781900
7/22/2015,39.42250824,40.62578583,39.12818109,39.33593949,59152400
7/23/2015,39.91592407,40.01980323,39.04159815,39.18876333,33934000
7/24/2015,39.7687645,40.09771908,39.64757157,39.74279553,32333200
7/27/2015,39.25801468,39.82935502,39.17144926,39.76875857,39701400
7/28/2015,39.24936676,39.50906636,38.77325027,39.45712842,34328900
7/29/2015,40.07175064,40.49592588,39.18011084,39.30130707,40945900
7/30/2015,40.58248901,41.03263646,39.76010432,40.04577284,39777900
7/31/2015,40.42667389,41.00666954,40.25353972,40.93741786,31201500
8/3/2015,40.52190781,40.68638349,40.21026689,40.66906974,24125900
8/4/2015,41.15383911,41.30100102,40.40936444,40.4699609,33403900
8/5/2015,41.18845367,41.90695585,41.15382619,41.53471863,26959700
8/6/2015,40.35742188,41.35294092,40.10638079,41.30099967,27368000
8/7/2015,40.46130753,40.49593172,40.04578415,40.15832187,19163000
8/10/2015,40.97204971,41.1105564,40.54787113,40.6430951,23079900
8/11/2015,40.17563248,40.63443524,39.73414346,40.53055605,29237400
8/12/2015,40.46130753,40.59981422,39.5696676,39.98518768,30181400
8/13/2015,40.45263672,40.77293273,40.24487839,40.73830854,22627200
8/14/2015,40.68636322,40.77292863,40.27084331,40.27949853,21473400
8/17/2015,40.96337891,41.07591659,40.31412839,40.52189001,21099700
8/18/2015,41.18994141,41.32936142,40.69325738,40.81524948,23574100
8/19/2015,40.6148262,41.02437389,40.34469851,40.76295849,31485500
8/20/2015,39.78702545,40.49284116,39.78702545,40.14428946,36238200
8/21/2015,37.53017426,39.63019085,37.53017426,39.47334286,70053100
8/24/2015,36.31895828,37.19904673,34.61106182,35.24716601,88753700
8/25/2015,35.26459122,37.67830337,35.19487953,37.09447967,70616600
8/26/2015,37.21646881,37.32974862,35.77870038,36.60650494,63408000
8/27/2015,38.25341034,38.29697848,37.4081745,37.66958665,50943200
8/28/2015,38.27954483,38.4712486,37.80900103,37.81771665,28246700
8/31/2015,37.9222908,38.27955489,37.55631109,37.95714665,34441700
9/1/2015,36.44094849,37.11190849,36.30152844,36.74592879,49688900
9/2/2015,37.78286743,37.80029535,36.49323123,36.91149135,37671500
9/3/2015,37.90486145,38.32312159,37.71315764,37.82643747,28285200
9/4/2015,37.12933731,37.50402931,36.77207323,37.3036132,37138800
9/8/2015,38.24468613,38.340538,37.64343798,37.73057423,32469800
9/9/2015,37.53017426,38.68910625,37.39075419,38.52354263,33469500
9/10/2015,37.72186279,38.15755073,37.25131902,37.57372716,31366600
9/11/2015,37.88744354,37.98329547,37.41689951,37.59117545,27132500
9/14/2015,37.50402832,37.85257677,37.34718036,37.84386447,23656000
9/15/2015,38.32312393,38.59325174,37.53888737,37.63473595,28882200
9/16/2015,38.60196304,38.67167473,38.20113081,38.31441064,23372200
9/17/2015,38.55840302,39.21193527,38.41027063,38.59325887,32768200
9/18/2015,37.88744354,38.33184735,37.75673908,37.90487147,63143700
9/21/2015,38.43639374,38.75008961,37.99199014,38.00941806,26177200
9/22/2015,38.25341034,38.38411475,37.73929833,37.80029439,28085900
9/23/2015,38.22725677,38.48866886,37.91356094,38.27954052,17145200
9/24/2015,38.26212311,38.45382691,37.70444295,37.86129091,27905600
9/25/2015,38.2882576,38.97664539,38.13140966,38.7588014,29384600
9/28/2015,37.72186279,38.41896283,37.65215113,38.19240657,27613800
9/29/2015,37.85257339,37.96585321,37.51273728,37.79157734,32763600
9/30/2015,38.56709671,38.60195254,38.04427249,38.23597625,34958900
10/1/2015,38.87207413,38.9940662,38.12269042,38.9940662,28657900
10/2/2015,39.70861435,39.70861435,38.27084225,38.57582592,41839000
10/5/2015,40.63227081,40.85882715,39.82189073,39.86545887,34369300
10/6/2015,40.73683929,41.11153134,40.27501095,40.37086287,27017200
10/7/2015,40.78039932,41.2596555,40.03973099,41.04181148,27711500
10/8/2015,41.34679031,41.40778637,40.51898248,40.57126623,33772700
10/9/2015,41.05052185,41.42521378,40.88495829,41.34678981,28600600
10/12/2015,40.95466232,41.01565836,40.51897443,40.93723441,19769100
10/13/2015,40.85882187,41.06795358,40.57126951,40.57126951,19987800
10/14/2015,40.67583847,41.04181485,40.54513072,40.64969825,24697800
10/15/2015,40.96338654,40.98081446,40.54512643,40.96338654,27189400
10/16/2015,41.3990593,41.42520283,40.86752289,40.97208705,26450300
10/19/2015,41.49492645,41.72148609,40.97210215,41.32065058,29387600
10/20/2015,41.62563705,41.6604929,40.97210497,41.33808134,30802200
10/21/2015,41.12896347,41.81735157,41.05053947,41.75635217,25144300
10/22/2015,41.85218048,42.65384798,41.03308839,41.41649256,56637100
10/23/2015,46.06964874,47.11530062,45.52939655,45.57296468,135227100
10/26/2015,47.27214813,47.33314419,45.74724013,45.77338034,64633300
10/27/2015,46.78416824,47.37670409,46.68831969,47.04558366,50999900
10/28/2015,47.03687286,47.03687286,46.06093274,46.65346865,47000800
10/29/2015,46.49663162,46.90617947,46.37463949,46.65347959,30202100
10/30/2015,45.86923218,47.04559177,45.85180426,46.46176812,46619800
11/2/2015,46.39205933,46.49662351,45.85180382,46.0522199,30285000
11/3/2015,47.185009,47.39413737,46.09578907,46.12192928,36596900
11/4/2015,47.4028511,47.82111115,47.10658316,47.21114734,37087800
11/5/2015,47.38542557,47.66426561,47.05430177,47.48127745,31468500
11/6/2015,47.85597992,47.90826369,47.01945955,47.13273939,32851200
11/9/2015,47.19371796,47.81239404,46.67089375,47.53355402,32513100
11/10/2015,46.62733459,47.16759018,46.41820619,47.11530642,55283700
11/11/2015,46.74933243,47.22858865,46.58376883,46.79290057,36516300
11/12/2015,46.46175766,47.03686556,46.34847787,46.60117766,35361100
11/13/2015,46.04350662,46.43562648,45.77337887,46.2439227,36848200
11/16/2015,46.85388184,46.95844601,46.05221429,46.25263367,32165200
11/17/2015,46.46789932,46.95915682,46.36262699,46.64334652,31551300
11/18/2015,47.23987579,47.35391915,46.4766698,46.49421519,29710000
11/19/2015,47.3188324,47.95045305,47.17847262,47.36269755,28149200
11/20/2015,47.53813934,47.6346373,46.73107158,47.59077551,37147600
11/23/2015,47.53813934,47.77499706,47.15215085,47.59077551,28235900
11/24/2015,47.59077454,47.7574507,47.00301911,47.30128066,24600000
11/25/2015,47.09951782,47.57323329,47.09951782,47.45041891,21005100
11/27/2015,47.31006241,47.44165116,47.18724802,47.19601904,9009100
11/30/2015,47.67849731,48.21361991,47.3714614,47.84517682,56241400
12/1/2015,48.4417038,48.45047482,47.63463276,47.73113071,39952800
12/2/2015,48.43293762,49.09087466,48.30135222,48.52943559,47274900
12/3/2015,47.54691696,48.92419822,47.31005923,48.67856946,38627800
12/4/2015,49.04700851,49.32772802,47.45918607,47.47673146,43963700
12/7/2015,48.95927429,49.09963402,48.50310435,48.94172891,30709800
12/8/2015,48.94173431,49.21367943,48.23993561,48.66101483,32878000
12/9/2015,48.23117447,49.01192595,47.81886616,48.57330122,36373200
12/10/2015,48.48556137,48.82768801,48.25747472,48.59083033,31775800
12/11/2015,47.42409897,48.33643571,47.38023383,47.99430901,39549500
12/14/2015,48.37153244,48.43293963,47.09074909,47.66096255,46768900
12/15/2015,48.42417145,49.03824675,48.32767347,48.8277054,39843000
12/16/2015,49.24001312,49.34528212,48.03817895,48.72243581,37503300
12/17/2015,48.86279297,49.81899496,48.71365883,49.44177745,41280900
12/18/2015,47.48550797,49.1259633,47.39778102,48.92419635,84684200
12/21/2015,48.09958267,48.55574938,47.57323106,48.14344447,37246300
12/22/2015,48.55576324,48.66980663,47.81010244,48.2399562,28322200
12/23/2015,48.96805954,49.02069571,48.63470384,48.86279055,27279800
12/24/2015,48.83647537,49.09087852,48.62593738,49.00315491,9558500
12/28/2015,49.08210754,49.08210754,48.2311745,48.55575586,22458300
12/29/2015,49.60845947,49.87163366,49.17860908,49.38037607,27731400
12/30/2015,49.3979187,49.81022368,49.38037331,49.53827848,21704500
12/31/2015,48.66979599,49.29264226,48.61715982,49.16105686,27334100
1/4/2016,48.07326508,48.07326508,46.83634359,47.65218578,53778000
1/5/2016,48.29256821,48.59083307,47.84517258,48.18729924,34079700
1/6/2016,47.41532135,47.7223606,47.05564929,47.65217905,39518900
1/7/2016,45.76609802,46.92407027,45.67837442,46.23104246,56564900
1/8/2016,45.90646362,46.73984789,45.74855846,45.94155106,48754000
1/11/2016,45.88015747,46.36264412,45.14326761,46.0643791,36943800
1/12/2016,46.30121613,46.58193563,45.66959892,46.28367074,36095500
1/13/2016,45.30115509,47.43287124,45.00289018,47.19601352,66883600
1/14/2016,46.59070587,46.86265098,45.23974129,45.61695872,52381900
1/15/2016,44.73094559,45.59064954,44.16073217,45.01166511,71820700
1/19/2016,44.35372925,45.3362476,43.91510456,45.16079706,43564500
1/20/2016,44.55550003,45.07307734,43.07294633,43.84492678,63273000
1/21/2016,44.28355026,45.24852663,44.1256451,44.73972036,40191200
1/22/2016,45.87137985,45.90647064,44.96781054,45.09939931,37555800
1/25/2016,45.43274307,46.18717802,45.3099287,45.56432846,34707700
1/26/2016,45.76609802,46.00295575,45.22220435,45.43274567,28900800
1/27/2016,44.93271255,45.79241651,44.75726202,45.62573699,36775200
1/28/2016,45.66959381,45.80117918,44.95902077,45.4941433,62513800
1/29/2016,48.32765961,48.32765961,47.37145782,48.01184935,83611700
2/1/2016,47.99431992,48.32767567,47.81009832,48.14345407,44208500
2/2/2016,46.49420166,47.59953404,46.18716582,47.52058149,56313800
2/3/2016,45.75733185,46.83634829,44.96780599,46.7135339,57559800
2/4/2016,45.61696243,46.32753555,45.06429445,45.70468602,46987100
2/5/2016,44.00283432,45.61697352,43.47648596,45.56433734,62009000
2/8/2016,43.34489822,43.48525801,42.27465275,43.46771262,59290500
2/9/2016,43.23085022,44.0730122,42.69572754,43.00276684,46740500
2/10/2016,43.60807037,44.20460028,43.44139418,43.76597555,38237000
2/11/2016,43.59052277,43.95896927,42.55536818,42.70450232,48878600
2/12/2016,44.30109406,44.45899921,43.64315701,44.08178171,34243300
2/16/2016,45.14045715,45.14045715,44.29225208,44.97258428,37291200
2/17/2016,46.3155899,46.62483376,45.45855054,45.49389327,40789000
2/18/2016,46.11236572,46.78386404,46.03284627,46.23606527,27176000
2/19/2016,45.78544998,46.19188119,45.52922029,45.91798351,33559100
2/22/2016,46.51880264,46.82804309,46.19188746,46.19188746,25008300
2/23/2016,45.21998978,46.27141075,45.04327949,46.24490539,28895300
2/24/2016,45.37901688,45.50271303,44.35410153,44.78703808,33014500
2/25/2016,46.03284836,46.03284836,44.71636376,45.70593655,26939500
2/26/2016,45.32601547,46.54531276,45.14930518,46.47462729,35975900
2/29/2016,44.95492172,45.63525406,44.76054009,45.37018698,31654000
3/1/2016,46.45695114,46.46578514,44.99025836,45.03443845,33024500
3/2/2016,46.78385925,46.79269325,46.08585564,46.30674261,29289900
3/3/2016,46.25373459,46.80153675,45.75011252,46.80153675,24427800
3/4/2016,45.97099686,46.34208873,45.68826179,46.29791201,33034200
3/7/2016,45.08745956,45.76779202,44.68986561,45.55574236,38407800
3/8/2016,45.63526154,46.05936423,44.70753332,44.88424361,33835100
3/9/2016,46.68667603,46.69551002,45.8207994,45.84730476,28251600
3/10/2016,45.98867416,46.77503137,45.20231696,46.76619737,38387800
3/11/2016,46.88989639,46.88989639,46.28024943,46.8280483,32275700
3/14/2016,46.97824097,47.34933284,46.50112765,46.57180974,24083600
3/15/2016,47.34934616,47.34934616,46.59833157,46.60716557,21104800
3/16/2016,48.02082443,48.2417114,47.18145667,47.22563339,31691700
3/17/2016,48.29473114,48.59513758,47.71158962,47.89713389,28223900
3/18/2016,47.26098251,48.56863311,47.22563979,48.52445301,67625500
3/21/2016,47.58789444,47.64974253,46.76619455,47.04892964,23925700
3/22/2016,47.77343369,47.93247257,47.23446894,47.36700247,23124100
3/23/2016,47.68507767,47.92363599,47.48186207,47.80877382,20129000
3/24/2016,47.89712906,48.00315723,47.47302649,47.57021729,19950000
3/28/2016,47.30516434,47.96782539,47.11962005,47.89713992,17025100
3/29/2016,48.33891296,48.47144652,47.2256439,47.41118819,23924300
3/30/2016,48.63930511,49.16059845,48.50677497,48.53328032,23008300
3/31/2016,48.79834747,49.11642524,48.47143571,48.55095515,26360500
4/1/2016,49.09876251,49.13410524,48.2152145,48.63931714,24399200
4/4/2016,48.97506332,49.17827895,48.59513743,48.97506332,18928800
4/5/2016,48.20638275,48.86020642,48.11802592,48.7630156,19272300
4/6/2016,48.70116806,48.77185352,47.89713946,48.02967302,21188700
4/7/2016,48.11803055,48.51562788,47.91481488,48.48028515,19225100
4/8/2016,48.08268356,48.84253543,47.99433011,48.30357058,22167200
4/11/2016,47.98548889,48.72766928,47.97665152,48.14452779,21414200
4/12/2016,48.28590012,48.40075893,47.49953956,48.03850438,24944300
4/13/2016,48.90438843,48.9839079,48.49795709,48.70117276,20818000
4/14/2016,48.91321182,49.10759344,48.65698213,48.78951566,20877100
4/15/2016,49.16944504,49.40800002,48.69232833,48.86020123,28793800
4/18/2016,49.88511276,49.99997493,48.78067791,49.02807361,23786000
4/19/2016,49.82326889,50.15901806,49.19595065,50.03532188,29596800
4/20/2016,49.11643219,49.92046071,49.02807874,49.73491645,36195700
4/21/2016,49.28429413,49.6818913,48.96621639,49.30196549,38909100
4/22/2016,45.75010681,46.32441426,44.85772496,45.86496898,126834100
4/25/2016,46.0416832,46.05935456,45.61758059,45.75011076,33226900
4/26/2016,45.44970322,46.25373168,45.1404628,46.17421223,33532600
4/27/2016,45.00791931,45.50270724,44.66333624,45.48503589,43369300
4/28/2016,44.08904266,44.85772841,43.78863624,44.72519488,43134800
4/29/2016,44.06253052,44.39827965,43.60308523,43.60308523,48411700
5/2/2016,44.71637344,44.84006965,43.98302684,44.17740852,33114500
5/3/2016,43.9830246,44.53966086,43.82398566,44.47781276,26460200
5/4/2016,44.06253052,44.23040677,43.70027603,44.03602516,24257600
5/5/2016,44.1243782,44.44245597,43.93883397,44.06253012,25390700
5/6/2016,44.52196884,44.52196884,43.87697941,44.10670034,24787300
5/9/2016,44.23923874,44.69868401,44.17739066,44.61033057,17951600
5/10/2016,45.07861328,45.14929536,44.34526692,44.46896646,22891000
5/11/2016,45.10512924,45.75011894,45.06095251,45.17581471,24039100
5/12/2016,45.51155853,45.77662564,44.99026505,45.23766079,24102800
5/13/2016,45.13162994,45.85613898,45.09628722,45.44970437,22592300
5/16/2016,45.79430008,45.90915891,44.8400665,44.88424324,20032000
5/17/2016,44.94015121,46.02562025,44.80669408,46.01672447,27803500
5/18/2016,45.2070694,45.5006778,44.75330633,44.9134576,24907500
5/19/2016,44.77110291,45.03802057,44.326239,44.90456343,23842400
5/20/2016,45.0380249,45.57186367,44.84228707,44.91346354,23905800
5/23/2016,44.51308441,45.09140889,44.4685987,45.02022903,26118700
5/24/2016,45.9010582,46.00782458,44.84228332,45.10920098,34757900
5/25/2016,46.37260437,46.70180605,46.07899601,46.19465816,24040200
5/26/2016,46.16798401,46.24805966,45.69642927,46.20357394,24335200
5/27/2016,46.55054855,46.55054855,46.06119904,46.19465615,17721400
5/31/2016,47.15556335,47.15556335,46.33701558,46.49716343,37653100
6/1/2016,47.0221138,47.11108862,46.65732553,46.65732553,25324800
6/2/2016,46.69290924,46.92424034,46.12348406,46.83526554,22840800
6/3/2016,46.07900238,46.63952844,45.90995193,46.6039419,23368300
6/6/2016,46.38150787,46.57724567,46.16797172,46.25694653,18243300
6/7/2016,46.35482788,46.91535748,46.35482788,46.47939265,20866800
6/8/2016,46.30144119,46.65733032,46.15018568,46.28364623,21149400
6/9/2016,45.92775345,46.265851,45.81209126,46.265851,20305700
6/10/2016,45.80318832,46.31033292,45.4117093,45.42060509,25833200
6/13/2016,44.61094666,45.12699035,43.6500425,44.11270131,83217800
6/14/2016,44.33514023,44.57536376,44.10380909,44.39742091,42577100
6/15/2016,44.21057129,44.5931545,44.21057129,44.29064692,33757600
6/16/2016,44.83337784,44.90455768,44.05041652,44.0593157,31188600
6/17/2016,44.6020546,44.86897225,44.32623776,44.85117729,45710500
6/20/2016,44.54866409,45.22485902,44.51307417,45.05580859,35607900
6/21/2016,45.54515457,45.75869069,44.62873623,44.66432615,34097800
6/22/2016,45.36721039,45.78538004,45.33162047,45.44728601,28816800
6/23/2016,46.18576431,46.31922482,45.50957276,45.62523492,29028800
6/24/2016,44.33514023,45.32273529,44.05932337,44.31734526,133503000
6/27/2016,43.08952332,43.7301285,42.74252997,43.68563939,50216300
6/28/2016,43.98815155,44.0148457,43.30306058,43.52549258,38140700
6/29/2016,44.96684647,45.12699775,44.30844636,44.40631697,31304000
6/30/2016,45.52736282,45.64302837,44.93124692,45.12698809,28527800
7/1/2016,45.51847839,46.01672723,45.43840275,45.49178764,21400400
7/5/2016,45.52736282,45.62523341,45.14478305,45.22485868,24806400
7/6/2016,45.71421814,45.85657446,44.83338607,45.18037939,28167500
7/7/2016,45.71421814,45.91885514,45.43840128,45.74980467,19585200
7/8/2016,46.53276062,46.58614551,45.86546481,46.02561607,28391000
7/11/2016,46.79079056,47.00432675,46.68402416,46.71071491,22269200
7/12/2016,47.34241867,47.51146914,46.9687346,47.10219174,27317600
7/13/2016,47.60932159,47.92072829,47.31571326,47.65381069,25356800
7/14/2016,47.81396866,48.03640059,47.67161236,47.90294007,24545500
7/15/2016,47.77838516,48.04530283,47.34241703,48.00081712,32024400
7/18/2016,48.00971603,48.34781358,47.64492774,47.77838828,31433900
7/19/2016,47.23565674,47.9563376,47.0933004,47.78728711,53336500
7/20/2016,49.74468613,50.57213333,49.40658858,49.95822231,89893300
7/21/2016,49.64680481,50.02938799,49.61121489,49.80695607,32776700
7/22/2016,50.33190918,50.38529408,49.62902329,49.89594439,32157200
7/25/2016,50.47426224,50.48316142,50.05608905,50.24293448,25610600
7/26/2016,50.50094223,50.97250021,50.27851031,50.28740949,28079000
7/27/2016,49.99380112,50.53653559,49.92262466,50.36748854,32327500
7/28/2016,50.01160812,50.15396446,49.57564332,49.82476607,37550400
7/29/2016,50.42976379,50.50094024,49.86923442,50.05607641,30558700
8/1/2016,50.34080505,50.49205716,49.94932261,50.35859662,26003400
8/2/2016,50.34080505,50.6255177,50.10057812,50.58102859,35122000
8/3/2016,50.68778229,50.81234361,50.26071345,50.42976047,22075600
8/4/2016,51.06147385,51.1771394,50.4208688,50.53653435,26587700
8/5/2016,51.56862259,51.79105454,51.1148629,51.29280914,29335200
8/8/2016,51.65760422,51.68429497,51.40847809,51.65760422,19473500
8/9/2016,51.78216934,52.04908706,51.62201803,51.75547519,16920700
8/10/2016,51.62200546,51.88892311,51.44405923,51.74656681,15756900
8/11/2016,51.87113571,52.00459625,51.63090877,51.63090877,18162300
8/12/2016,51.55083084,51.77326281,51.2661182,51.63090648,21655200
8/15/2016,51.71096802,52.04906546,51.56861173,51.61309744,19283900
8/16/2016,51.42450714,51.58565664,51.27231229,51.57670541,20523500
8/17/2016,51.53193283,51.63936467,51.236491,51.51402695,18856400
8/18/2016,51.56772995,51.65725931,51.2722916,51.40658052,14214300
8/19/2016,51.58564377,51.68412437,51.20963064,51.41554308,17271000
8/22/2016,51.63040161,51.7020251,51.26333975,51.56773276,15221900
8/23/2016,51.82736588,52.08699593,51.79155413,51.83632052,18732400
8/24/2016,51.88108444,51.96165917,51.67517201,51.74679209,18151500
8/25/2016,52.07804108,52.18547632,51.72888507,51.81841444,18552600
8/26/2016,51.95269394,52.55252866,51.64830097,52.1765122,20971200
8/29/2016,52.01537323,52.46300984,52.01537323,52.08699673,16417200
8/30/2016,51.82736588,52.09594716,51.57669047,51.9079406,16930200
8/31/2016,51.44239807,51.7467911,51.29915449,51.61250217,20860300
9/1/2016,51.55878067,51.76469308,51.03952061,51.03952061,26075400
9/2/2016,51.63040161,52.09594407,51.40658332,51.63040161,18900500
9/6/2016,51.57669067,51.74679136,51.21858002,51.72888548,16278400
9/7/2016,51.62144852,51.78259795,51.39763023,51.45134785,17493400
9/8/2016,51.41554642,51.73784535,51.19172809,51.59460176,20146100
9/9/2016,50.32330704,51.49611619,50.32330704,50.84256715,35113900
9/12/2016,51.07533264,51.21857621,49.78614053,50.13529651,29303000
9/13/2016,50.60978699,50.71722222,50.18005631,50.58292989,30130200
9/14/2016,50.36806488,50.6993184,50.16215247,50.48445134,24062500
9/15/2016,51.20066833,51.3439119,50.11738868,50.26958689,26847000
9/16/2016,51.25439835,51.59460317,50.80676168,51.59460317,44607000
9/19/2016,50.96790314,51.70202688,50.89627964,51.27229616,20937100
9/20/2016,50.86046219,51.34390703,50.80674458,51.34390703,17384000
9/21/2016,51.71097183,51.79154655,51.10218928,51.48715356,33707300
9/22/2016,51.76470184,51.92585131,51.59460115,51.85422781,19822200
9/23/2016,51.41554642,51.8452772,51.37078343,51.80946544,19955300
9/26/2016,50.94104767,51.15591133,50.87837882,51.10219712,21688700
9/27/2016,51.88108444,51.97956504,50.74408703,50.96790534,28065100
9/28/2016,51.95269394,51.97955445,51.6303951,51.81840503,20536400
9/29/2016,51.3886795,52.07803682,51.21857542,51.75574135,25463500
9/30/2016,51.56772995,51.71992816,51.33496044,51.54087285,29910800
10/3/2016,51.40658569,51.52297217,51.08429021,51.39763446,19189500
10/4/2016,51.24544144,51.56773693,51.00371725,51.27229854,20085900
10/5/2016,51.60354614,51.89003329,51.26334137,51.29020189,16726400
10/6/2016,51.69307709,51.80050892,51.28124881,51.69307709,16212600
10/7/2016,51.74679565,51.90794512,51.40659085,51.79155864,20089000
10/10/2016,51.96166229,52.27500658,51.80946406,51.84527581,18196500
10/11/2016,51.20066833,51.94374666,50.93208708,51.8273602,26497400
10/12/2016,51.12904739,51.27229095,50.49340431,51.12904739,22177500
10/13/2016,50.95894623,51.29915098,50.4217837,50.76198846,25313700
10/14/2016,51.40658569,51.69307626,51.13800442,51.13800442,27402500
10/17/2016,51.22754669,51.4424104,50.91419894,51.35288443,23830000
10/18/2016,51.62144852,51.88107854,51.39763023,51.50506205,19149500
10/19/2016,51.50507355,51.78260951,51.38869047,51.45135933,22878400
10/20/2016,51.25439835,51.49612256,50.72618694,51.47821668,49455600
10/21/2016,53.41200256,54.11926926,53.25980775,53.96707103,80032200
10/24/2016,54.61166382,54.61166382,53.65372179,53.66267302,54067000
10/25/2016,54.60271072,54.94291206,54.43260664,54.47736961,35137200
10/26/2016,54.28041077,54.79071618,54.1371672,54.4415602,29911600
10/27/2016,53.80592728,54.45947983,53.79697605,54.2625186,28479900
10/28/2016,53.60000229,54.1819312,53.34037567,53.72533998,33574700
10/31/2016,53.64477158,54.0924082,53.64477158,53.85963866,26434700
11/1/2016,53.53734589,53.73430712,53.04494622,53.68954413,24533000
11/2/2016,53.20607758,53.6537141,53.08969112,53.55523352,22147000
11/3/2016,53.00911713,53.39408482,52.91959119,53.29560423,21600400
11/4/2016,52.56149673,53.07180226,52.39139603,52.50778252,28697000
11/7/2016,54.09240723,54.1819366,53.5194329,53.5194329,31664800
11/8/2016,54.13716888,54.41470138,53.85068175,54.20878896,22935400
11/9/2016,53.86857986,54.24459634,53.00016729,53.71638508,49632500
11/10/2016,52.55254745,54.15508761,51.59460522,54.14613296,57822400
11/11/2016,52.83903122,52.92855718,51.93480326,52.13176448,38767800
11/14/2016,52.03327179,52.89273656,51.28124225,52.83901895,41328400
11/15/2016,53.06079102,53.61961277,52.56506492,52.57408006,35904100
11/16/2016,53.76380539,53.77281709,53.00669552,53.12386479,27332500
11/17/2016,54.65611649,54.93552729,54.05223294,54.44881302,32132700
11/18/2016,54.39473724,55.10678187,54.34967187,54.78230566,27686300
11/21/2016,54.85443115,54.95357707,54.45784746,54.52995484,19652600
11/22/2016,55.08875275,55.21493717,54.80934537,54.96256832,23206700
11/23/2016,54.43980408,55.07072619,54.30460452,54.98960714,21848900
11/25/2016,54.55697632,54.55697632,54.19644987,54.34967284,8409600
11/28/2016,54.62908554,54.99862714,54.26855564,54.38572837,20732600
11/29/2016,55.06171036,55.35013286,54.54795757,54.66513028,22366700
11/30/2016,54.31361008,55.14282731,54.27755984,54.85440482,34655400
12/1/2016,53.35821915,54.21447503,53.12387369,54.17842135,34542100
12/2/2016,53.40328598,53.60157776,52.99769072,53.25006301,25515700
12/5/2016,54.27756119,54.61104905,53.68268936,53.80887377,23552700
12/6/2016,54.03421402,54.49388638,53.89901445,54.46684784,19907000
12/7/2016,55.31408691,55.32310205,53.89901276,54.0882894,30809000
12/8/2016,54.98962021,55.5033766,54.83639721,55.25100425,21220800
12/9/2016,55.85488129,55.87290812,55.09777127,55.14283664,27349400
12/12/2016,56.03512955,56.15230225,55.62953781,55.71966855,20198100
12/13/2016,56.76521301,57.16179313,56.0982372,56.33257922,35718900
12/14/2016,56.49481964,57.18883746,56.35962007,56.78324218,30352700
12/15/2016,56.40468597,56.91843882,56.15231368,56.51284356,27669900
12/16/2016,56.15230942,56.73816957,55.99007133,56.73816957,42453100
12/19/2016,57.34204483,57.47724436,56.26045887,56.38664671,34338200
12/20/2016,57.26995087,57.50429287,56.81027512,57.40514699,26028400
12/21/2016,57.26995087,57.41416212,56.89139417,57.17080498,17096300
12/22/2016,57.27895737,57.7746833,57.15277296,57.54034132,22176600
12/23/2016,56.99956512,57.26996085,56.60298152,57.18884179,12403800
12/27/2016,57.03559875,57.74764326,56.97250655,56.97250655,11763200
12/28/2016,56.77423096,57.14377256,56.63001968,57.14377256,14653300
12/29/2016,56.69311905,56.96351479,56.53989262,56.65706537,10250600
12/30/2016,56.0080986,56.77422368,55.90895272,56.74718171,25579900
1/3/2017,56.40468597,56.63902799,55.99909072,56.59396261,20694100
1/4/2017,56.15230942,56.55790464,55.99007133,56.31454751,21340000
1/5/2017,56.15230942,56.4767856,55.90895228,56.05316354,24876000
1/6/2017,56.63902283,56.91843363,55.91796657,56.15230857,19922900
1/9/2017,56.45876694,56.85535052,56.36863618,56.56692453,20382700
1/10/2017,56.44073486,56.84633011,56.13428551,56.53988075,18593000
1/11/2017,56.95448685,56.99054052,56.26948423,56.43172233,21517300
1/12/2017,56.43172073,57.1437653,55.83684888,56.83731596,20968200
1/13/2017,56.51285553,56.66607853,56.19739096,56.44074816,19422300
1/17/2017,56.35961151,56.5128379,55.90895093,56.49481106,20664000
1/18/2017,56.33258057,56.51284551,55.99007751,56.48580354,19670100
1/19/2017,56.15230942,56.7652081,56.06217867,56.09823235,18451700
1/20/2017,56.54888916,56.62099306,56.21539787,56.48579352,30213500
1/23/2017,56.74718094,56.89139219,56.39566623,56.51283894,23097600
1/24/2017,57.25191879,57.45021054,56.72915089,56.96349631,24672900
1/25/2017,57.39614868,57.77470203,57.18884517,57.63950588,23672700
1/26/2017,57.92792511,58.17128575,57.27897602,57.7927324,43554600
1/27/2017,59.2889061,59.40608225,58.4867308,58.93739139,44818000
1/30/2017,58.70304871,59.29792401,58.40561793,59.20779327,31651400
1/31/2017,58.27041245,58.72107301,57.91889775,58.45968906,25270500
2/1/2017,57.3060112,58.2433862,57.2068653,58.00904073,39671500
2/2/2017,56.93646622,57.15278485,56.55791291,57.00857357,45827000
2/3/2017,57.39614868,57.41417552,56.84634206,57.23391055,30301800
2/6/2017,57.36009216,57.3691073,56.90943147,57.23390772,19796400
2/7/2017,57.17080307,57.48626411,56.99053815,57.45021388,20277200
2/8/2017,57.08969116,57.51331327,56.98153357,57.29699465,18096400
2/9/2017,57.73863602,58.08114249,57.07166023,57.25192516,22644400
2/10/2017,57.6845665,57.95496565,57.66653966,57.90989684,18170700
2/13/2017,58.33351135,58.45969578,57.80172825,57.90087413,22920100
2/14/2017,58.55112839,58.68714757,58.05239369,58.40604633,23108400
2/15/2017,58.5148735,58.55114576,58.17936726,58.48767104,17005200
2/16/2017,58.50579071,59.1586773,58.43325314,58.7052846,20546300
2/17/2017,58.59648132,58.65995603,58.30631024,58.46046212,21248800
2/21/2017,58.47859192,58.8957124,58.44231967,58.58740866,20655900
2/22/2017,58.3607254,58.38792787,58.07962406,58.33352294,19292700
2/23/2017,58.59648132,58.69622828,58.20656328,58.41512007,20273100
2/24/2017,58.59648132,58.75970299,58.16122124,58.51486703,21796800
2/27/2017,58.24284363,58.52394496,58.07962194,58.52394496,15871500
2/28/2017,58.01613998,58.21563046,57.81664605,58.10682062,23239800
3/1/2017,58.8866539,58.93198903,58.05240596,58.15215292,26937500
3/2/2017,58.04334259,58.71436193,57.92545951,58.65995702,24539600
3/3/2017,58.26097488,58.28817735,57.68969899,58.02521215,18135900
3/6/2017,58.27910995,58.54207862,57.86199285,58.00707841,18750300
3/7/2017,58.39698029,58.74155624,58.20655618,58.20655618,18521000
3/8/2017,58.93198776,59.01360206,58.26096843,58.27003822,21510900
3/9/2017,58.69621658,59.12239987,58.46952025,59.113337,19846800
3/10/2017,58.87757874,59.17681959,58.71435708,59.04080039,19538200
3/13/2017,58.67808914,59.11334923,58.55113972,58.95012756,20100000
3/14/2017,58.40607834,58.5330278,58.17031209,58.51488821,14280200
3/15/2017,58.71436691,58.8685188,58.26097412,58.53301256,24833800
3/16/2017,58.61461639,58.72343315,58.30631263,58.71436336,20674300
3/17/2017,58.82318115,59.15868738,58.65088968,58.8594534,49219700
3/20/2017,58.87757874,59.10427509,58.68715462,58.85944607,14598100
3/21/2017,58.22469711,59.39445126,58.15215261,59.11334996,26640500
3/22/2017,58.96826172,59.06800868,58.14309049,58.14309049,20680000
3/23/2017,58.82318115,59.15868738,58.73249706,58.88665586,19269200
3/24/2017,58.92293549,59.34911894,58.72344153,59.26751155,22617100
3/27/2017,59.03173447,59.14055122,58.35164534,58.60554418,18614700
3/28/2017,59.20401764,59.36723928,58.62367556,58.90477681,20080400
3/29/2017,59.36724854,59.39445099,58.8957162,59.04987499,13618400
3/30/2017,59.58488083,59.82971681,59.26750725,59.32191218,15122800
3/31/2017,59.72089767,60.02013857,59.34911227,59.53047354,21040300
4/3/2017,59.43978882,59.79343459,59.1133455,59.67554805,20400900
4/4/2017,59.6030159,59.67555348,59.19495826,59.29470522,12997400
4/5/2017,59.44884872,60.16521002,59.3400389,60.1198749,21448600
4/6/2017,59.6030159,59.90224987,59.37631952,59.48512935,18103500
4/7/2017,59.55767059,59.81156942,59.34004402,59.71182246,14108500
4/10/2017,59.42165375,59.68462238,59.26750187,59.49419825,17952700
4/11/2017,59.37631989,59.49419951,58.80504057,59.48512972,18791500
4/12/2017,59.14962006,59.40351888,59.04080331,59.32190459,17108500
4/13/2017,58.89570999,59.72088804,58.89570999,59.20402063,17896500
4/17/2017,59.37631989,59.38538276,58.95012958,58.97733204,16689300
4/18/2017,59.29469299,59.58486403,59.08613624,59.24028809,15155600
4/19/2017,58.97733307,59.62114998,58.84131385,59.53047281,26992800
4/20/2017,59.39444351,59.62113986,59.06800022,59.35817127,22299500
4/21/2017,60.21056366,60.48259518,59.34911321,59.54860714,32522600
4/24/2017,61.23522949,61.35311605,60.84531141,61.18989436,29770000
4/25/2017,61.58886337,61.69768011,61.29869232,61.57073071,30242700
4/26/2017,61.50724411,61.94249715,61.31682004,61.73394042,26190800
4/27/2017,61.90623474,62.00598169,61.28055753,61.79742492,34971000
4/28/2017,62.07853317,62.69514758,61.3803114,62.48659079,39548800
5/1/2017,62.93998718,63.0669366,62.11480903,62.2780307,31954400
5/2/2017,62.84024429,63.21202279,62.68608548,63.21202279,23906100
5/3/2017,62.64075089,62.91278241,62.30523772,62.91278241,28928000
5/4/2017,62.39589691,62.64073283,62.24174506,62.59539079,21749400
5/5/2017,62.56819153,62.59539398,62.10572905,62.47751437,19128800
5/8/2017,62.51379395,62.6135409,62.04226162,62.5409964,18566100
5/9/2017,62.60446548,62.82209205,62.27802218,62.44124383,22858400
5/10/2017,62.84930801,63.07600441,62.49566218,62.5591369,17977800
5/11/2017,62.07853317,62.32336913,61.77022943,61.98785601,28789400
5/12/2017,62.00600433,62.21456809,61.69770051,62.21456809,18714100
5/15/2017,62.05133438,62.09667643,61.27149827,61.78836575,31530300
5/16/2017,63.3007431,63.32810148,62.16076436,62.22460289,34956000
5/17/2017,61.54062653,63.01803479,61.49502458,62.82651916,30548800
5/18/2017,61.75039291,62.13342426,61.23056267,61.4676803,25201300
5/19/2017,61.73216248,62.10607208,61.49504483,61.55888339,26961100
5/22/2017,62.42524719,62.47084914,61.55886594,61.91453883,16237600
5/23/2017,62.63499451,62.69883304,62.36139682,62.67147466,15425800
5/24/2017,62.71707153,62.81739023,62.42523723,62.8082754,14593900
5/25/2017,63.49228668,63.72939736,62.8447793,62.89949608,21854100
5/26/2017,63.80234528,64.03946286,63.40107043,63.65643158,19827900
5/30/2017,64.21273804,64.21273804,63.62906241,63.64730597,17072800
5/31/2017,63.69290924,64.51369559,63.66555086,64.32217993,30436400
6/1/2017,63.9300499,64.39516349,63.33725916,64.05772705,21603600
6/2/2017,65.44392395,65.53512089,64.05770543,64.24010627,34770300
6/5/2017,65.9181366,66.47444684,65.48950343,65.63542407,33316800
6/6/2017,66.1370163,66.22822018,65.9090205,65.93638584,31511100
6/7/2017,66.01845551,66.36500658,65.61718072,66.24645128,22301800
6/8/2017,65.61720276,66.13703302,65.20681301,66.12791819,24588300
6/9/2017,64.13064575,65.73573782,62.55291206,65.69925766,49187400
6/12/2017,63.63816833,63.78408894,62.13339509,63.15481849,47761700
6/13/2017,64.431633,64.58666851,63.80236218,63.85707896,25258600
6/14/2017,64.08507538,64.84202333,63.3190126,64.6687512,25510700
6/15/2017,63.74763489,64.03034749,62.74445464,63.17308095,26068700
6/16/2017,63.83883667,63.86619506,63.12749075,63.59260422,48345100
6/19/2017,64.63225555,64.6960941,64.15802037,64.29481925,23798300
6/20/2017,63.7567749,64.6322783,63.72029472,64.58667634,21512200
6/21/2017,64.08507538,64.40427516,63.78412612,64.0303586,19891100
6/22/2017,64.07594299,64.37689217,63.57434944,64.33129718,22965700
6/23/2017,64.94231415,64.97879431,63.76585514,63.9208906,27617300
6/26/2017,64.32216644,65.39830677,64.2400913,65.11559424,19607000
6/27/2017,63.11835098,64.00297572,63.0909926,63.93913718,25215100
6/28/2017,63.65642548,63.69289868,62.73532056,63.11835181,25806200
6/29/2017,62.46173477,63.37371808,62.09694006,63.27339936,28918700
6/30/2017,62.86297989,63.2733694,62.68970092,62.72618107,24161100
7/3/2017,62.16989136,63.47402758,62.03309249,63.22779518,16165500
7/5/2017,62.99979782,63.32811231,62.21549175,62.25197191,21176300
7/6/2017,62.53469849,62.72621416,62.12430876,62.2611007,21117600
7/7/2017,63.34635544,63.69290657,62.65324622,62.65324622,16878300
7/10/2017,63.8205719,64.06680424,63.10921933,63.34633685,15014500
7/11/2017,63.82970047,64.45897109,63.61082646,63.83882225,17460000
7/12/2017,64.88759613,65.00615142,64.34040769,64.46808476,17750900
7/13/2017,65.45303345,65.69927282,65.033522,65.20680104,20269800
7/14/2017,66.37411499,66.82098467,65.62628928,65.88164338,25868100
7/17/2017,66.89395142,66.98514832,66.31940463,66.39236494,21803900
7/18/2017,66.84836578,66.93044093,66.26469714,66.6568432,26435300
7/19/2017,67.35906982,67.52322705,66.98515343,67.03075536,22416200
7/20/2017,67.68739319,67.76035351,66.83012677,67.65091303,42361000
7/21/2017,67.29522705,67.75121856,66.72979508,66.98514921,46717100
7/24/2017,67.1219635,67.25876238,66.69333027,67.05812495,21394800
7/25/2017,67.66004181,67.76947535,67.03077112,67.30436889,22018700
7/26/2017,67.53237915,67.83332841,67.31349811,67.79684824,16252200
7/27/2017,66.7206955,67.86978934,65.95462598,67.26788403,36844200
7/28/2017,66.61125183,66.85748423,66.15526024,66.27381555,18306700
7/31/2017,66.30117798,66.97605058,66.03670896,66.84837348,23600100
8/1/2017,66.19171143,66.95777362,66.10962936,66.66593941,22132300
8/2/2017,65.89989471,66.17348544,65.15206892,66.16437062,26499200
8/3/2017,65.79959106,66.06406703,65.52599331,65.83607123,18214400
8/4/2017,66.28292847,66.61124292,65.8816537,66.02757433,22579000
8/7/2017,66.02758789,66.48357951,65.89991079,66.39238258,18705700
8/8/2017,66.383255,66.69332594,65.43479168,65.74486262,22044600
8/9/2017,66.09140778,66.12788793,65.70837659,65.89077041,22213400
8/10/2017,65.12473297,65.83607886,65.07000924,65.57160285,24734500
8/11/2017,66.11877441,66.30116825,65.00615392,65.30711002,21443700
8/14/2017,67.11283875,67.23140101,66.52917007,66.62948877,20096600
8/15/2017,67.13115692,67.47038391,66.96612512,67.47038391,19181400
8/16/2017,67.52542877,67.93800496,67.08534144,67.24120294,18150400
8/17/2017,66.37939453,67.72715405,66.37939453,67.4612689,22977500
8/18/2017,66.46190643,66.78279989,65.94847691,66.26019998,18761500
8/21/2017,66.15016937,66.45272899,65.73758617,66.44355861,17734800
8/22/2017,67.07615662,67.14949865,66.33350992,66.33350992,14343700
8/23/2017,66.67275238,67.06699473,66.49855016,66.89279251,13766500
8/24/2017,66.64527893,66.80114047,66.0768341,66.69111686,17098300
8/25/2017,66.76445007,67.25037533,66.45272708,66.8011246,12794300
8/28/2017,66.77359009,67.01196392,66.5168755,66.98445979,14569700
8/29/2017,66.97531891,67.0761721,66.0584768,66.24184242,11478400
8/30/2017,67.8555069,68.03887258,66.7736326,66.93866451,16897800
8/31/2017,68.55228424,68.72648649,67.66295323,67.87382301,27652800
9/1/2017,67.79130554,68.52477501,67.51625012,68.49727086,21736200
9/5/2017,67.48875427,67.74546897,66.91114621,67.24120296,21556000
9/6/2017,67.2962265,67.88300502,67.25038159,67.60794953,16535800
9/7/2017,68.15805054,68.39643148,67.47958922,67.55293828,17471200
9/8/2017,67.82797241,68.24971888,67.6996081,68.1488657,14703800
9/11/2017,68.54310608,68.70813791,68.13052301,68.13052301,17910400
9/12/2017,68.46974182,68.98317096,68.18552312,68.54309084,14394900
9/13/2017,68.95571136,68.97405213,68.35059906,68.69899663,13380800
9/14/2017,68.55228424,69.21241171,68.3230737,68.76316101,15733900
9/15/2017,69.0473938,69.12074286,67.91051127,68.6073134,38578400
9/18/2017,68.9098587,69.6524986,68.79983513,68.97403737,23307000
9/19/2017,69.16655731,69.41410155,68.772315,68.95568059,16093300
9/20/2017,68.70813751,69.26741166,68.13052261,69.08403907,21587900
9/21/2017,68.03882599,68.98317188,67.94714321,68.86398497,19186100
9/22/2017,68.222229,68.31391182,67.70879263,67.83714998,14111400
9/25/2017,67.16785431,68.07552603,66.85612436,67.92882794,24149200
9/26/2017,67.16785431,67.67211327,66.92030302,67.54375593,18019600
9/27/2017,67.70880127,68.00219052,67.08534824,67.43375278,19565100
9/28/2017,67.72712708,67.81880988,67.21369075,67.42456751,10883800
9/29/2017,68.29556274,68.34140764,67.73628853,67.79130381,17079100
10/2/2017,68.40557098,68.77230912,68.12135225,68.49725377,15304800
10/3/2017,68.08470154,68.65313921,68.02052287,68.46060319,12190400
10/4/2017,68.47892761,68.50643175,67.58041942,67.92881685,13317700
10/5/2017,69.65248108,69.79000876,68.72646879,68.96484965,21195300
10/6/2017,69.68002319,69.70752735,69.25827652,69.37746352,13959800
10/9/2017,69.9458847,70.18426561,69.55164232,69.65249551,11386500
10/10/2017,69.9458847,70.25760766,69.80835699,69.98255923,13944500
10/11/2017,70.06507111,70.10174563,69.6341542,70.01006282,15388900
10/12/2017,70.7068634,70.86272488,70.01923185,70.12924842,16876500
10/13/2017,71.04608917,71.39449363,70.86272356,71.13777198,15335700
10/16/2017,71.19278717,71.33947826,70.91773176,70.98191042,12380100
10/17/2017,71.13779449,71.16530564,70.82607145,71.02777789,16824000
10/18/2017,71.15610504,71.37614515,70.93606493,71.21111332,13300700
10/19/2017,71.43117523,71.449509,70.91773887,71.11944526,15092800
10/20/2017,72.25634003,72.40303815,71.71540642,71.80708925,22866400
10/23/2017,72.27466583,72.74225028,72.21048716,72.42135693,20627200
10/24/2017,72.30218506,72.61390809,71.93544674,72.33885959,17517200
10/25/2017,72.09128571,72.52220258,71.52284813,72.0454478,20410800
10/26/2017,72.21048737,72.81559953,72.20131699,72.61389314,32120700
10/27/2017,76.84052277,79.0317745,76.65715717,77.35395902,71066700
10/30/2017,76.91388702,77.31729981,76.19875127,76.73968478,31756700
10/31/2017,76.26294708,77.34482134,76.1987684,77.34482134,27086600
11/1/2017,76.26294708,76.79471733,75.98789158,76.72136826,22307400
11/2/2017,77.06058502,77.43648666,76.20792155,76.41879132,23992900
11/3/2017,77.14311981,77.50985817,76.46465839,77.08811151,17633500
11/6/2017,77.44564056,77.6565103,77.08807276,77.19808932,19860900
11/7/2017,77.2622757,77.83989066,76.95055276,77.72069672,17939700
11/8/2017,77.52817535,77.57402026,76.85888446,77.1431033,18034200
11/9/2017,77.09725189,77.26228376,76.00621451,77.11559265,21178400
11/10/2017,76.89554596,77.10641572,76.3087676,76.82219692,19397800
11/13/2017,76.95053101,76.95970138,76.51961425,76.7029868,14196900
11/14/2017,77.06058502,77.10642293,76.07956421,76.55631904,18801300
11/15/2017,76.46165466,77.11588101,76.19443426,76.9131616,19383100
11/16/2017,76.66436005,76.86707944,76.42478897,76.57221679,20962800
11/17/2017,75.92720032,76.59064299,75.77976549,76.59064299,22079000
11/20/2017,76.04698181,76.10226635,75.78897791,75.92719629,16315000
11/21/2017,77.14351654,77.25408564,76.24049571,76.24049571,21237500
11/22/2017,76.58142853,77.3093722,76.51692755,77.24487121,20553100
11/24/2017,76.71963501,76.87627922,76.27733761,76.48927339,7425600
11/27/2017,77.28170013,77.38305978,76.75647605,76.76568545,18265200
11/28/2017,78.21239471,78.3782554,77.41994998,77.46602512,21926000
11/29/2017,76.79335785,78.24924519,76.64593005,78.05574225,27381100
11/30/2017,77.55812073,77.88062547,76.79331874,76.94996992,33054600
12/1/2017,77.64105988,78.14785107,76.68275497,77.032902,29532100
12/4/2017,74.71089935,77.79774436,74.36074511,77.78852792,39094900
12/5/2017,75.18082428,76.18520472,74.61874832,74.95046263,26152300
12/6/2017,76.27734375,76.60906507,75.03339232,75.14396844,26162100
12/7/2017,76.01012421,76.29577742,75.55861736,76.05619935,23184500
12/8/2017,77.54894257,77.93594842,76.78414027,77.06057,24489100
12/11/2017,78.53488922,78.66389117,77.51208303,77.66872725,22857900
12/12/2017,78.85740662,79.29048767,78.39668329,78.60861208,23924100
12/13/2017,78.64546204,79.2444037,78.47960138,79.00482563,22062700
12/14/2017,78.03730774,79.12461491,77.88987292,78.71917619,19306000
12/15/2017,80.02763367,80.24877888,78.21238279,78.56253699,53936700
12/18/2017,79.59454346,80.62656603,79.45633211,80.27641891,22283800
12/19/2017,79.0877533,79.56690237,78.57173849,79.56690237,23524800
12/20/2017,78.80208588,79.52081991,78.05571661,79.42866965,23674900
12/21/2017,78.78367615,79.33654264,78.6915329,79.29047454,17990700
12/22/2017,78.7928772,78.90344626,78.24922021,78.69151754,14145800
12/26/2017,78.69154358,78.81132911,78.3506058,78.60860973,9891200
12/27/2017,78.97718048,79.22597498,78.52567365,78.92189594,14678000
12/28/2017,78.98639679,79.17989972,78.82975257,79.15225744,10594300
12/29/2017,78.82053375,79.29047343,78.78367505,78.90346056,18717400
1/2/2018,79.19831848,79.53003976,78.7836704,79.36417912,22483800
1/3/2018,79.56690979,79.71434462,79.21676262,79.29968944,26061400
1/4/2018,80.26721191,80.77401034,79.76962992,79.78805576,21912000
1/5/2018,81.26234436,81.46506365,80.56204326,80.77397899,23407100
1/8/2018,81.34529114,81.62172788,80.71870727,81.27157373,22113000
1/9/2018,81.29001617,81.75995589,80.95829485,81.68623847,19484300
1/10/2018,80.92144012,81.2623779,80.54365067,80.95829883,18652200
1/11/2018,81.16101837,81.20708648,80.38699957,81.20708648,17808900
1/12/2018,82.56161499,82.72747566,81.50194998,81.70466936,24271500
1/16/2018,81.40979004,83.65812156,81.09650163,83.02232128,36599700
1/17/2018,83.05918884,83.18819079,81.77837874,82.08245778,25621200
1/18/2018,83.02231598,83.54754013,82.61688436,82.74588629,24159700
1/19/2018,82.93016052,83.49224328,82.61687218,83.05916243,36875000
1/22/2018,84.41371918,84.42293561,82.69061159,82.93018967,23601600
1/23/2018,84.68095398,85.04953407,84.3492326,84.68095398,23412800
1/24/2018,84.60721588,86.09074528,84.38607069,85.27987491,33277500
1/25/2018,85.07715607,85.91566872,84.70857607,85.20615801,26383200
1/26/2018,86.67125702,86.67125702,85.30752011,85.80510207,29172200
1/29/2018,86.54225922,87.95207133,86.35797272,87.66642514,31569900
1/30/2018,85.45495605,86.30269227,84.86523079,85.97097093,38635100
1/31/2018,87.54663086,87.90599442,86.16446116,86.38560634,48756300
2/1/2018,86.85555267,88.52336866,86.22896875,87.34391821,47227900
2/2/2018,84.57035828,86.58832835,84.31235438,86.28424932,47867800
2/5/2018,81.08728027,85.91565727,81.08728027,83.44618072,51031500
2/6/2018,84.15571594,84.29393433,78.55331917,80.06449097,67998600
2/7/2018,82.5708313,84.56115232,82.19303481,83.38170178,41107600
2/8/2018,78.33216858,82.81960851,78.10180696,82.6629643,55628700
2/9/2018,81.25315094,81.9442358,77.24486016,79.52083409,63499100
2/12/2018,82.12851715,82.72745873,81.02278426,81.76915361,35720300
2/13/2018,82.77353668,82.93018089,80.9030015,81.94423347,26407700
2/14/2018,84.06961823,84.23625799,81.84776407,81.94034015,34960900
2/15/2018,85.78232574,85.83786999,83.89374366,84.43994759,27823900
2/16/2018,85.17129517,86.55995759,84.986143,85.58789107,30596900
2/20/2018,85.83786774,86.15262788,84.25479318,84.6899086,30911700
2/21/2018,84.69915771,86.43035961,84.69915771,86.07856763,26922500
2/22/2018,84.92132568,85.84710049,84.57878646,85.21757334,24392800
2/23/2018,87.07840729,87.08766702,85.50459238,86.65255157,26329200
2/26/2018,88.33746338,88.3652355,87.25430815,87.39317583,30199800
2/27/2018,87.20801544,88.72628611,87.20801544,88.63371001,25869100
2/28/2018,86.80991364,88.60591929,86.68030571,87.80049255,31167300
3/1/2018,85.95822906,87.5505636,85.0231941,87.01361227,37135600
3/2/2018,86.14335632,86.2359324,84.11590705,84.78246611,32830400
3/5/2018,86.6895752,87.27281093,85.41200817,85.4860648,23901600
3/6/2018,86.39334869,87.47650407,86.04155663,87.33763637,22175800
3/7/2018,86.89324951,86.96731321,85.56939087,86.24520978,26716100
3/8/2018,87.42093658,88.04120416,86.80992167,87.27280919,25887800
3/9/2018,89.37432861,89.37432861,87.94863412,88.21710974,36937300
3/12/2018,89.58724976,89.99459304,88.91143792,89.3372936,26073700
3/13/2018,87.40240479,90.02234218,86.9950616,89.8001582,35387800
3/14/2018,86.88400269,88.32821683,86.55998277,88.05974117,32132000
3/15/2018,87.18947601,87.55978737,85.93968137,86.58772095,27611000
3/16/2018,87.57832336,88.30042681,86.94879601,87.65238707,49081300
3/19/2018,85.995224,86.93025856,85.27312076,86.7821312,33344100
3/20/2018,86.21743774,86.80993328,86.09708952,86.1433811,23075200
3/21/2018,85.61569977,87.06916665,85.36573649,86.03229581,24457100
3/22/2018,83.12533569,84.93985379,83.00498749,84.4954787,38604700
3/23/2018,80.70905304,83.74559347,80.61647697,82.85685044,44068900
3/26/2018,86.81918335,87.02285499,83.69006621,83.88447813,56396800
3/27/2018,82.82907867,88.07822049,81.94033565,87.89306834,56569000
3/28/2018,82.75504303,84.45847304,82.27364304,83.15312664,52501100
3/29/2018,84.49547577,85.43977016,81.83850621,83.48638447,45867500
4/2/2018,81.94960785,84.13443763,81.01458009,83.75487351,48515400
4/3/2018,83.05128479,83.366052,81.36637436,82.93093657,37213800
4/4/2018,85.47679901,85.8748825,81.21823584,81.32932431,35560000
4/5/2018,85.52309418,86.1618812,84.61583861,85.57864548,29771900
4/6/2018,83.53268433,85.59715869,82.83835305,84.69915578,38026000
4/9/2018,84.03259277,86.25445416,83.89373218,84.28255598,31533900
4/10/2018,85.98597717,86.35628858,84.83801818,85.53234941,26812000
4/11/2018,85.04166412,86.36552222,84.68987228,85.18053174,24872100
4/12/2018,86.63404083,87.17099212,85.56939799,85.56939799,26758900
4/13/2018,86.17113495,87.18948599,85.57863954,87.06913779,23346100
4/16/2018,87.18026733,87.63390236,86.48593579,87.08769121,20288100
4/17/2018,88.93919373,89.37430906,87.83751934,87.94861487,26771000
4/18/2018,89.28173065,89.54094649,88.4300124,89.07805905,21043300
4/19/2018,88.97624207,89.86498528,88.26339131,89.28174953,23552500
4/20/2018,87.94863892,88.97624989,87.06915535,88.79109769,31154400
4/23/2018,88.27265167,89.1428825,87.60609249,88.63370339,22331800
4/24/2018,86.20817566,89.30952068,85.55087622,89.09658931,34524800
4/25/2018,85.4582901,86.37481246,83.57896793,86.37481246,33729300
4/26/2018,87.26355743,88.08749666,86.189655,86.606258,42529000
4/27/2018,88.70774841,90.63336185,86.93952207,90.35562656,48272800
4/30/2018,86.57846832,89.24470464,86.23593612,89.17990068,41523600
5/1/2018,87.94863892,88.21711456,85.90267669,86.29150056,31408900
5/2/2018,86.56924438,88.10602761,86.27299659,87.93938778,27471000
5/3/2018,87.08765411,87.88382118,85.58789607,86.0600433,31142500
5/4/2018,88.09674835,88.29116025,86.02300736,86.39331876,22531300
5/7/2018,89.07807159,89.53169937,88.04120105,88.10600502,24242000
5/8/2018,88.69853973,89.02256678,88.00420818,88.7355716,23484600
5/9/2018,89.74465179,89.77242392,87.9949372,88.88368056,27327400
5/10/2018,90.64263153,90.67965631,89.84646448,90.22602855,22388100
5/11/2018,90.44820404,90.60559114,89.83719629,90.54078718,16778300
5/14/2018,90.7537384,91.3647534,90.08717915,90.65190257,19454100
5/15/2018,90.09642792,90.58708757,89.18916526,90.02236422,24594000
5/16/2018,90.3289032,90.56135019,89.83611671,90.52415782,17384700
5/17/2018,89.42700958,90.69152182,89.1015852,89.96628832,17246700
5/18/2018,89.59434509,90.12432381,89.26892081,89.26892081,17865800
5/21/2018,90.74729919,91.12851564,90.00347312,90.18942786,19422500
5/22/2018,90.6543045,91.27726059,90.37536535,90.82166658,15441200
5/23/2018,91.73287201,91.79795687,89.55716477,89.91978146,21251200
5/24/2018,91.40740204,91.99317267,90.01272086,91.79791816,26649300
5/25/2018,91.45391083,92.03038171,90.98901702,91.39812584,18363900
5/29/2018,91.128479,91.93738963,90.40324586,90.97040973,28671000
5/30/2018,92.00248718,92.28142632,91.03551425,91.40742364,22158500
5/31/2018,91.90022278,92.96948017,91.68637556,92.31863154,34140900
6/1/2018,93.71329498,93.77837983,92.20703649,92.30931369,28655600
6/4/2018,94.53151703,94.70817897,93.76909137,94.15030775,27281600
6/5/2018,95.01502228,95.14519201,94.40135889,94.83836032,23514400
6/6/2018,95.29394531,95.39622253,94.74537394,95.28465254,21122900
6/7/2018,93.79698181,95.47990239,93.33208796,95.44271003,28232200
6/8/2018,94.49430084,94.79183256,93.48083587,93.99221474,22165100
6/11/2018,93.95504761,94.45712671,93.60172375,93.91785525,23490900
6/12/2018,94.19680023,94.32696996,93.67612133,94.00154564,18325200
6/13/2018,93.76909637,94.84765361,93.49945707,94.5780143,29492900
6/14/2018,94.29907227,94.86624336,93.90856311,94.51292657,25691800
6/15/2018,93.09967041,94.40137504,93.0438854,94.3827824,65738600
6/18/2018,93.77838135,94.01082826,92.43948488,92.98806328,23586000
6/19/2018,93.77838135,93.90855105,92.5138696,92.65333916,28653100
6/20/2018,94.71747589,95.32183222,94.02013511,94.25258204,26180800
6/21/2018,94.03875732,95.26607719,93.79701046,94.91276031,23198200
6/22/2018,93.35998535,93.69470239,92.63474499,93.35998535,38923100
6/25/2018,91.48181152,93.08104751,90.46834633,92.97877029,35433300
6/26/2018,92.12335968,93.05314731,91.81652806,91.88161291,26897200
6/27/2018,90.69149017,92.99735962,90.56132047,92.58825787,31298400
6/28/2018,91.70496368,92.15126493,90.431159,90.54272899,26650700
6/29/2018,91.68635559,92.89508231,91.4260162,91.98388734,28053200
7/2/2018,92.98806763,93.03455275,91.11919241,91.21216976,19564500
7/3/2018,92.09545135,93.56451016,91.99317417,93.42504772,14670300
7/5/2018,92.75563812,92.90440049,92.07688987,92.51389129,18977400
7/6/2018,94.05731964,94.30835918,92.67193097,92.87648538,19234600
7/9/2018,94.69886017,95.07077661,94.14098906,94.5129055,18212000
7/10/2018,94.94992828,95.31254494,94.70818148,94.8383512,19293100
7/11/2018,94.81973267,95.15444964,94.00151512,94.04800734,19644600
7/12/2018,96.87458038,97.07913481,95.51709123,95.55427649,24335900
7/13/2018,98.02753448,98.18559672,96.78161506,97.04196162,24635200
7/16/2018,97.54402161,98.39012464,97.18139791,97.99961555,21786900
7/17/2018,98.51100159,99.02238765,96.99545023,97.2650895,25901700
7/18/2018,97.7392807,98.6039835,97.36736422,98.50170629,29493900
7/19/2018,97.06982422,97.91592722,96.59563057,97.5626105,40171600
7/20/2018,98.80854034,100.603031,98.6318855,100.491461,56004000
7/23/2018,100.389183,100.5472453,98.67836992,98.83643923,29707000
7/24/2018,100.1009598,101.17951,99.72904323,100.947063,26316600
7/25/2018,103.048378,103.3459098,100.0451604,100.3798846,30702100
7/26/2018,101.9233246,103.206429,101.8117475,102.9646822,31372100
7/27/2018,100.1195374,102.4440065,98.68766348,102.4440065,37005300
7/30/2018,97.97174835,99.98008642,97.4045772,99.66396196,34668300
7/31/2018,98.63188171,99.22694528,97.98102606,99.01309099,27655200
8/1/2018,98.81782532,98.97588751,98.01820741,98.58537842,23628700
8/2/2018,100.0172424,100.5007288,97.4789194,97.99960523,26104300
8/3/2018,100.4542618,100.4635616,99.31991968,100.2311147,18659600
8/6/2018,100.5379486,100.8075879,100.0079699,100.5286558,20265900
8/7/2018,101.2352905,101.439845,100.5751421,100.9377587,16080200
8/8/2018,101.8024445,102.0441912,101.1237035,101.6536821,15487500
8/9/2018,101.9698181,102.4254192,101.9047333,102.0070105,13677200
8/10/2018,101.3468628,101.9884186,100.7703918,101.7373719,18183700
8/13/2018,100.6123352,101.886147,100.510058,101.5700155,18472500
8/14/2018,101.8675537,102.0442157,100.4542793,100.9377659,16788300
8/15/2018,100.4861603,101.7275313,99.70212934,101.2608484,29982800
8/16/2018,100.4674988,101.6062062,100.1501578,101.0835237,21384300
8/17/2018,100.4114914,100.7101682,99.58079643,100.2061498,18061500
8/20/2018,99.74880981,100.7101755,99.38479771,100.3461634,17914200
8/21/2018,98.91810608,100.1968126,98.79676397,99.79546505,22881900
8/22/2018,99.92611694,100.1874582,98.73141014,98.79674544,18000600
8/23/2018,100.3928375,100.971527,99.74881987,100.0101612,18167700
8/24/2018,101.1768417,101.3261765,100.3928109,100.4954817,17234000
8/27/2018,102.296875,102.3342105,101.2795098,101.9888626,19662300
8/28/2018,102.9129028,103.1369086,102.4742198,102.6142261,19151500
8/29/2018,104.5556335,104.5649692,102.9222434,103.0902495,20818000
8/30/2018,104.490303,105.1063279,104.0142916,104.2289617,22798700
8/31/2018,104.844986,105.2649977,104.0889548,104.2476324,23222700
9/4/2018,104.2662811,104.4996226,102.8755682,103.4635861,22634600
9/5/2018,101.260849,103.995611,100.8968369,103.6129347,32872400
9/6/2018,101.494194,101.7275355,100.3461581,101.0368468,23477600
9/7/2018,100.9995193,101.4755379,100.0848248,101.0181907,22498600
9/10/2018,102.0915298,102.3342069,101.1395,101.5875116,20727900
9/11/2018,103.8275909,104.1542675,101.6341831,101.6435188,24301800
9/12/2018,104.2662811,104.3969518,103.1462451,104.0049399,18891100
9/13/2018,105.3863373,106.151697,104.6489774,104.6489774,26055600
9/14/2018,105.8156738,106.1516861,104.9476434,105.8063382,19122300
9/17/2018,104.6676407,106.1236891,104.4062994,106.1143605,20736500
9/18/2018,105.6663284,106.1236756,104.2756156,104.7142986,22170900
9/19/2018,104.2569504,105.7690054,103.6409327,105.5169998,21728400
9/20/2018,106.0023499,106.2170271,104.4716306,104.7983072,23714500
9/21/2018,106.6463623,107.6077278,105.9463381,106.4036852,71229700
9/24/2018,107.029068,107.2437453,104.7423243,105.4983485,27334500
9/25/2018,106.8237152,107.4304044,106.170362,107.1503989,22668000
9/26/2018,106.385025,107.3930546,106.1610121,106.8423722,19352000
9/27/2018,106.786377,107.2530598,106.5903639,107.1317177,19091300
9/28/2018,106.7490463,106.9357166,106.1050217,106.5810402,21647800
10/1/2018,107.9064102,107.9717455,107.085051,107.1037151,18883100
10/2/2018,107.4770584,108.1210759,106.8143696,107.6170647,20787200
10/3/2018,107.4957199,108.4384212,107.2717141,107.7290613,16648000
10/4/2018,105.2743301,107.1130619,104.1916224,106.9730556,34821700
10/5/2018,104.6583176,105.629019,103.2676043,105.1250005,29068900
10/8/2018,103.4635925,104.5649644,102.0542082,104.2196236,29640600
10/9/2018,104.7796402,105.5449998,103.4169271,103.734268,26198600
10/10/2018,99.08610535,104.0702747,98.74075748,103.8275977,61376300
10/11/2018,98.85275269,101.6715136,97.25669127,98.33006311,63904300
10/12/2018,102.2688904,103.8276096,99.98214702,101.7462078,47742100
10/15/2018,100.4301682,102.1849006,99.8234789,101.6528823,32068100
10/16/2018,103.6035995,103.9862829,101.6901969,102.2408864,31610200
10/17/2018,103.3329391,104.3596402,102.2502384,104.2383052,26548200
10/18/2018,101.270195,103.1649265,100.6448416,102.7635789,32506200
10/19/2018,101.4195251,103.4729269,100.9995063,101.6715308,32785500
10/22/2018,102.3248978,103.1742641,101.0275198,102.0355566,26545600
10/23/2018,100.8968353,101.7088661,98.10607375,100.5888229,43770400
10/24/2018,95.50198364,101.2608486,94.82062351,101.1861848,63897800
10/25/2018,101.083519,101.9888778,99.07678109,99.45012883,61646800
10/26/2018,99.83280945,101.5035352,97.77940745,98.64743796,55523100
10/29/2018,96.93004608,101.4568692,94.85797267,100.9061868,55162000
10/30/2018,96.81804657,97.4247287,93.4392595,96.75271124,65350900
10/31/2018,99.69280243,100.9341807,98.36742465,98.41409579,51062400
11/1/2018,98.86212921,100.1688431,98.49811703,99.91683739,33384200
11/2/2018,99.08610535,100.1688058,97.98473354,99.38478208,37680200
11/5/2018,100.3461685,100.5608387,98.84344887,99.28213198,27922100
11/6/2018,100.5421524,101.5875174,99.19810354,100.2248044,24340200
11/7/2018,104.4996262,104.7609674,102.1102122,102.1475477,37901700
11/8/2018,104.3036118,104.7329591,103.519588,104.3502829,25644100
11/9/2018,102.2688904,104.0236155,101.5128664,103.4635975,32039200
11/12/2018,99.74880981,102.6329068,99.03011413,102.1288884,33621800
11/13/2018,99.81413269,101.4941867,99.53412013,100.3834864,35374600
11/14/2018,98.39867401,101.4827144,97.92997499,101.3327273,39495100
11/15/2018,100.5640488,101.0514997,97.40502232,98.41740665,38505200
11/16/2018,101.5108414,102.0639028,100.1141202,100.3765905,33502100
11/19/2018,98.07057953,101.7639227,97.06756397,101.4920764,44773900
11/20/2018,95.34275055,96.52387404,93.13049068,95.42712009,64052500
11/21/2018,96.65512085,97.89248608,95.83958191,97.11444393,28130600
11/23/2018,96.61761475,97.31128729,95.61459914,95.77395509,13823100
11/26/2018,99.80476379,99.95474375,98.03308219,98.22993491,32336200
11/27/2018,100.4328232,100.6109311,98.76425585,99.61728433,29124500
11/28/2018,104.1636658,104.3605185,101.1077464,101.1358672,46788500
11/29/2018,103.291893,104.1636735,102.2045078,103.4231282,28123200
11/30/2018,103.9480591,104.0230526,102.5138413,103.7699512,33665600
12/3/2018,105.0729523,106.3196935,103.7980974,105.925988,34732800
12/4/2018,101.7264328,105.5885153,101.4358417,104.9323396,45197000
12/6/2018,102.3544693,102.4013349,98.42677018,99.1954361,49107400
12/7/2018,98.25806427,102.5982147,97.77062043,101.5951991,45044900
12/10/2018,100.8546295,101.2202213,97.38626039,98.23929585,40801500
12/11/2018,101.7920532,104.0043132,100.7140512,102.9263112,42381900
12/12/2018,102.2513733,104.30427,102.2138765,103.9480613,36183000
12/13/2018,102.5982056,103.9293161,101.8295395,102.7200719,31333400
12/14/2018,99.39231873,102.4201177,98.89549888,101.4733436,47043100
12/17/2018,96.44887543,99.17670692,95.34274555,98.81112229,56957300
12/18/2018,97.46126556,97.96746131,96.10203425,97.25503687,49319200
12/19/2018,97.19881439,100.1891096,95.00529905,97.16131761,68198200
12/20/2018,95.15526581,97.77997572,92.59616631,96.59885948,70334200
12/21/2018,92.08060455,96.55198967,91.35880412,95.26775189,111242100
12/24/2018,88.23726654,91.83687839,88.09666257,91.56503213,43935200
12/26/2018,94.26473236,94.38659867,88.07790753,89.18403736,51634800
12/27/2018,94.84591675,94.85529273,90.36515607,93.08361133,49498500
12/28/2018,94.10538483,95.9989328,93.28984599,95.69895857,38196300
12/31/2018,95.2115097,95.98955172,94.15225259,94.94903942,33173800
1/2/2019,94.78967285,95.38023092,92.74614526,93.31795852,35329300
1/3/2019,91.30258179,93.9179235,91.11509786,93.83355395,42579100
1/4/2019,95.54898834,96.09268096,92.73679405,93.47733941,44060600
1/7/2019,95.67082977,96.8050804,94.65844545,95.27712436,35656100
1/8/2019,96.36452484,97.46127887,95.34275722,96.58949838,31514400
1/9/2019,97.74246979,98.31428304,96.77695116,97.35814039,32280800
1/10/2019,97.11443329,97.25504442,95.97080656,96.75822462,30067600
1/11/2019,96.36452484,96.96445904,95.27713964,96.73010952,28314200
1/14/2019,95.66146851,96.43013458,94.92092323,95.52085738,28437100
1/15/2019,98.43615723,98.473654,95.50209717,96.09266244,31587600
1/16/2019,98.7829895,99.60790424,98.38928409,98.67050633,29853900
1/17/2019,99.47666931,99.9547371,98.20180758,98.42678107,28393000
1/18/2019,100.9671402,101.1452481,99.27982805,100.7327907,37427600
1/22/2019,99.06423187,100.3953355,98.29556571,100.0672476,32371300
1/23/2019,100.0297318,100.3390748,98.74549402,99.47667041,25874300
1/24/2019,99.55168152,100.3016029,98.74551853,100.1703677,23164800
1/25/2019,100.4609299,101.1264815,99.55165278,100.5265474,31225600
1/28/2019,98.50177002,99.81412847,98.10806463,99.60789979,29476700
1/29/2019,96.49576569,98.39868274,95.77396512,98.31431319,31490500
1/30/2019,99.72037506,99.72037506,97.79871387,98.07056009,49471900
1/31/2019,97.8924942,98.63303964,96.72074645,97.30193591,55636400
2/1/2019,96.34573364,97.58309831,95.94265235,97.28313133,35535700
2/4/2019,99.12045288,99.17670162,96.33637995,96.43012546,31315100
2/5/2019,100.5078201,100.5546857,99.32669658,99.42043496,27325400
2/6/2019,99.39231873,100.301596,98.92361968,100.301596,20609800
2/7/2019,98.67986298,98.97982999,97.76121714,98.60487659,29760700
2/8/2019,99.05484009,99.15795443,97.73311269,97.85497185,21461100
2/11/2019,98.66113281,99.90787378,98.39866253,99.55165799,18914100
2/12/2019,100.1984634,100.4328129,98.87673609,99.495415,25056600
2/13/2019,100.1234818,101.032759,100.0297434,100.7702887,18394900
2/14/2019,100.2078629,100.5734476,99.04549116,99.65479423,21784700
2/15/2019,101.4452209,101.5202145,100.639058,101.1546298,26606900
2/19/2019,101.3983765,101.8577068,101.0327917,101.0421677,18038500
2/20/2019,100.8711624,101.6148704,100.0615566,101.5395566,21607700
2/21/2019,102.9987106,103.0646084,100.6075507,100.6357916,29063200
2/22/2019,104.4673157,104.683834,103.3847026,103.6012281,27763200
2/25/2019,105.0509644,105.6063948,104.7403074,105.211008,23750600
2/26/2019,105.7758408,106.6042712,104.655571,104.7403009,21536700
2/27/2019,105.5969849,105.7758534,104.3825763,105.1451162,21487100
2/28/2019,105.4652023,106.2653921,105.1827862,105.4746184,29083900
3/1/2019,105.9358826,106.3971672,105.1262769,106.2747876,23501200
3/4/2019,105.6817169,106.6137022,104.3072718,106.3971768,26608000
3/5/2019,105.1545258,105.804095,104.7120732,105.6722994,19538300
3/6/2019,105.2015839,106.0582624,104.9003358,105.3145546,17687000
3/7/2019,103.9213104,105.0133396,103.4317848,104.8721279,25339000
3/8/2019,104.0342712,104.2225486,102.4244757,102.7633808,22818400
3/11/2019,106.2183228,106.3312863,104.4767316,104.4861404,26491600
3/12/2019,106.9620285,107.3103424,106.048868,106.2089045,26132700
3/13/2019,107.7904587,108.2611594,107.1126485,107.4421376,35513800
3/14/2019,107.8751907,108.4494462,107.6304315,107.828125,30763400
3/15/2019,109.117836,110.3793104,107.8751793,108.5812303,54681100
3/18/2019,110.6805573,110.7182142,109.2496303,109.3625939,31207600
3/19/2019,110.755867,111.4995749,110.1345387,111.1700787,37588700
3/20/2019,110.6334763,111.791403,109.8709435,110.5110967,28113300
3/21/2019,113.1752701,113.7401094,110.2286793,110.2757522,29854400
3/22/2019,110.1910324,112.5821856,110.1816164,112.4974629,33624500
3/25/2019,110.7652893,111.0947784,109.5038077,109.729742,27067100
3/26/2019,111.0006332,111.75375,110.002743,111.6690273,26097700
3/27/2019,109.9274216,111.2830417,108.75067,110.9723775,22733400
3/28/2019,110.078064,110.6899763,109.32494,110.5581807,18334800
3/29/2019,111.0288696,111.3865995,110.1062932,111.1512492,25399800
4/1/2019,112.0455856,112.1303155,111.1794981,111.9796878,22789100
4/2/2019,112.2056198,112.478627,111.5748755,112.0832331,18142300
4/3/2019,112.9399338,113.3729776,112.1679849,112.836379,22860700
4/4/2019,112.365654,113.1846757,111.4430776,113.0622889,20112800
4/5/2019,112.8646164,113.1846966,112.3750908,112.3939157,15826200
4/8/2019,112.9022522,112.9869749,111.6878437,112.7892815,15116200
4/9/2019,112.2903442,112.5351106,111.6313662,111.678432,17612000
4/10/2019,113.1470413,113.2976618,112.5351289,112.7422384,16477200
4/11/2019,113.2788162,113.7683417,112.8928383,113.4765096,14209100
4/12/2019,113.8624954,113.8907435,113.3164881,113.5706633,19745100
4/15/2019,113.9566422,114.4555837,113.5047663,113.8530874,15792600
4/16/2019,113.6930313,114.521469,113.0622942,114.512053,14071800
4/17/2019,114.6344528,114.7097667,113.476533,114.1355112,19300900
4/18/2019,116.1406784,116.2818829,114.191978,115.0298246,27991000
4/22/2019,116.5078583,116.7337926,115.3875881,115.4346611,15648700
4/23/2019,118.0893707,118.2211663,116.5737142,116.8278894,24025500
4/24/2019,117.6845779,118.4753516,117.2232861,118.4188698,31257000
4/25/2019,121.5819702,123.6718822,121.2807293,122.4386488,38033900
4/26/2019,122.2786255,122.871713,121.4596109,122.0997569,23654900
4/29/2019,122.1656418,122.5516054,121.770255,122.2880142,16324200
4/30/2019,122.946991,123.0411225,121.8078893,122.203276,24166500
5/1/2019,120.3863983,122.9940768,120.2169458,122.8811133,26821700
5/2/2019,118.8142776,120.4993871,118.1647083,120.4805623,27350200
5/3/2019,121.3466034,121.8455449,119.7932972,119.8968519,24911100
5/6/2019,120.6405716,121.0265496,118.7201193,118.9837105,24239800
5/7/2019,118.1646881,119.7274177,116.9408707,119.0496076,36017700
5/8/2019,118.1552887,118.9648945,117.4398216,118.0893909,28419000
5/9/2019,118.145874,118.4188813,116.3289691,117.0067792,27235800
5/10/2019,119.6803513,120.4334752,116.5643151,117.5904463,30915100
5/13/2019,116.1218338,118.1929207,115.8300017,116.8373007,33944900
5/14/2019,117.4210052,118.5036112,116.4513557,116.6113994,25266300
5/15/2019,119.0745392,119.7265129,116.8824038,117.4115449,24722700
5/16/2019,121.8241425,122.2493527,119.4902801,119.7642979,30112200
5/17/2019,121.0115662,123.2698433,120.8698246,121.2383296,25770500
5/20/2019,119.2635193,120.5580086,118.8288726,119.5469808,23706900
5/21/2019,119.906044,120.5013196,119.6036808,120.4068325,15293300
5/22/2019,120.633606,121.172198,119.5469855,119.6414799,15396500
5/23/2019,119.2257156,119.3296537,117.8650775,119.2446102,23603800
5/24/2019,119.2824402,120.3974063,119.0273241,119.9155195,14123400
5/28/2019,119.20681,120.9453966,119.102872,119.9816162,23128400
5/29/2019,118.0540771,118.479273,117.2036782,118.4698221,22763100
5/30/2019,118.8005219,118.8288673,117.9028758,118.3564243,16829600
5/31/2019,116.8635178,117.751713,116.5233582,117.383208,26646800
6/3/2019,113.2351379,117.5154777,112.450888,117.0241329,37983600
6/4/2019,116.3721619,116.4855436,114.000496,114.5957716,29382600
6/5/2019,118.8950195,118.9328158,117.3643015,118.0635152,24926100
6/6/2019,120.7753372,120.9170716,118.677689,119.471397,21459000
6/7/2019,124.1580124,124.9611712,121.191071,122.0698224,33885600
6/10/2019,125.2918777,126.6903049,124.7249404,125.102889,26477100
6/11/2019,124.8194733,126.8415292,124.0446597,126.5013696,23913700
6/12/2019,124.2430878,124.6966291,123.5060777,124.1580371,17092500
6/13/2019,125.0273285,125.6698441,124.3092059,124.7060563,17200800
6/14/2019,125.1501312,126.4162748,124.384776,124.9706006,17821700
6/17/2019,125.5281448,126.3596349,125.2257743,125.3202687,14517800
6/18/2019,127.7108231,127.7864157,126.2084575,126.7942823,25934500
6/19/2019,128.2115936,128.4383571,126.4352032,127.5596199,23744400
6/20/2019,129.4021912,130.0730669,128.2399849,129.8746344,33042600
6/21/2019,129.421051,130.1391593,128.9391643,129.052546,36727900
6/24/2019,130.1863861,130.7722108,129.4493762,129.4493762,20628800
6/25/2019,126.0761261,130.0068551,125.4147088,129.6855974,33327400
6/26/2019,126.5486221,128.2588785,126.2368223,126.9454871,23657700
6/27/2019,126.7564774,127.2856257,126.1517508,126.7470337,16557500
6/28/2019,126.5769348,127.1816613,125.8210231,127.1533159,30043000
7/1/2019,128.2021332,129.165921,127.5312722,129.0997865,22613500
7/2/2019,129.052536,129.0619797,127.8808721,128.6178821,15237800
7/3/2019,129.8840179,130.1485848,128.7784888,129.2603898,13629300
7/5/2019,129.5060883,129.7612115,128.2399443,128.4478204,18141100
7/8/2019,129.4116058,129.5438893,127.909226,128.8824575,16779700
7/9/2019,128.9391632,129.4210499,128.3155349,128.5045093,19953100
7/10/2019,130.252533,130.9422957,129.4682759,129.5722139,24204400
7/11/2019,130.7722473,131.5470609,130.2714588,130.583273,22327900
7/12/2019,131.2446442,131.4619783,130.4036963,131.1974114,18936800
7/15/2019,131.2446442,131.8493706,130.8289065,131.7548906,16651500
7/16/2019,129.5249939,131.3864207,128.99586,131.3013845,22726100
7/17/2019,128.759613,130.3281128,128.7123659,130.110793,20211000
7/18/2019,128.9013672,129.0903415,127.2478164,128.0793208,30381800
7/19/2019,129.0903778,132.9171707,128.9297488,132.4919747,48992400
7/22/2019,130.8005676,131.5186902,129.7612016,129.8367942,25074900
7/23/2019,131.6131744,132.2746062,130.4226232,132.057272,18034600
7/24/2019,132.964386,132.9832877,131.1974534,131.2446862,20738300
7/25/2019,132.4635773,132.8604277,131.641531,132.6903407,18356900
7/26/2019,133.5502319,133.8714898,132.5675565,132.633691,19037600
7/29/2019,133.2572937,133.710835,131.6887792,133.7013913,16605900
7/30/2019,132.6147461,133.4367922,132.0950559,132.4163137,16846500
7/31/2019,128.759613,132.7470329,127.6351964,132.5958477,38598800
8/1/2019,130.4509735,133.1722501,129.3832476,129.4493965,40557500
8/2/2019,129.3548889,130.6966397,127.8052764,130.4793056,30791600
8/5/2019,124.923378,126.5485686,123.5721836,125.9533002,42749600
8/6/2019,127.2666931,128.202121,125.8682659,126.4257452,32696700
8/7/2019,127.8241882,128.1737915,124.5643341,126.4163028,33414500
8/8/2019,131.23526,131.3297544,128.4383902,129.0714767,27496500
8/9/2019,130.120285,131.6982433,128.9391773,130.9706768,23466700
8/12/2019,128.3060608,130.2619817,127.786385,129.5155281,20484300
8/13/2019,130.9612122,131.1501865,127.5596166,128.5517498,25154600
8/14/2019,127.0174103,129.8046286,126.7235225,129.2737326,32527300
8/15/2019,126.7330017,127.5862398,125.3773219,127.4061113,28074400
8/16/2019,129.0556488,129.3685012,127.7189197,127.8706084,24449100
8/19/2019,131.2171936,131.3499176,129.77618,130.6862977,24355700
8/20/2019,130.1269684,131.5016274,130.1080181,131.0276111,21170800
8/21/2019,131.5774231,132.2410574,130.8284838,131.3499046,14970300
8/22/2019,130.6199036,131.9661078,129.2073301,131.4541767,18697000
8/23/2019,126.4580154,131.1602616,125.8986799,130.0605407,38508600
8/26/2019,128.4110107,128.5152949,126.9415573,127.9749239,20312600
8/27/2019,128.6859283,129.6149961,127.6620516,129.3021436,23102100
8/28/2019,128.5152588,128.7048624,126.609719,127.8706038,17393300
8/29/2019,130.9422455,131.2456228,129.7951342,130.1174618,20168700
8/30/2019,130.6957245,131.9471195,129.1883567,131.9186797,23940100
9/3/2019,128.9703369,130.0700581,128.6480093,129.5107224,18869300
9/4/2019,130.4777222,130.5346018,129.3874761,130.1648697,17995900
9/5/2019,132.7719116,133.084764,131.548942,131.880759,26101800
9/6/2019,131.8713226,132.895185,131.0180847,132.7529859,20824500
9/9/2019,130.3734436,132.4875522,129.3685314,132.3358635,25773900
9/10/2019,129.0082855,129.7761897,127.5198673,129.6908702,28903400
9/11/2019,129.0462036,129.1884172,128.0697311,128.8471249,24726100
9/12/2019,130.3734436,131.2266671,129.7572138,130.6862961,27010000
9/13/2019,130.1838379,130.8853727,129.4728135,130.6199248,23363100
9/16/2019,129.2452545,129.5960219,128.6100746,128.7712383,16731400
9/17/2019,130.2502136,130.3734625,129.3400959,129.8425665,17814200
9/18/2019,131.3214722,131.4636713,129.4348822,130.2217509,23982100
9/19/2019,133.7389374,134.9713679,132.790905,133.0089484,35772100
9/20/2019,132.1936798,134.2888239,131.0655186,133.6820836,39167300
9/23/2019,131.909256,132.3737972,131.2456361,131.9945754,17139300
9/24/2019,130.2407227,133.3787082,129.7667064,133.0658557,29773200
9/25/2019,132.1177826,132.6866078,128.9608333,130.3544419,21382000
9/26/2019,132.2884369,132.8951771,131.2456099,132.1936423,17456600
9/27/2019,130.5724945,133.0658243,129.5486178,132.8667311,22477700
9/30/2019,131.8049469,131.9850754,130.6199064,130.8758792,17280900
10/1/2019,129.9468536,132.9615908,129.8804844,132.4022549,21466600
10/2/2019,127.652565,129.283182,126.6381778,129.1694227,30521700
10/3/2019,129.1978607,129.6434371,126.2968837,127.9369758,24132900
10/4/2019,130.9422455,131.0654943,129.3305931,129.6434456,22897700
10/7/2019,129.9942169,130.9991291,129.8994223,130.0131816,15303700
10/8/2019,128.6195679,130.6009523,128.5721634,129.9562972,25550500
10/9/2019,131.0560303,131.4921172,129.8520248,130.316566,19749900
10/10/2019,131.8713226,132.4116936,131.0654892,131.2930222,17654600
10/11/2019,132.4211884,133.7010382,132.2505494,132.838325,25446000
10/14/2019,132.2979279,132.9994626,132.269488,132.4306518,13304300
10/15/2019,134.2129822,134.421536,132.5444355,132.7814437,19695700
10/16/2019,133.1132355,133.663096,132.2789623,133.473478,20751600
10/17/2019,132.4306641,134.0707563,131.795484,133.6251798,21460600
10/18/2019,130.2691498,132.7245505,129.4633164,132.4970175,32273500
10/21/2019,131.2361298,131.302499,129.8899254,131.2550945,20078200
10/22/2019,129.2831879,132.7340256,129.1789037,131.7480782,27431000
10/23/2019,130.1079712,130.3070499,128.5626738,129.766679,29844600
10/24/2019,132.6676941,133.1227457,131.4636886,132.1462732,37029300
10/25/2019,133.416626,133.8053228,131.9661372,132.0988612,25959700
10/28/2019,136.6968231,138.0999073,136.0521534,136.8959019,35280100
10/29/2019,135.4074707,136.9906831,135.2368173,136.5925112,20589500
10/30/2019,137.0949707,137.4647028,135.3695447,136.0616188,18496600
10/31/2019,135.9194031,137.3983313,135.5591606,137.3698915,24605100
11/1/2019,136.2512665,136.9148865,135.5402419,136.7631978,33128400
11/4/2019,137.0381165,137.4647282,136.6683843,137.3035644,16912000
11/5/2019,136.9528046,137.4837005,136.4313837,137.436296,18250200
11/6/2019,136.5735321,137.0096333,135.7582237,136.8674198,16575800
11/7/2019,136.7631683,137.3509583,136.2986417,136.3649964,17786700
11/8/2019,138.3748627,138.4033025,136.2891791,136.4977475,16732700
11/11/2019,138.5170288,138.8109166,137.2087393,137.7870397,14362600
11/12/2019,139.4272003,139.9012167,138.4696779,138.6782463,18641600
11/13/2019,139.6546783,139.7968919,138.6782059,139.1143073,16919200
11/14/2019,140.3656921,140.6975093,139.36078,139.3797447,19729800
11/15/2019,142.1764221,142.1953868,140.5647699,141.1904603,23485700
11/18/2019,142.5272217,142.7263149,141.2378967,142.2712633,21534000
11/19/2019,142.5746155,143.4657684,142.394487,143.0391566,23935700
11/20/2019,142.3272705,143.4878069,141.2238218,142.9836411,25696800
11/21/2019,142.1940918,142.4985014,141.2618627,142.1179894,18576100
11/22/2019,142.2987671,142.9741671,141.5663084,142.7553817,15901800
11/25/2019,143.8587952,143.972956,142.6126491,142.6887515,22420900
11/26/2019,144.6198273,144.9908175,143.9444419,143.9824858,24620100
11/27/2019,144.8956909,145.0669105,144.1346813,144.9051983,15184400
11/29/2019,144.0015106,144.8766667,143.906379,144.6864179,11977300
12/2/2019,142.2607117,144.4295799,141.0906678,144.4105507,27418400
12/3/2019,142.0323486,142.146495,139.5019985,140.3010664,24066000
12/4/2019,142.5460968,142.8599993,141.92777,142.8219554,17574700
12/5/2019,142.6221313,142.993136,142.1940681,142.7362922,17869100
12/6/2019,144.3534698,144.4676162,142.9456114,143.6305187,16403500
12/9/2019,143.9824371,144.7910124,143.5543739,143.7065787,16687400
12/10/2019,143.7636719,144.486623,143.4116964,143.9158622,16476100
12/11/2019,144.3058777,144.4675899,143.0026585,144.1536729,18856600
12/12/2019,145.7708282,145.961077,143.6590336,144.2583165,24612100
12/13/2019,146.9979401,147.3403936,145.3808039,145.5425161,23845400
12/16/2019,147.9492188,148.3011797,147.2738334,147.549692,24144200
12/17/2019,147.1501617,148.1204494,146.9218545,147.8731129,25425600
12/18/2019,146.8457642,147.9016616,146.6650227,146.7791836,24129200
12/19/2019,148.1204376,148.1775108,146.255965,146.4937795,24958900
12/20/2019,149.7375793,150.7649401,148.6721601,149.6805062,53477500
12/23/2019,149.7375793,150.4129646,149.6044038,150.4129646,17718200
12/24/2019,149.7090607,150.0229777,149.4617242,149.8041778,8989200
12/26/2019,150.9361725,150.9932457,149.7280702,149.8802751,14520600
12/27/2019,151.2120514,151.7732904,150.5081149,151.6781587,18412800
12/30/2019,149.9087982,151.2691052,149.0907155,151.2405686,16348400
12/31/2019,150.013443,150.080038,148.82437,149.1287797,18369400
1/2/2020,152.791153,152.895792,150.6127771,151.0408406,22622100
1/3/2020,150.8886414,152.1538171,150.3559388,150.6032754,21116200
1/6/2020,151.2786102,151.3452053,148.8814352,149.4236594,20813700
1/7/2020,149.8993073,151.8874339,149.6519853,151.5545022,21634100
1/8/2020,152.2869263,152.962326,150.2512342,151.1834632,27746500
1/9/2020,154.1894684,154.3131366,153.1811368,153.9516538,21385000
1/10/2020,153.4759827,155.2643526,153.3237779,154.8838551,20725900
1/13/2020,155.3214874,155.350024,153.3999412,153.8755704,21626500
1/14/2020,154.2275391,155.6258902,153.8375196,155.4261195,23477400
1/15/2020,155.2263184,155.9492839,154.6460647,154.693616,21417900
1/16/2020,158.0706177,158.1372127,156.0349251,156.3393348,23865400
1/17/2020,158.9552765,159.3072374,157.3666623,159.2596716,34371700
1/21/2020,158.3845062,159.9921351,158.3179112,158.5557258,29517200
1/22/2020,157.6235046,159.3262652,157.6044754,159.2406409,24138800
1/23/2020,158.593811,158.6699135,157.2144892,158.0896452,19680800
1/24/2020,156.995697,159.3643359,156.434458,159.3453067,24918100
1/27/2020,154.3702545,155.4166449,152.3916348,153.2953276,32078100
1/28/2020,157.3952332,157.6805991,155.121726,155.7971114,24899900
1/29/2020,159.849472,160.524872,157.6140233,159.6592232,34754500
1/30/2020,164.358429,165.5665312,162.4654195,165.5665312,51597500
1/31/2020,161.932724,163.9969531,161.3144118,163.8162262,36142700
2/3/2020,165.8804626,165.994609,162.0944433,162.1229799,30107000
2/4/2020,171.340683,171.8353415,167.7163903,168.5059366,36433300
2/5/2020,171.1313934,175.2218078,169.7140276,175.0600956,39186300
2/6/2020,174.6795502,174.8602916,171.2835514,172.1491998,27751400
2/7/2020,174.9268799,176.5820745,173.5856023,173.9375777,33529100
2/10/2020,179.5024567,179.6356323,174.3181013,174.6320183,35844300
2/11/2020,175.4501038,181.4049762,174.5559185,181.3574104,53159900
2/12/2020,175.7069244,176.7913583,172.9863252,176.5345145,47062900
2/13/2020,174.7556915,177.1528523,173.9566234,174.1563941,35295800
2/14/2020,176.3157501,176.3728233,173.7473408,174.3181017,23149500
2/18/2020,178.1040802,178.5511727,176.4584075,176.5630465,27792200
2/19/2020,178.6382446,179.4967097,177.8656232,179.3822515,29997500
2/20/2020,175.9102325,178.6096485,172.7434362,178.3234886,36862400
2/21/2020,170.3492737,175.0327138,169.0711091,174.7179393,48572600
2/24/2020,163.0045471,166.4956656,155.6980024,160.0285193,68311100
2/25/2020,160.3146973,166.7722964,159.9140647,166.1618287,68073300
2/26/2020,162.317749,165.2651619,160.4481985,161.8789832,56206100
2/27/2020,150.8810425,159.3226799,150.6902741,155.7838798,93174900
2/28/2020,154.534317,156.155885,144.9862168,145.3773015,97012700
3/2/2020,164.8168793,164.9408853,154.820466,157.6820358,71030800
3/3/2020,156.9189606,166.9249226,154.772783,165.7802975,71677000
3/4/2020,162.6802368,162.8233095,157.9777165,160.7152947,49814400
3/5/2020,158.5977325,162.9854639,158.044494,158.3878829,47817300
3/6/2020,154.1146545,155.5835877,148.801665,155.1066592,72821100
3/9/2020,143.6698914,150.4708943,143.0785049,144.0323616,70419300
3/10/2020,153.4945984,153.5995232,145.539438,150.8619595,65354400
3/11/2020,146.5410461,150.4232363,144.1754705,149.8795454,56371600
3/12/2020,132.6433258,146.3884059,132.1854786,138.5953975,93226400
3/13/2020,151.5010376,154.4389175,134.2362282,140.6938411,92727400
3/16/2020,129.1712646,142.4584952,128.7706466,133.5399298,87905900
3/17/2020,139.806778,140.6938577,128.7706494,133.5399327,81059800
3/18/2020,133.9214478,139.26305,128.7897096,131.632198,81593200
3/19/2020,136.1248779,143.2215586,132.5860636,136.182107,85922700
3/20/2020,131.012207,140.3123087,129.5909555,139.2630606,84866200
3/23/2020,129.7054138,134.0836266,126.4050782,130.6878849,78975200
3/24/2020,141.4950562,142.6969245,134.7512989,137.1168587,82516700
3/25/2020,140.140625,147.2087067,137.7750645,142.0388051,75638200
3/26/2020,148.9065399,149.4311639,141.5236853,141.5522998,64568100
3/27/2020,142.7923279,147.7428459,142.3153996,144.7477368,57042300
3/30/2020,152.8364563,153.1893932,143.0880396,145.4059189,63420300
3/31/2020,150.4327393,157.1764982,149.3357954,152.0447448,77927200
4/1/2020,145.0911407,150.4708919,143.860672,145.9400726,57969900
4/2/2020,148.0957947,148.3056443,143.4219024,144.8526875,49630700
4/3/2020,146.7317657,150.1179597,145.1674415,147.9431677,41243300
4/6/2020,157.6439056,158.8171453,150.3087451,152.9223177,67111700
4/7/2020,155.9459991,162.1555995,155.7266017,161.7645149,62769000
4/8/2020,157.5103455,158.9792782,155.9555545,158.0254216,48318200
4/9/2020,157.5198975,159.6469939,155.7934191,158.6836038,51385100
4/13/2020,157.8728485,157.9300922,154.810976,156.7663856,41905300
4/14/2020,165.6848907,165.7325865,160.247911,161.2017676,52874300
4/15/2020,163.9488831,165.5609031,161.4307021,163.300253,40940800
4/16/2020,168.8708038,169.0997347,164.9218372,166.2572455,50479600
4/17/2020,170.3587952,171.6941886,167.7547562,171.2172603,52765600
4/20/2020,166.9821625,170.5018963,166.9154001,168.4797246,36669600
4/21/2020,160.0762329,165.6562857,158.4451316,165.4941318,56203700
4/22/2020,165.5131989,165.9710459,162.937789,163.4814797,34620200
4/23/2020,163.5100708,166.9821077,163.0236093,166.075947,32790800
4/24/2020,166.4956818,166.5052151,162.8328757,164.1205735,34277600
4/27/2020,166.0187683,168.7372513,165.3033758,168.441558,33194400
4/28/2020,161.9744263,167.5640279,161.5738081,167.4877176,34392700
4/29/2020,169.2427826,169.4812468,163.9488897,165.2270541,51286600
4/30/2020,170.9406738,172.0757511,168.0981702,171.6942143,53875900
5/1/2020,166.5147705,170.3969597,165.9805985,167.6880102,39370500
5/4/2020,170.5876923,170.7403128,165.7802619,166.4384252,30372900
5/5/2020,172.4191284,175.1757736,171.5988111,172.2855891,36839200
5/6/2020,174.1169891,175.7003947,173.2489906,173.6782232,32139300
5/7/2020,175.1280823,176.0342432,174.1551444,175.671773,28316000
5/8/2020,176.1582336,176.4634747,174.8991505,176.4443935,30877800
5/11/2020,178.1231689,178.857628,174.4126677,174.698813,30892700
5/12/2020,174.0883636,178.4093329,173.8880619,178.1804166,32038200
5/13/2020,171.4557037,175.5572895,168.393818,174.1265048,44711500
5/14/2020,172.1997528,172.3523734,167.5735419,169.347716,41873900
5/15/2020,174.7083893,178.4284244,168.8326288,170.7975712,46610400
5/18/2020,176.377655,177.6081238,175.471494,177.1788912,35264500
5/19/2020,175.1566772,177.9896323,175.0231379,176.4920706,26799100
5/20/2020,177.5862579,177.7679978,175.9410539,176.7732158,31261300
5/21/2020,175.4532166,178.5523247,175.3193053,177.3375488,29119500
5/22/2020,175.5297089,176.438408,174.60189,175.2236323,20826900
5/26/2020,173.6741333,178.389737,173.2245709,178.2366914,36073600
5/27/2020,173.9036255,174.0758054,168.920201,172.363639,39517100
5/28/2020,173.5114594,176.1418702,172.5358266,172.8801718,33810200
5/29/2020,175.2810364,176.2566839,172.5645425,174.7836454,42130400
6/1/2020,174.8792725,175.0418779,173.5688543,174.6018755,22622400
6/2/2020,176.8688812,176.9549639,173.4636961,176.2375789,30794600
6/3/2020,177.2992554,177.8540347,175.5966633,176.7827448,27311000
6/4/2020,174.9653778,177.7583944,174.3723443,176.2853706,28761800
6/5/2020,179.0592957,179.5662466,174.094989,174.6784628,39893600
6/8/2020,180.1688385,180.3505784,176.4193083,177.8540782,33211600
6/9/2020,181.5462036,182.4070596,179.116652,179.824477,29783900
6/10/2020,188.2800446,189.8869942,182.7035712,182.8183627,43872300
6/11/2020,178.1697235,187.2470247,177.9784238,184.7314049,52854700
6/12/2020,179.5758057,183.3827244,177.1271194,182.2540311,43373600
6/15/2020,180.7236176,182.5218672,176.0079996,176.5532192,32770200
6/16/2020,185.152298,187.0748846,183.1340542,184.5018613,42556700
6/17/2020,185.7931671,187.7827167,185.2670818,186.5488063,25687800
6/18/2020,187.7826691,187.9452746,185.5635515,185.5635515,23061600
6/19/2020,186.663559,190.6235233,185.9174798,189.9539669,44441100
6/22/2020,191.8478546,192.0295799,186.7400632,187.2757082,32818900
6/23/2020,193.1295776,195.0808581,192.6704408,193.301743,30917400
6/24/2020,189.2365875,194.411328,188.0122517,192.8330869,36740600
6/25/2020,191.6278534,191.886116,186.9696387,189.1983163,27803900
6/26/2020,187.7922211,191.1974054,186.40528,191.0443598,54675800
6/29/2020,189.8105316,189.8966143,185.1331814,187.2662023,26701600
6/30/2020,194.6599884,195.5112845,189.140918,189.2748292,34310300
7/1/2020,195.7982178,197.3764731,192.9956416,194.3060598,32061200
7/2/2020,197.2904358,198.9739086,196.0852342,196.7356563,29315800
7/6/2020,201.5373383,201.9486465,199.0408381,199.7486632,31897600
7/7/2020,199.193924,205.3347385,198.9452357,201.2982506,33600700
7/8/2020,203.5747223,203.986016,199.6147579,200.9347509,33600000
7/9/2020,204.9999084,206.9703232,202.2738401,206.9224947,33121700
7/10/2020,204.3781891,204.770363,201.9008232,204.3303605,26177600
7/13/2020,198.0651855,206.4155413,197.519966,205.1529369,38135600
7/14/2020,199.2895203,199.7677768,193.2443502,197.1660599,37591800
7/15/2020,198.9929657,202.1399018,196.1138667,200.4468696,32179400
7/16/2020,195.0521851,196.7547775,193.5121981,196.4678206,29940700
7/17/2020,194.0574188,196.1234764,192.6322088,195.5782714,31635300
7/20/2020,202.3981781,203.0677344,194.1817195,196.0851858,36884800
7/21/2020,199.6721344,204.6364403,198.9834437,204.3686178,37990400
7/22/2020,202.541687,203.0677722,199.3278018,200.1025752,49605700
7/23/2020,193.7321777,201.747763,193.3591382,198.1799729,67457000
7/24/2020,192.5461121,194.0382703,188.9209188,191.7043758,39827000
7/27/2020,194.9852295,195.1000064,192.1252497,192.7087233,30160900
7/28/2020,193.2348175,195.7982661,192.966995,194.7556701,23251400
7/29/2020,195.1860657,195.7504049,193.2252109,193.6939075,19632600
7/30/2020,195.0330353,195.5686949,190.891346,192.2591528,25079600
7/31/2020,196.0947723,196.1808696,190.3556929,195.5112987,51044000
8/3/2020,207.1233521,208.1755224,201.2886306,202.3216665,78983000
8/4/2020,204.0146942,205.4303443,201.164289,204.8564305,49280100
8/5/2020,203.6799011,205.6503158,202.3694829,205.5546586,28806400
8/6/2020,206.9416199,206.9607396,202.350354,203.1059929,32656800
8/7/2020,203.2399292,206.319903,201.7573308,205.5068755,27820400
8/10/2020,199.193924,202.6660724,197.3765543,202.4651982,36716500
8/11/2020,194.5356598,198.6199607,194.3060914,198.1512785,36446500
8/12/2020,200.0930023,201.1355982,195.8460813,196.362592,28013100
8/13/2020,199.6242676,202.1590359,199.0981825,200.3320925,22588900
8/14/2020,199.8155975,200.475594,198.4860448,199.6816863,17958900
8/17/2020,201.1356049,202.0060354,199.8347463,200.4851829,20184800
8/18/2020,202.292984,203.1251458,200.1121351,201.3747249,21336200
8/19/2020,201.0656586,203.366848,200.6341901,202.781964,27627600
8/20/2020,205.7447662,206.1474712,200.3082277,200.9122778,26981500
8/21/2020,204.2489777,207.3459794,204.0859791,205.0543874,36249300
8/24/2020,204.8914185,206.6460708,203.683289,205.9461177,25460100
8/25/2020,207.5569458,207.6911808,204.3257087,204.3257087,23043700
8/26/2020,212.0442352,212.9455335,208.4102933,208.9088866,39600800
8/27/2020,217.2506866,221.6325116,210.3663118,213.7126182,57602200
8/28/2020,219.484726,221.1434898,217.250661,218.7847729,26292900
8/31/2020,216.243866,219.2833404,215.0740979,217.6533403,28774200
9/1/2020,217.912262,218.0848435,215.1891866,216.2247198,25725500
9/2/2020,222.1119385,223.2721239,217.9890002,218.5834674,34080800
9/3/2020,208.3527679,219.868256,206.10912,219.8299095,58400300
9/4/2020,205.4283295,209.3691022,196.7413742,206.2433369,59664100
9/8/2020,194.3155518,201.38209,193.8744857,197.9974376,52924300
9/9/2020,202.59021,205.994043,198.1892049,199.0521566,45679000
9/10/2020,196.9139709,205.898175,195.7058562,204.6133379,35461500
9/11/2020,195.6291351,200.0397376,192.9540188,198.6686097,33620100
9/14/2020,196.9523621,200.5863045,195.6291781,195.8305379,30375800
9/15/2020,200.1835327,201.142358,198.4097002,199.838355,21823900
9/16/2020,196.6071472,201.9765606,196.2140253,201.947797,26328100
9/17/2020,194.5552521,195.9167823,191.7267203,191.813011,34011300
9/18/2020,192.1390381,195.2648039,188.1695012,194.449811,55225300
9/21/2020,194.200531,194.3635442,188.2941764,189.0708228,39839700
9/22/2020,198.8795624,199.5315713,193.7594383,196.6167339,33517100
9/23/2020,192.3307648,199.5315522,191.7938249,199.3397754,30803800
9/24/2020,194.8237305,197.1057395,190.998012,191.6212572,31202500
9/25/2020,199.263092,200.4328455,194.2004807,195.1689037,29437300
9/28/2020,200.8164215,203.8175501,199.4932376,202.1971326,32004900
9/29/2020,198.72612,201.4204313,198.2946516,200.7300759,24221900
9/30/2020,201.6697693,203.2518255,198.0358124,199.1768171,33829100
10/1/2020,203.7120361,205.1790377,202.6189758,204.6996251,27158400
10/2/2020,197.7001953,202.3025598,197.0769501,199.4356668,33154800
10/5/2020,201.7176971,201.7464607,198.4576819,198.6878053,21331600
10/6/2020,197.4317474,201.5259215,196.3866312,200.2219329,28554300
10/7/2020,201.1903229,201.4587928,198.2083755,198.5343726,25681100
10/8/2020,201.9094849,202.494369,199.7425444,201.8423601,19925800
10/9/2020,206.9241333,206.9720775,202.5327107,202.5327107,26458000
10/12/2020,212.2839966,214.6427142,207.8829903,209.781461,40461400
10/13/2020,213.6838531,215.9370989,211.3538996,213.5496182,28950800
10/14/2020,211.7661743,214.9878282,210.1074105,213.81806,23421700
10/15/2020,210.6155853,211.2867602,207.1158639,208.1609947,22733100
10/16/2020,210.6155853,213.1372861,210.2895882,211.0854004,26057900
10/19/2020,205.3996124,213.1469247,204.9201996,211.344328,27625800
10/20/2020,205.8119049,208.4199117,204.3161393,206.9145631,22753500
10/21/2020,205.9557037,207.9884089,204.3448694,204.3448694,22724900
10/22/2020,206.0420074,207.1638315,202.9833518,205.1215285,22351500
10/23/2020,207.3268127,207.3747569,204.3832264,206.1762252,18879600
10/26/2020,201.4300079,207.4322487,199.5315381,205.0447832,37111600
10/27/2020,204.4695129,205.8310432,201.6697446,202.8778593,36700300
10/28/2020,194.3347321,200.2411002,193.7786262,199.1192762,51195600
10/29/2020,196.2907257,198.822024,194.9963056,195.6674951,31432600
10/30/2020,194.1334076,195.8784625,191.400749,195.1209967,36953700
11/2/2020,193.9991302,196.827662,191.8801198,195.8784197,30842200
11/3/2020,197.9302979,199.5507149,194.7565885,195.494888,27512000
11/4/2020,207.4802246,209.3307652,203.6736867,205.2078131,42311800
11/5/2020,214.0961304,214.8919573,212.0442445,212.8975985,36080100
11/6/2020,214.5084229,215.1220705,209.0527039,213.1085313,25231900
11/9/2020,209.3978882,218.7272557,208.9088925,215.198785,44395000
11/10/2020,202.3217316,207.585688,201.0848533,205.6680373,44045100
11/11/2020,207.6336212,209.0622615,203.4627253,203.6449045,29440800
11/12/2020,206.5693817,210.0882698,205.6297368,208.2665071,21593900
11/13/2020,207.5953217,208.4678564,205.3420903,207.4515037,18621100
11/16/2020,208.2856445,208.7746549,205.6872358,206.0228159,24953300
11/17/2020,205.6296844,208.7170885,205.2653261,207.2021574,24154100
11/18/2020,202.9187622,206.8506221,202.774553,205.3893876,28372800
11/19/2020,204.206955,204.7933704,201.8132235,203.2071721,24792700
11/20/2020,202.2554321,205.0433,201.8805118,203.9954475,22843100
11/23/2020,201.9862213,204.0819259,200.1116198,202.7937397,25683500
11/24/2020,205.5912628,205.9661832,200.7845841,201.4863551,33979700
11/25/2020,205.6008759,206.9659709,204.2454036,206.7929375,21012900
11/27/2020,206.9082794,207.9080768,205.7642876,206.5429818,14512200
11/30/2020,205.7931213,206.4564306,202.6879968,205.8219602,33064800
12/1/2020,207.8503876,208.9174707,205.100967,206.2161052,30904500
12/2/2020,207.0428619,207.1390014,204.5722369,206.5718168,23724500
12/3/2020,205.9565735,208.0138314,205.3893743,206.312263,25120900
12/4/2020,206.0718994,207.0524658,204.9375158,205.937313,24666000
12/7/2020,206.0046234,207.2062931,204.7548987,206.081532,24620000
12/8/2020,207.6580963,208.5617541,204.658734,205.6969782,23284100
12/9/2020,203.6109009,206.9082752,203.0437163,206.8409894,32440600
12/10/2020,202.3804321,204.8414496,202.2266149,203.582102,26733300
12/11/2020,205.0144501,205.0721425,201.0249127,201.9285706,30979400
12/14/2020,205.9181061,207.8504002,204.6491506,204.8606456,28798400
12/15/2020,205.8507996,207.090916,204.0338758,206.8505821,27000600
12/16/2020,210.8016968,211.5996072,206.4180082,206.4468471,35023300
12/17/2020,210.936264,212.3494286,209.4942606,211.3688621,32515800
12/18/2020,210.1383667,211.1958418,207.6677416,210.1383667,63354900
12/21/2020,213.9837036,215.3391904,208.8790135,209.1385783,37181900
12/22/2020,215.2814941,216.9061536,213.2723063,214.0798247,22612200
12/23/2020,212.474411,214.9161971,212.262916,214.483599,18699600
12/24/2020,214.1375122,214.9642614,212.647439,212.8589341,10550600
12/28/2020,216.2620392,217.2906605,214.397046,215.7717487,17933500
12/29/2020,215.4833832,218.3962291,214.9354295,217.5598717,17403200
12/30/2020,213.1088867,216.9061744,212.9070144,216.5216313,20272300
12/31/2020,213.8202972,214.3778737,211.186232,213.1281343,20942100
1/4/2021,209.2731476,214.3778372,206.5044964,213.9260083,37130100
1/5/2021,209.4750061,210.0710441,207.3600709,208.859752,23823000
1/6/2021,204.0435181,208.119587,203.7455063,203.9666094,35930700
1/7/2021,209.8499451,210.8593504,205.4470409,205.7642687,27694500
1/8/2021,211.1285248,212.0514134,208.638669,210.2248669,22956200
1/11/2021,209.0809021,210.445997,208.3502776,210.023007,23031300
1/12/2021,206.6198883,208.7059998,205.0721518,208.1291925,23249300
1/13/2021,207.9754028,208.3791621,205.6585798,205.7451112,20087100
1/14/2021,204.7836761,209.0520078,204.5145034,207.5619349,29480800
1/15/2021,204.4280396,206.2161246,203.8320161,205.2644116,31746500
1/19/2021,208.0714874,208.5906022,204.408801,205.4854922,30480900
1/20/2021,215.6660614,217.0599953,208.8886413,209.2827925,37777300
1/21/2021,216.2716827,217.5502609,213.8202739,216.012118,30709400
1/22/2021,217.2138062,221.1745194,217.0696117,218.3001202,30172700
1/25/2021,220.6553802,220.8957142,215.5506901,220.2612291,33152100
1/26/2021,223.3471069,225.125569,221.1841018,222.895278,49169600
1/27/2021,223.8950806,231.14356,221.2417993,228.7978985,69870600
1/28/2021,229.6919403,233.2585023,226.0004146,226.5003133,49111200
1/29/2021,222.991394,228.817085,222.4049788,226.865575,42503100
2/1/2021,230.3840942,233.1239068,223.4432493,225.9715669,33314200
2/2/2021,230.2494812,232.9412238,229.4611936,231.9702801,25916300
2/3/2021,233.6045685,235.6137565,230.0091678,230.3071942,27158100
2/4/2021,232.652832,233.8352854,231.0762422,233.277709,25296100
2/5/2021,232.835495,233.8737393,231.1243187,232.8643339,18054800
2/8/2021,233.095047,234.2582549,231.4992264,233.7487482,22211900
2/9/2021,234.3448029,235.2965158,232.0472112,232.5182563,23565000
2/10/2021,233.4315643,236.4116965,231.5761786,235.5272693,22186700
2/11/2021,235.0369568,235.6714272,232.7874202,235.3157377,15751100
2/12/2021,235.5176392,235.8156509,233.3450111,234.498611,16561100
2/16/2021,234.2774658,236.6135188,233.5276253,235.5560438,26728500
2/17/2021,235.2988434,235.4048344,232.1576765,232.5238301,21653500
2/18/2021,234.9037933,235.0386897,232.0805995,232.9863387,16925600
2/19/2021,232.1865845,234.9712427,231.4253719,234.8652516,25262600
2/22/2021,225.9620361,229.2573744,223.9289457,228.7659693,36446900
2/23/2021,224.7672729,226.2704083,220.3927485,221.9344341,30228700
2/24/2021,226.0005798,226.6268812,220.6528762,221.6260561,26339700
2/25/2021,220.6432495,226.039119,219.5737088,223.6206145,39542200
2/26/2021,223.9097137,226.7907183,221.1732211,223.0906905,37819200
3/1/2021,228.3034668,228.814147,224.6516052,227.3013669,25324000
3/2/2021,225.3453827,228.6503661,224.9406935,228.3709284,22812500
3/3/2021,219.2653656,225.0659389,218.9762978,223.6977001,34029500
3/4/2021,218.4656372,224.0156933,216.0856681,218.4752821,44727800
3/5/2021,223.1581726,224.7672992,218.2055265,221.153987,41872800
3/8/2021,219.1015625,224.8635855,218.8510449,222.9364861,35267400
3/9/2021,225.258667,226.8003525,223.2255764,224.3914781,33080500
3/10/2021,223.9482269,228.3612865,223.5820733,228.3612865,29746800
3/11/2021,228.486557,230.452192,225.7693397,226.3956558,29907600
3/12/2021,227.1568756,227.2243312,224.7287259,225.4802936,22653700
3/15/2021,226.2511444,226.6172981,223.3604948,226.3956857,26034900
3/16/2021,229.0454254,231.3097586,227.3399382,227.6675416,28092200
3/17/2021,228.3998718,229.8548416,224.7287489,227.542313,29562100
3/18/2021,222.3102112,225.6537302,221.9344273,224.0831393,34833000
3/19/2021,221.9536591,223.9963795,220.9901094,222.5992355,46430700
3/22/2021,227.3881073,228.2649264,221.7513355,221.8766016,30127000
3/23/2021,228.9201355,232.2636541,228.4287305,228.8334196,31638400
3/24/2021,226.8774109,229.3248206,226.7425145,229.180294,25620100
3/25/2021,223.87117,228.3035053,223.1292472,226.7232841,34061900
3/26/2021,227.8602295,228.0818565,223.1099365,223.1099365,25479900
3/29/2021,226.6654663,228.1686017,223.4279383,227.9662498,25227500
3/30/2021,223.3990479,225.3261476,222.6763854,225.0178046,24792000
3/31/2021,227.1761169,230.3847392,223.9193143,224.4203642,43623500
4/1/2021,233.5163116,233.9884417,229.3730444,229.7777335,30338000
4/5/2021,239.9913483,240.848907,233.8535262,233.9113369,36910600
4/6/2021,238.8254395,240.3092996,237.8811648,238.584552,22931900
4/7/2021,240.7911072,241.7835624,238.1798953,238.7772915,22719800
4/8/2021,244.0189819,244.8765407,242.8145447,243.5564822,23625200
4/9/2021,246.5242004,246.6590968,243.2384924,243.6528117,24326800
4/12/2021,246.5820007,248.2778576,245.3390134,245.4257441,27148700
4/13/2021,249.0679626,249.7424592,247.4684666,247.8828153,23837500
4/14/2021,246.2737122,249.3956044,245.8593928,248.0948356,23070900
4/15/2021,250.0411682,250.4554876,248.3356957,248.528388,25627500
4/16/2021,251.2360382,251.4865706,248.2105063,250.0123402,24878600
4/19/2021,249.3088989,251.9490457,248.4224495,250.7060581,23209300
4/20/2021,248.8463593,250.7156481,247.4781057,248.422395,19722900
4/21/2021,251.0817871,251.178148,247.8731793,249.5015808,24030400
4/22/2021,247.7961273,252.238078,246.3218825,250.7252977,25606200
4/23/2021,251.6310577,251.977951,247.8924793,248.4802601,21462600
4/26/2021,252.016449,252.8740224,250.6867749,252.1224547,19763300
4/27/2021,252.4211731,253.5967052,250.6385999,252.0453745,31014200
4/28/2021,245.2812653,247.1891047,243.7299493,246.7458506,46903100
4/29/2021,243.3059692,246.7651244,239.9239145,246.1484531,40589000
4/30/2021,242.9879761,243.8551797,240.5020306,240.636927,30945100
5/3/2021,242.6796265,245.0788705,241.9665944,244.1634865,19626600
5/4/2021,238.7580261,242.0533798,236.802021,241.8221225,32756100
5/5/2021,237.4861145,240.4056691,236.859813,239.9817049,21901300
5/6/2021,240.6272888,240.752555,235.7710043,237.4668466,26491100
5/7/2021,243.2577667,245.0306947,242.0147794,242.959054,27032900
5/10/2021,238.1702576,242.5544126,238.1124469,241.7257591,29299900
5/11/2021,237.2548523,237.6113757,233.7282714,235.6360958,33641600
5/12/2021,230.2883911,235.4722935,229.3922969,233.3428421,36684400
5/13/2021,234.1714935,236.6478234,232.6201779,232.9863315,29624300
5/14/2021,239.1048584,240.0973134,236.5418273,236.6285433,23901100
5/17/2021,236.2431488,237.6017576,234.6436672,237.5632221,24970200
5/18/2021,234.2196808,237.4283033,234.0462342,237.2934069,20168000
5/19/2021,234.7991486,234.9053844,230.4338574,231.1195492,25739800
5/20/2021,238.0441589,239.463849,235.5138338,235.6104171,21800700
5/21/2021,236.7789764,239.830828,236.3637004,239.0968445,21863100
5/24/2021,242.1970062,242.5640054,239.0389185,239.3093342,21411500
5/25/2021,243.1048431,244.09959,242.2356517,243.1531348,17704300
5/26/2021,242.8827057,244.2830762,242.168027,242.8247468,17771600
5/27/2021,240.777298,242.8730274,240.7193538,242.5736396,24426200
5/28/2021,241.134613,243.4524811,241.0187248,242.4094427,18270200
6/1/2021,238.9326477,242.6895106,238.5077192,242.6315665,23213300
6/2/2021,238.8360901,240.7386675,237.4260525,239.6376849,19406700
6/3/2021,237.3005066,237.9089346,234.6832507,236.8272717,25307700
6/4/2021,242.2066498,243.0372167,239.0389097,239.2803534,25281100
6/7/2021,245.123291,245.3937068,241.260192,241.4243719,23079200
6/8/2021,243.925705,247.247972,243.8677461,246.4270577,22455000
6/9/2021,244.9108124,246.7844177,244.543828,245.123284,17937600
6/10/2021,248.4358673,248.6483389,244.9880594,245.586835,24563600
6/11/2021,249.0636444,249.6430856,247.8274245,249.1601983,18999700
6/14/2021,250.9951477,251.0530918,248.0108786,249.0732364,19150500
6/15/2021,249.5175323,251.0917498,248.8608126,250.8792782,18038900
6/16/2021,248.5711212,251.6615829,245.7124213,250.5219757,27220000
6/17/2021,251.9706573,252.7915719,247.2480336,247.3059777,27565500
6/18/2021,250.5509491,253.3227181,249.8942293,250.7441158,37202200
6/21/2021,253.641449,254.5009732,249.0926578,250.9276241,26696100
6/22/2021,256.4228516,256.6932673,253.4192769,253.7283319,24694100
6/23/2021,256.19104,257.6976462,255.3797928,256.886399,19518700
6/24/2021,257.5624084,258.6827104,256.3841624,257.0505491,21446900
6/25/2021,255.9496613,258.10335,255.6985798,257.1182701,25611100
6/28/2021,259.5229492,259.6967816,256.809125,257.0795407,19590000
6/29/2021,262.1112366,262.3526802,258.8083037,259.6678279,19937800
6/30/2021,261.6283264,262.0725745,260.3728313,261.425522,21656500
7/1/2021,262.3044434,262.5362199,260.3728937,260.3825315,16725300
7/2/2021,268.1473083,268.4853353,263.1735751,263.4826301,26458000
7/6/2021,268.157074,269.8085409,264.9120548,268.514406,31565600
7/7/2021,270.3493347,271.083333,267.6644819,269.8374752,23260000
7/8/2021,267.9253235,269.1904864,265.4625795,267.4231016,24618600
7/9/2021,268.4273987,268.5336197,265.8970739,266.2833779,23916700
7/12/2021,267.8287354,270.1948665,267.1140418,269.6057578,18931700
7/13/2021,271.3633728,273.1693667,267.8962453,268.0217713,26120100
7/14/2021,272.8410034,273.9516384,270.9480639,272.6864759,23113700
7/15/2021,271.4116516,272.8410087,270.2527102,272.3484542,22604200
7/16/2021,271.1412048,274.3765555,269.8953474,272.4160343,26186800
7/19/2021,267.5292358,270.7742244,265.0568552,269.3835066,32935600
7/20/2021,269.7601929,271.3537152,266.8049247,268.5143353,26259700
7/21/2021,271.7690125,271.8849007,267.7996923,269.3545755,24364300
7/22/2021,276.3467712,276.617187,273.719863,274.1254719,23384100
7/23/2021,279.756012,280.0650375,276.6944927,277.5347121,22768100
7/26/2021,279.157135,279.7752449,276.8296442,279.1088581,23176100
7/27/2021,276.7330627,279.6689963,273.2659355,279.524136,33604100
7/28/2021,276.4240417,280.2195293,274.115826,279.0992271,33566900
7/29/2021,276.6944275,278.741865,276.2887892,276.4433167,18168300
7/30/2021,275.1588745,276.8489802,274.1930998,275.4099854,20944800
8/2/2021,275.0719604,276.9552035,274.0289073,276.5592323,16267400
8/3/2021,277.2932129,277.3994634,274.2800007,275.6514137,17879000
8/4/2021,276.7041016,277.7471252,274.9077454,276.4240187,16191300
8/5/2021,279.6110535,279.717304,276.3081208,277.0614238,13900200
8/6/2021,279.5531311,279.5917703,277.7761092,278.6356628,16589300
8/9/2021,278.461853,281.5716493,277.9596607,279.8332663,16117600
8/10/2021,276.6365051,279.3503297,275.4389539,278.9157193,18616600
8/11/2021,277.1290588,278.7805253,276.0763385,277.3801402,13955900
8/12/2021,279.8912048,280.0457323,276.539965,276.8200479,14561300
8/13/2021,282.8271484,282.8754254,279.3986303,279.5724922,18249000
8/16/2021,284.5172729,284.7297446,280.0940077,283.1555269,22507600
8/17/2021,283.0492249,283.3872519,281.1176755,282.3828675,20075300
8/18/2021,281.3171997,285.2747764,280.8720716,282.5847842,21813000
8/19/2021,287.1616211,287.8389694,279.2948667,279.3432361,29850500
8/20/2021,294.5058899,295.9379834,288.4098733,290.016132,40817600
8/23/2021,294.7865295,295.5122473,292.0771952,293.4318624,22830200
8/24/2021,292.8222961,295.7541949,292.2223741,295.1445872,18175800
8/25/2021,292.2319946,294.7284504,290.6934767,294.4478313,20006100
8/26/2021,289.4065247,292.6383838,289.2710727,291.2450035,17666100
8/27/2021,290.0161743,291.1289357,287.2197277,289.3097984,22605700
8/30/2021,293.7608337,294.3704413,291.3127473,291.3708024,16348100
8/31/2021,292.1062317,294.6414009,291.73853,294.564004,26285300
9/1/2021,292.0578308,295.3090616,291.7288423,293.0641677,18983800
9/2/2021,291.3998718,293.5383119,290.4612757,292.4158944,16285600
9/3/2021,291.3901367,292.8028587,290.5386234,291.2449696,14747900
9/7/2021,290.4612732,291.3418143,288.5453972,291.2644174,17180400
9/8/2021,290.4903564,290.8774001,287.8390765,290.0742853,15046800
9/9/2021,287.6261597,292.357854,287.3842537,291.0805835,19927000
9/10/2021,286.1359253,290.2096413,285.8166225,288.7582061,19633400
9/13/2021,287.3744812,288.8743153,284.5586934,287.916348,23652900
9/14/2021,290.0838623,291.6320658,288.4485762,289.8612983,21853400
9/15/2021,294.9510193,295.4348311,292.0481486,293.4415289,28356300
9/16/2021,295.3381042,295.4251868,291.0225109,293.9253819,19550800
9/17/2021,290.1613464,294.6414494,289.8323579,294.3221465,41372500
9/20/2021,284.771637,289.0485466,280.146397,286.7359119,38278700
9/21/2021,285.2553711,287.9066793,284.5490249,286.1165701,22364100
9/22/2021,288.9130554,290.4999724,284.9748496,287.1229753,26626300
9/23/2021,289.8613892,291.1580015,287.897114,289.1743845,18604600
9/24/2021,289.6581726,290.0935856,287.3165102,288.5744387,14999000
9/27/2021,284.6458435,286.8713659,283.4556559,286.5520632,23571700
9/28/2021,274.3406067,281.3655628,273.5955472,280.4172811,43186200
9/29/2021,274.8051147,277.4854216,273.8471768,275.8695067,26353700
9/30/2021,272.79245,278.5110793,272.5021452,276.459722,32343600
10/1/2021,279.7400208,280.5915343,272.1828819,272.9859966,30086300
10/4/2021,273.9438782,278.4336654,271.1764891,278.0949913,31350700
10/5/2021,279.4110107,280.9978982,274.8534822,274.8534822,24993000
10/6/2021,283.6201172,284.1233003,276.266202,276.5274497,28002600
10/7/2021,285.3038635,287.0359183,284.4039805,285.6231664,20430500
10/8/2021,285.3038635,287.0359183,284.2491572,286.6295033,17685700
10/11/2021,284.7039185,288.3228215,283.2718248,283.4363338,19298600
10/12/2021,283.3975525,285.8746661,282.8847133,285.7778978,17974100
10/13/2021,286.7165222,287.6551182,283.9878168,285.3618552,23416300
10/14/2021,292.9480286,293.4511822,288.1873077,289.5226329,27262900
10/15/2021,294.3608093,294.5930591,290.7902754,292.5513577,25384800
10/18/2021,297.3410645,298.2312616,292.88999,293.7415035,22729300
10/19/2021,298.2506409,299.2859757,297.2733316,298.366751,17682100
10/20/2021,297.4571838,299.6730502,296.1992554,299.1988946,16537100
10/21/2021,300.6987,300.950262,296.4411328,297.224935,16918100
10/22/2021,299.1504822,301.0179884,297.8344989,300.3503259,17449300
10/25/2021,298.1539307,299.3828023,296.5379859,299.3440891,17554500
10/26/2021,300.0697327,302.2855989,298.6086411,300.9309318,28107300
10/27/2021,312.7069397,315.5420698,305.7690653,305.7690653,52588700
10/28/2021,313.8486938,314.3518474,310.9554794,313.8293225,26297900
10/29/2021,320.8833313,321.251033,313.413276,313.63584,34766000
11/1/2021,318.7061768,320.757534,315.803306,320.6317383,27073200
11/2/2021,322.3443909,322.6540374,319.3157249,319.6156858,26487100
11/3/2021,323.1862183,324.0570734,319.9446739,323.08945,21500100
11/4/2021,325.5472107,325.6439789,318.8415878,322.1121595,23992200
11/5/2021,325.1795349,327.8211576,323.5926478,327.5502242,22570100
11/8/2021,326.0794983,326.7181335,323.6120697,326.3794593,20897000
11/9/2021,325.0731506,327.7534573,323.6991122,326.195568,21307400
11/10/2021,320.0898743,323.7958892,319.2383903,323.7378341,25500900
11/11/2021,321.6671448,322.963757,319.8093238,320.5253559,16849800
11/12/2021,325.8182373,326.3117348,322.9831071,323.1089029,23831000
11/15/2021,325.18927,326.9406664,323.2153096,326.6116779,16723000
11/16/2021,328.5178833,329.6403302,324.6473891,324.8118685,20886800
11/17/2021,328.7408447,331.716891,327.6551283,328.5663609,19053400
11/18/2021,330.8249817,331.9688888,326.8020037,327.8295587,22463500
11/19/2021,332.6087036,334.5378175,331.7265813,332.1531169,21963400
11/22/2021,329.4291077,338.9679694,329.1576786,334.0725126,31031100
11/23/2021,327.3448486,329.0606944,323.3509514,326.7341259,30427600
11/24/2021,327.5678711,327.8102196,323.6902958,325.9877544,21661300
11/26/2021,319.5898132,327.5873139,318.0775609,324.1168963,24217200
11/29/2021,326.3270874,328.6536269,324.4949187,324.6888093,28563500
11/30/2021,320.4718933,327.4418371,318.9208573,325.0571366,42885600
12/1/2021,319.9775391,328.8959752,319.3086845,324.8729962,33337600
12/2/2021,319.4055786,323.2831541,317.7673006,320.1907853,30766000
12/3/2021,313.1239014,322.5173297,308.2963096,321.8290388,41779300
12/6/2021,316.206543,317.4279885,309.4595709,314.0351105,30032600
12/7/2021,324.6694031,325.5224448,319.9969176,321.4897924,31021900
12/8/2021,324.7178955,325.2316731,320.6755097,325.0474859,24761000
12/9/2021,322.9051208,326.1913509,321.9551042,324.1750245,22214200
12/10/2021,332.0561829,332.5020958,324.5433804,324.7275676,38095700
12/13/2021,329.0122681,333.2679213,328.7020549,330.253091,28899400
12/14/2021,318.2908325,324.3980327,314.1902851,323.0214801,44438700
12/15/2021,324.4076233,324.9311042,314.5682823,318.5524766,35381100
12/16/2021,314.9560852,326.4531127,313.1336199,325.4352313,35034800
12/17/2021,313.889801,314.9755473,307.5402814,311.0591868,47750300
12/20/2021,310.1187134,312.9202455,307.8503359,310.2544131,28326500
12/21/2021,317.2729187,317.6994544,310.0121387,313.3953433,24740600
12/22/2021,323.0020142,323.3994396,315.7800188,318.251961,24831500
12/23/2021,324.4464722,326.0944538,322.5464683,322.5658455,19617800
12/27/2021,331.9689636,331.9980443,325.1637993,325.1928799,19947000
12/28/2021,330.8056946,333.2873408,329.9041653,332.6475372,15661500
12/29/2021,331.4842834,333.7623356,329.2837402,330.8541537,15042000
12/30/2021,328.9347534,332.6281419,328.4500565,331.4454801,15994500
12/31/2021,326.0265808,328.9735171,325.5709645,328.1495559,18000800
1/3/2022,324.5046692,327.6552,319.6867794,325.0863116,28865100
1/4/2022,318.9402771,324.9408273,316.1387147,324.5821268,32674300
1/5/2022,306.6968079,316.0902359,306.3090563,315.8866419,40054300
1/6/2022,304.2733154,308.9458004,301.9564502,303.5656473,39646100
1/7/2022,304.4284668,306.8131675,300.5993491,304.5350859,32720000
1/10/2022,304.6513672,305.0876062,295.364588,300.0176662,44289500
1/11/2022,305.3397217,306.919809,300.4055099,303.7886854,29386800
1/12/2022,308.5289917,313.5116906,307.3754106,309.8861669,34372200
1/13/2022,295.4713135,311.0591874,294.69581,310.6617322,45366000
1/14/2022,300.7059937,301.3070131,294.4533913,294.9380882,39846400
1/18/2022,293.3870239,300.3181836,292.504872,294.7635761,42333200
1/19/2022,294.0462036,304.3024064,293.4355104,296.9156305,45933900
1/20/2022,292.3692322,302.1116299,291.9233192,299.6106064,35380700
1/21/2022,286.9697266,294.8024177,286.562568,293.4258946,57984400
1/24/2022,287.2992249,288.0165668,267.6011365,283.2568694,85731500
1/25/2022,279.6604919,285.9615535,276.442126,282.5977549,72848600
1/26/2022,287.6287842,299.0579437,284.0614226,298.5635435,90428900
1/27/2022,290.6630554,297.8947254,288.8115096,293.3967532,53481300
1/28/2022,298.8253784,299.0386463,285.4380508,291.0411464,49743700
1/31/2022,301.4621582,302.8193039,296.9932365,299.4942896,46444500
2/1/2022,299.3100891,301.1228511,295.7911843,300.9095832,40950400
2/2/2022,303.8661804,305.4753777,299.4263697,300.1534151,36636000
2/3/2022,292.0299683,301.7045319,290.7794416,300.0177661,43730000
2/4/2022,296.5763855,299.348838,290.7891025,291.0217476,35096500
2/7/2022,291.7391052,298.4182138,290.7212239,296.7993426,28533300
2/8/2022,295.2385559,296.2079497,290.769665,292.029865,32421200
2/9/2022,301.6850281,302.3829928,297.9819663,300.386044,31284700
2/10/2022,293.1253052,299.65901,291.4967307,294.7345025,45386200
2/11/2022,286.0100403,294.9769356,285.21513,293.9105962,39175600
2/14/2022,285.9711914,287.6773341,282.4329097,284.7788263,36359500
2/15/2022,291.2737732,291.5936601,287.9293526,290.8278603,27058300
2/16/2022,290.9338074,292.2646184,285.2802618,289.8361225,29982100
2/17/2022,282.4146423,288.3110076,281.7055109,287.8835899,32461600
2/18/2022,279.6947632,285.4551492,278.1211024,284.6683188,34264000
2/22/2022,279.4906921,283.2014404,276.3627887,276.8484878,41736100
2/23/2022,272.2538147,283.3569208,272.0886936,281.8803763,37811200
2/24/2022,286.1641846,286.7178886,263.7540216,264.7157259,56989700
2/25/2022,288.8063965,289.117251,283.3082791,286.698479,32546700
2/28/2022,290.2441406,290.584136,284.6197355,285.8922651,34627500
3/1/2022,286.5139465,291.3903554,283.7940134,287.9224563,31217800
3/2/2022,291.6040344,292.847423,285.2996695,286.9121644,31873000
3/3/2022,287.4562073,294.4599809,285.6396675,294.2268548,27314500
3/4/2022,281.569519,287.2036474,278.9564847,285.8728364,32356500
3/7/2022,270.9327087,281.4043814,270.5635726,280.2775558,43157200
3/8/2022,267.9602356,275.8382618,262.2775494,269.8544446,48159500
3/9/2022,280.2484131,281.3169572,272.7492169,275.33314,35204500
3/10/2022,277.4216614,278.4027832,272.554946,274.9251604,30628000
3/11/2022,272.0595398,281.2295425,271.4378306,279.7238573,27209300
3/14/2022,268.5333862,277.2371079,267.9311239,272.3218342,30660700
3/15/2022,278.9370422,279.5878922,270.7578844,272.331545,34245100
3/16/2022,285.9699402,286.1447848,275.0999916,280.8409291,37826300
3/17/2022,286.7761841,287.155014,281.0934986,284.9013926,30816600
3/18/2022,291.8371582,292.3908623,284.3574097,286.9218856,43390600
3/21/2022,290.6035461,291.5555272,286.4653795,290.3412792,28351200
3/22/2022,295.3633728,296.2764896,290.2246674,291.2252064,27599700
3/23/2022,290.9240723,294.5571221,289.2047079,291.9149175,25715400
3/24/2022,295.4022827,295.4994285,289.7876007,290.5841546,24484500
3/25/2022,294.9942627,296.7622149,290.7298391,296.499948,22566500
3/28/2022,301.813446,301.9105622,295.6256143,295.6256143,29578200
3/29/2022,306.3887329,306.7870098,300.2106245,304.9316355,30393400
3/30/2022,304.8830566,306.9133052,302.6682697,304.7859405,28163600
3/31/2022,299.4917603,306.1264262,299.0837896,304.9218723,33422100
4/1/2022,300.5700684,301.2597528,296.8010383,300.5214807,27110500
4/4/2022,305.9613342,306.0973146,300.8517695,301.2209056,24289600
4/5/2022,301.9883118,305.8641815,301.00719,304.3099383,23156700
4/6/2022,290.9338074,298.219295,288.2235977,296.4610664,40110400
4/7/2022,292.7503357,294.9651229,287.8739263,288.1750575,31411200
4/8/2022,288.4761353,292.507432,287.8058681,291.8468883,24361900
4/11/2022,277.1010132,284.240765,276.8484402,283.4442412,34569300
4/12/2022,273.9925537,282.4242824,272.4674515,280.9671852,30966700
4/13/2022,279.3935852,280.3261193,273.2543406,274.6434627,21907200
4/14/2022,271.826416,280.0638856,271.331023,279.8501767,28221600
4/18/2022,272.4966125,274.3811274,270.3789716,270.9326757,20778000
4/19/2022,277.1399231,277.9850645,270.4470042,271.3892618,22297700
4/20/2022,278.1696777,281.414175,277.2080026,281.1227377,22906700
4/21/2022,272.7783813,284.9111378,272.0498326,280.3261362,29454600
4/22/2022,266.1923218,275.1000588,265.5609187,273.6235142,29405800
4/25/2022,272.6908875,273.0697173,263.0254641,265.4734064,35678900
4/26/2022,262.4912109,270.3983765,262.2775022,269.5629883,46518400
4/27/2022,275.1194458,282.6477831,271.1755708,274.0314844,63477700
4/28/2022,281.3461304,282.6575242,273.4097922,277.033119,33646600
4/29/2022,269.5824585,281.5889575,268.5916429,280.3552626,37073900
5/2/2022,276.3336792,276.7902376,268.3196431,269.7670171,35151100
5/3/2022,273.7206116,276.0034035,272.1372276,275.8382527,25978600
5/4/2022,281.6860962,282.5603488,268.8150684,274.5074484,33599300
5/5/2022,269.4172974,278.1598812,266.4933793,277.373051,43260400
5/6/2022,266.8722534,271.2629629,263.5111941,266.9499522,37780300
5/9/2022,257.0125732,264.5700515,255.7886314,262.3358471,47726000
5/10/2022,261.7918701,265.9203133,257.4885823,263.919235,39336400
5/11/2022,253.0978394,263.5986536,251.8835914,258.0811179,48975900
5/12/2022,248.0465698,252.4470031,242.8690149,250.3196384,51033800
5/13/2022,253.6515961,255.5166944,248.0466369,249.989434,34925100
5/16/2022,254.0206451,258.2170927,248.4642459,252.5246835,32550900
5/17/2022,259.1884766,260.6552677,254.953165,258.4987625,28828800
5/18/2022,247.3877258,256.6569804,246.1122326,256.072778,31356000
5/19/2022,246.4724884,250.8831854,245.2456812,247.2124652,32692300
5/20/2022,245.9077911,251.7302939,239.9489913,250.464517,39199300
5/23/2022,253.7846375,254.6122549,246.7548065,248.7605599,33175400
5/24/2022,252.7817993,254.4467509,246.8230003,251.0973852,29043900
5/25/2022,255.6054077,257.6111465,250.3573918,251.3407986,28547900
5/26/2022,258.8964233,260.0745447,254.544158,255.3620296,25002100
5/27/2022,266.0430298,266.1404018,260.5126444,261.4084252,26910800
5/31/2022,264.709137,267.5327471,261.846572,265.3517566,37827700
6/1/2022,265.2446594,270.3758406,262.9273422,267.951435,25292200
6/2/2022,267.3478088,267.4159722,254.7097088,257.4846484,44008200
6/3/2022,262.9078369,266.2475155,261.3402575,263.1902068,28059000
6/6/2022,261.6713257,266.9582964,260.1816259,264.8941404,22400300
6/7/2022,265.3226013,265.9360125,258.935388,259.6169626,22860700
6/8/2022,263.2876587,265.809437,262.5087121,264.553406,17372300
6/9/2022,257.8156738,265.5270514,257.6598845,260.7269104,26439700
6/10/2022,246.3264618,253.7165292,245.8785713,253.7165292,31422800
6/13/2022,235.8790588,242.4610153,235.1682906,238.653998,46135800
6/14/2022,238.0503387,239.2674148,235.1488188,237.4369277,28651500
6/15/2022,245.12883,248.5755974,239.929485,241.7697033,33111700
6/16/2022,238.5177002,240.9031663,236.6190645,239.5010923,33169200
6/17/2022,241.1270752,243.9020142,237.6024281,238.254779,43084800
6/21/2022,247.0566864,248.0400784,242.9380907,243.6683363,29928300
6/22/2022,246.4627533,250.3963511,243.7754401,245.2554086,25939900
6/23/2022,252.0418091,252.5383856,246.9495823,248.8384866,25861400
6/24/2022,260.6490173,260.9216412,254.8265148,254.9141408,33923200
6/27/2022,257.9130249,261.2331821,256.3454156,261.1455562,24615100
6/28/2022,249.7245178,259.8797922,249.5687285,257.0269734,27295500
6/29/2022,253.404953,255.0699045,249.0234648,250.8052658,20069800
6/30/2022,250.0652924,252.6941884,246.2388125,250.2794989,31730900
7/1/2022,252.7428436,252.9278415,247.9037634,249.6368932,22837700
7/5/2022,255.9266968,256.0532774,248.0303087,249.4129049,22941000
7/6/2022,259.1982727,260.931388,255.4886269,256.8030751,23824400
7/7/2022,261.3305359,261.9731555,258.0395578,258.1369299,20859900
7/8/2022,260.6100464,261.0384595,256.3551536,257.8156447,19658800
7/11/2022,257.5430908,259.5098754,255.274444,258.653049,19455200
7/12/2022,246.9885406,258.9353632,245.4014687,258.8769459,35868500
7/13/2022,246.0635681,246.8717084,241.5749911,243.6002074,29497400
7/14/2022,247.3877258,248.4198039,239.4621279,243.9701819,25102800
7/15/2022,249.9582062,253.5120622,248.0595706,248.9845454,29774100
7/18/2022,247.5532532,253.9696741,246.6282784,252.9083875,20975000
7/19/2022,252.6941681,252.879166,246.9982469,250.7955178,25012600
7/20/2022,255.3620453,257.8935697,252.0905588,253.0544736,22788300
7/21/2022,257.8643188,257.9130197,250.2600305,252.9473438,22404700
7/22/2022,253.5022736,258.3413682,252.2462727,258.2537423,21881300
7/25/2022,252.0125885,254.6122757,250.0458046,254.1254453,21056000
7/26/2022,245.2651367,253.0349602,242.9965202,253.015468,39348000
7/27/2022,261.6616211,262.9371145,252.0321302,254.2812845,45994000
7/28/2022,269.1296082,270.5219361,260.8145359,262.6450231,33459300
7/29/2022,273.3454895,274.5723115,269.3437584,270.3855824,32152800
8/1/2022,270.6875,273.8713607,268.5746426,270.502502,21539600
8/2/2022,267.5814819,270.5706279,265.2057471,268.7303946,22754200
8/3/2022,275.0299683,276.0328377,269.3243005,269.4703734,23518900
8/4/2022,276.178833,276.3248762,272.790513,274.3775549,18098700
8/5/2022,275.4584045,276.1789041,271.3398083,271.7974301,16774600
8/8/2022,272.936615,278.3891217,271.9629541,276.5683509,18739200
8/9/2022,274.8644104,275.6238646,270.2979392,272.274499,23405200
8/10/2022,281.5437622,282.1766358,279.382234,280.5798475,24687800
8/11/2022,279.460144,283.5397856,278.9635972,283.189282,20065900
8/12/2022,284.221344,284.221344,279.3822484,280.8816944,22619700
8/15/2022,285.7401733,286.431464,282.4686583,283.3352305,18085700
8/16/2022,285.0002441,286.2952296,282.7705823,284.2992072,18102900
8/17/2022,284.2489624,286.2296882,282.4438604,282.7072962,18253400
8/18/2022,283.1268616,284.8246179,282.0632924,283.1463654,17186200
8/19/2022,279.2044373,282.2291987,278.6287616,281.8876881,20570000
8/22/2022,271.0083313,275.6039998,270.4911969,275.2332186,25061100
8/23/2022,269.7301025,272.0913463,268.7153376,269.7301025,17527400
8/24/2022,269.0958557,270.5009055,268.4323385,268.7250746,18137000
8/25/2022,272.0816345,272.2474915,267.8567175,270.5985096,16583400
8/26/2022,261.5827637,273.5354247,261.4754479,272.3059986,27549300
8/29/2022,258.7922668,260.9095793,257.4457579,259.3972133,20338500
8/30/2022,256.5870361,260.5679908,254.3331082,260.1972394,22767100
8/31/2022,255.1234131,260.6264995,254.986797,258.9482771,24791800
9/1/2022,254.0794678,254.5575946,249.2105964,252.5866057,23263400
9/2/2022,249.8447876,258.3140954,248.2933844,255.3479051,22855400
9/6/2022,247.1029816,251.5718003,245.824781,249.9813895,21328200
9/7/2022,251.8255005,252.5475293,247.0737124,248.5177849,24126700
9/8/2022,252.2450562,254.1086992,248.6055968,251.2595917,20319900
9/9/2022,258.040863,258.7921922,253.9720964,254.1769908,22084700
9/12/2022,260.1777344,260.9583342,258.7239099,259.3288562,18747700
9/13/2022,245.8735657,254.0794222,245.4832658,252.5572898,33353300
9/14/2022,246.0979919,248.0591989,243.7952744,247.3761926,23913000
9/15/2022,239.4240112,245.2978799,238.0970213,243.7074542,31530900
9/16/2022,238.7995605,239.3459656,236.184603,238.3312006,39791800
9/19/2022,238.5848999,239.1898462,235.0039817,236.5846555,26826900
9/20/2022,236.5651245,237.5993933,233.8233327,236.1943582,26660300
9/21/2022,233.1500702,241.6486628,233.1012808,238.3409473,28625600
9/22/2022,235.1308136,237.9409136,231.8035941,232.0963004,31061200
9/23/2022,232.1450806,235.2771723,229.4911006,233.7257543,34176000
9/26/2022,231.6864624,235.5893719,231.1498094,231.2961774,27694200
9/27/2022,230.6717072,235.930877,228.8080643,234.1550461,27018700
9/28/2022,235.2186279,236.4480392,229.0325045,231.0620194,29029700
9/29/2022,231.73526,234.1257892,228.7202659,233.0915205,27484200
9/30/2022,227.2469482,234.7015064,227.0810763,232.5061193,35694800
10/3/2022,234.8966522,235.7455304,228.964227,229.6960227,28880400
10/4/2022,242.839035,244.2831074,239.0336893,239.1410199,34888400
10/5/2022,243.1512909,244.4977996,238.1750896,240.0192139,20347100
10/6/2022,240.7997742,244.2636096,240.107016,241.9121029,20239900
10/7/2022,228.5544128,235.4625653,227.5103773,235.0527466,37769600
10/10/2022,223.6855469,228.8666579,221.2267092,227.3933146,29743600
10/11/2022,219.938736,223.5001353,218.6702873,222.0950854,30474000
10/12/2022,220.2704926,222.3292783,218.5239468,219.928982,21903900
10/13/2022,228.5544128,230.3692666,213.8111699,214.5136948,42551800
10/14/2022,223.0122681,231.4815902,222.7976068,229.8228416,30198600
10/17/2022,231.7645569,233.159855,229.4325687,230.0960712,28142300
10/18/2022,232.7110291,238.0092227,229.6569969,237.3359832,26329600
10/19/2022,230.740036,233.7940679,228.6031904,231.286441,19985700
10/20/2022,230.4180603,235.4528182,229.1691302,230.0472939,21811000
10/21/2022,236.2431335,237.1017785,228.8080949,229.0422748,26299700
10/24/2022,241.248642,241.8243177,235.4430659,237.8433474,24911200
10/25/2022,244.5758514,244.9466178,239.863086,241.2583691,34775500
10/26/2022,225.7052612,232.5158341,224.4758352,225.5588932,82543200
10/27/2022,221.2462158,228.0177672,220.2997589,225.4320803,40424600
10/28/2022,230.1448669,230.8571588,220.5632295,220.7486202,40647700
10/31/2022,226.4956207,229.2178938,225.5393971,228.0860464,28357300
11/1/2022,222.6317139,230.0179773,221.8121064,228.9056486,30592300
11/2/2022,214.7576294,225.6857745,214.6990732,223.8904394,38407000
11/3/2022,209.0496216,215.0601067,208.786171,214.7478667,36633900
11/4/2022,216.0163116,216.2114542,208.2495142,212.2695216,36789100
11/7/2022,222.3390198,222.865921,215.9089791,216.6017522,33498000
11/8/2022,223.3147583,226.0272797,220.358305,223.1488864,28192500
11/9/2022,219.0605774,223.0805848,218.8849536,221.8511587,27852900
11/10/2022,237.0822601,237.4237707,229.295959,229.7155146,46268000
11/11/2022,241.1120148,241.9706597,236.0577388,237.0920224,34620200
11/14/2022,235.6869659,237.9896833,233.4037673,236.1162884,31123300
11/15/2022,236.0967865,241.0046947,234.2038727,239.6972234,31390100
11/16/2022,236.527298,238.552753,235.2454952,237.5644815,24093300
11/17/2022,236.478363,238.0145794,232.5155423,232.6623079,23123500
11/18/2022,236.0282745,238.4940413,233.8854071,238.2689808,27613500
11/21/2022,236.8403931,239.4039984,235.9989021,236.2337271,26394700
11/22/2022,239.7562714,240.0302438,235.5292575,238.3472618,19665700
11/23/2022,242.2514038,242.9363349,239.0126464,239.8345638,19508500
11/25/2022,242.1633453,243.3472945,241.4196931,241.9872117,9200800
11/28/2022,236.5566711,241.3414246,235.6173413,240.7837003,24778200
11/29/2022,235.1574402,237.5644859,233.0830732,236.2044031,17956300
11/30/2022,249.6486816,249.8345947,234.6975507,235.3922761,47594200
12/1/2022,249.2083893,250.6076047,245.5195256,248.4060307,26041500
12/2/2022,249.5312653,250.548875,244.3159799,244.4431867,21528500
12/5/2022,244.8150024,248.3571002,242.7210617,246.5860439,23435300
12/6/2022,239.8443451,246.4392873,238.5331891,245.4216775,22463700
12/7/2022,239.1104584,240.8619408,236.9969591,239.5605644,20481500
12/8/2022,242.0752563,243.3864272,237.8286688,239.5703571,22611800
12/9/2022,240.1379089,242.9657079,238.9050329,239.4334041,20609700
12/12/2022,247.0753021,247.1046552,241.8502368,242.1242093,30665100
12/13/2022,251.3903961,258.2397371,247.6232526,256.057722,42196900
12/14/2022,251.6839447,256.9383633,248.836572,251.5958853,35410900
12/15/2022,243.6506348,248.7289345,242.0165794,248.2592696,35560400
12/16/2022,239.4235992,244.4627511,238.2689883,243.200522,86102000
12/19/2022,235.2748566,239.9324179,233.5723157,239.5899449,29696400
12/20/2022,236.5957794,237.6818897,233.2885219,234.2474253,25150800
12/21/2022,239.1691589,240.3335491,234.9421455,236.4881411,23690600
12/22/2022,233.0634918,236.7817082,228.8364631,236.0674091,28651700
12/23/2022,233.5918427,233.7288289,228.9049437,231.0282373,21207000
12/27/2022,231.8599701,233.7875565,230.754286,233.5625109,16688600
12/28/2022,229.4822845,234.5605842,229.1300321,231.7914916,17457100
12/29/2022,235.8228149,236.7132329,230.5781759,230.5781759,19770700
12/30/2022,234.658432,234.7954182,231.5664402,233.083083,21938500
1/3/2023,234.4235687,240.4607712,232.2904807,237.8482389,25740000
1/4/2023,224.1691284,227.8579766,221.0967107,227.2806787,50623400
1/5/2023,217.5252686,222.6524946,216.9871031,222.3100216,39585600
1/6/2023,220.0888824,220.9010204,214.6289925,218.2004285,43613600
1/9/2023,222.2317352,226.2630714,221.5370248,221.5761573,27369800
1/10/2023,223.92453,226.3315758,222.4372404,222.8579785,27033900
1/11/2023,230.6955566,230.8716754,226.1358496,226.3119684,28669300
1/12/2023,233.3766022,234.7366849,228.5331428,230.1965511,27269500
1/13/2023,234.0811005,234.2180867,229.863866,231.8991005,21333300
1/17/2023,235.1769714,235.7249162,231.9871266,232.8481912,29831300
1/18/2023,230.7347412,237.1633446,230.4509893,236.3707803,30028700
1/19/2023,226.9382172,230.4509618,225.7151206,228.748406,28623000
1/20/2023,235.0498199,235.5586323,229.462708,229.805181,35389800
1/23/2023,237.3590088,239.8932612,234.4920627,235.9108667,31934000
1/24/2023,236.8306427,238.699538,235.265088,237.2807488,40234400
1/25/2023,235.4314117,238.0635179,225.9303911,229.4333414,66526600
1/26/2023,242.6623688,242.9656943,236.791505,238.4059866,33454500
1/27/2023,242.8189087,244.4529638,241.5175322,243.6310466,26498900
1/30/2023,237.4862213,240.31402,236.9871884,239.2474684,25867400
1/31/2023,242.4764252,242.6134114,237.7210255,238.2102641,26541100
2/1/2023,247.3101501,249.6878429,240.1868362,242.6623827,31259900
2/2/2023,258.9050293,258.9930886,251.7132171,253.2494332,39940400
2/3/2023,252.7895966,258.5136943,251.5665,253.9539868,29077300
2/6/2023,251.243576,252.7406449,249.296416,251.8991689,22518000
2/7/2023,261.8013611,262.9853102,254.4823408,254.9226675,50841400
2/8/2023,260.9892578,270.8033838,260.4804305,267.3200071,54686000
2/9/2023,257.9461365,268.0831751,257.1437781,267.9070265,42375100
2/10/2023,257.4373779,258.4060609,255.049891,255.9011614,25818500
2/13/2023,265.4804077,268.6898113,261.4001452,261.8796192,44630900
2/14/2023,266.3121948,269.0519195,263.4843809,266.8014335,37047900
2/15/2023,264.1835632,265.5666754,261.1034346,263.2026351,28922400
2/16/2023,257.1502686,261.6527245,256.9050366,258.9845991,29603600
2/17/2023,253.1382599,255.1295424,251.1175507,254.4429108,30000100
2/21/2023,247.8511047,250.6173292,246.7917006,249.6265822,28397400
2/22/2023,246.7132111,249.4892393,245.565527,249.2440073,22491100
2/23/2023,249.9110413,251.9415545,245.7028516,250.6859678,29219100
2/24/2023,244.4668732,246.2129238,243.3682386,245.1927653,24990900
2/27/2023,245.3889771,247.9982494,244.6336582,247.6451147,21190000
2/28/2023,244.6630554,246.6935835,243.9862127,244.3197396,22491000
3/1/2023,241.5731506,246.1442639,241.1022944,245.9775079,27565300
3/2/2023,246.3208466,246.6053091,240.9257422,241.847817,24808200
3/3/2023,250.4211121,250.7448201,246.5954987,247.3802441,30760100
3/6/2023,251.9709625,255.1589784,251.0979372,251.5393518,24109800
3/7/2023,249.3028259,252.7753192,248.5573261,251.411815,21473200
3/8/2023,248.8614197,249.6853956,246.0265385,249.1949316,17340200
3/9/2023,247.5077667,254.6096761,246.7818746,250.9410148,26653400
3/10/2023,243.8489075,247.9688024,242.8777983,246.2914238,28333900
3/13/2023,249.07724,252.9911482,241.0434371,242.6815851,33339700
3/14/2023,255.8162231,256.0908818,250.9802403,251.8532656,33620300
3/15/2023,260.377594,261.3977677,254.2664003,255.0217342,46028000
3/16/2023,270.932373,271.2854928,258.2587679,260.1519521,54768800
3/17/2023,274.100708,277.9263213,271.0500363,272.953039,69527400
3/20/2023,267.0380249,272.1878966,264.7034116,271.6974326,43466600
3/21/2023,268.5585022,269.7552357,264.3797388,269.6375291,34558700
3/22/2023,267.0968628,275.6799818,266.9889452,268.1856784,34873300
3/23/2023,272.364502,275.6996515,269.9514272,272.6391606,36610900
3/24/2023,275.2189941,275.2778474,270.0298763,271.9524869,28172000
3/27/2023,271.1088867,276.0919878,270.2652731,275.1503053,26840200
3/28/2023,269.9808655,270.8735137,266.8614912,270.5301828,21878600
3/29/2023,275.1601257,275.7781152,273.1001709,273.6396694,25087000
3/30/2023,278.6325989,279.034783,276.1116366,278.8091887,25053400
3/31/2023,282.8015442,283.7530456,277.6026375,278.3187258,32766000
4/3/2023,281.7519531,282.7720967,278.5345106,281.0554727,24883300
4/4/2023,281.7029114,284.9105653,280.2217304,281.7519757,25824300
4/5/2023,278.9170532,281.6734584,277.5241523,280.398264,22064800
4/6/2023,286.0386353,286.5094616,276.6511463,277.8086343,29770300
4/10/2023,283.8707886,284.0767751,279.2800225,283.6941988,23103000
4/11/2023,277.4358826,280.52583,276.2686057,280.3002058,27276600
4/12/2023,278.083313,281.5361993,276.5824941,279.3585376,27403400
4/13/2023,284.3121948,284.3710481,277.7694212,278.1813942,24222700
4/14/2023,280.6828308,282.9781994,278.2795446,281.5264148,20987900
4/17/2023,283.2919922,286.0386085,280.7023579,284.4004456,23836200
4/18/2023,282.8702087,286.1955691,281.536161,286.0091904,20161800
4/19/2023,282.9487305,283.5372634,279.1132979,280.5356257,17150300
4/20/2023,280.6533203,283.5176435,279.6429656,279.8097365,23244400
4/21/2023,280.3099976,280.8102505,277.66148,279.5743016,21676400
4/24/2023,276.3960571,279.5154308,273.4042389,276.7099613,26611000
4/25/2023,270.1672058,276.2293337,270.1181414,274.1791978,45772200
4/26/2023,289.7366943,293.8566038,287.14706,291.0413453,64599200
4/27/2023,299.0162964,299.3792649,289.6190185,290.3252879,46462600
4/28/2023,301.3999634,303.0380965,297.5252856,298.2119472,36469600
5/1/2023,299.7323914,302.7144212,299.3302072,301.1155036,21294100
5/2/2023,299.5852661,303.2833544,298.1138739,301.8904532,26404400
5/3/2023,298.5944519,302.7241501,298.2903666,300.7721131,22360800
5/4/2023,299.5852661,301.8904532,297.613591,300.3994233,22519900
5/5/2023,304.7252502,306.0200823,298.4669254,299.8892828,28197100
5/8/2023,302.7634888,304.2839455,300.2523149,304.2152733,21318600
5/9/2023,301.1449585,304.1269886,300.4681156,302.1258867,21340800
5/10/2023,306.3536072,307.0304499,301.802117,302.7339806,30078000
5/11/2023,304.1955872,305.1863341,300.4190381,304.1857982,31680200
5/12/2023,303.0773315,304.7252834,300.7525369,304.6271846,19774700
5/15/2023,303.5579529,303.9895636,301.7236224,303.2048332,16336500
5/16/2023,305.7944946,307.726924,303.9209185,303.9209185,26730300
5/17/2023,308.6847839,309.1074979,305.4799578,307.0037383,24315000
5/18/2023,313.1282349,313.6394518,308.409499,309.2057853,27276000
5/19/2023,312.9512634,313.3543267,311.0146096,311.3783416,27546700
5/22/2023,315.7431641,317.1292996,312.6268416,313.2068506,24115700
5/23/2023,309.9234314,317.2571435,309.9135911,314.6126762,30797200
5/24/2023,308.537323,311.1424592,307.3182926,309.4024316,23384900
5/25/2023,320.4029541,321.3663458,314.5831526,317.7682974,43301700
5/26/2023,327.2549438,327.7562903,318.3974531,318.5350676,36630600
5/30/2023,325.6033936,330.0567102,324.9250712,329.5553637,29503100
5/31/2023,322.8311462,330.2533305,321.7890619,326.6651224,45950600
6/1/2023,326.9502563,327.8841873,319.2233205,320.4128299,26773900
6/2/2023,329.7224731,331.7869312,326.9207108,328.5919459,25873800
6/5/2023,330.2533569,332.8290019,328.9950254,329.5455436,21307100
6/6/2023,328.0315552,329.6929497,326.5471364,329.6536185,20396200
6/7/2023,317.9059753,328.8278959,317.0408668,326.0359737,40717100
6/8/2023,319.7541199,321.1107645,317.8764481,318.4564572,23277700
6/9/2023,321.2582703,324.4040843,318.9185529,319.4887218,22529000
6/12/2023,326.2325439,326.478312,319.655788,323.0178784,24260300
6/13/2023,328.6313171,331.2757846,324.7973404,328.808263,22951300
6/14/2023,331.6296082,333.3008431,327.1762918,328.6803912,26003800
6/15/2023,342.20755,343.9180866,331.4920656,331.7673247,38899100
6/16/2023,336.5351868,345.5204836,336.1616444,345.3730287,46552000
6/20/2023,332.3276367,336.2894176,330.1747056,333.5663176,26375400
6/21/2023,327.9136047,332.0130296,326.4488366,330.6760356,25117800
6/22/2023,333.9595337,334.362597,327.697367,328.4641623,23556800
6/23/2023,329.3489075,332.2391428,327.8055066,328.7000761,23146900
6/26/2023,323.0375977,330.420451,322.9294441,328.0709236,21520600
6/27/2023,328.9065552,330.4597964,323.7257442,326.2424072,24354100
6/28/2023,330.164856,332.2588049,328.15938,328.9949975,20259500
6/29/2023,329.378418,330.4204724,326.9895591,329.0441769,16997000
6/30/2023,334.7754822,336.9284131,331.492024,332.0327018,26832800
7/3/2023,332.2686157,335.1293599,330.8726698,333.4483145,12508700
7/5/2023,332.4259338,335.8666873,329.063843,329.4177346,18172400
7/6/2023,335.493103,337.1839887,329.8207861,331.5903044,28161200
7/7/2023,331.5116272,336.0042746,331.2953501,333.5760849,21214800
7/10/2023,326.2129211,329.5553915,322.0447035,328.9360511,32791400
7/11/2023,326.842041,327.2254236,321.4646345,325.4559055,26698200
7/12/2023,331.4920349,335.8666892,329.9879353,330.9021855,29995300
7/13/2023,336.8595581,337.921263,333.2811605,333.812028,20567200
7/14/2023,339.3959045,345.4811251,338.4816544,341.7061307,28352700
7/17/2023,339.877594,341.1162447,336.40735,339.8284224,20363900
7/18/2023,353.4046631,360.5712688,336.3778731,339.9758914,64738600
7/19/2023,349.069397,356.3244774,346.474101,355.6265043,39732900
7/20/2023,340.998291,351.9103998,339.5236825,347.5848876,33778400
7/21/2023,337.9508057,344.3702676,334.0774978,343.2397403,69405400
7/24/2023,339.2680969,341.0474855,336.5155062,339.9955909,26678100
7/25/2023,345.0387573,345.9333568,339.2287959,341.234242,41637700
7/26/2023,332.0523376,338.8355609,327.4712169,335.6602264,58383700
7/27/2023,325.1217041,335.5520878,323.47996,334.7165003,39635300
7/28/2023,332.6422119,334.2544651,327.5302533,328.0217895,28484900
7/31/2023,330.2337036,331.9835713,327.7170106,331.216776,25446000
8/1/2023,330.6465759,332.8093473,328.0512803,329.5160486,18311900
8/2/2023,321.9561768,327.9824147,320.8354599,327.9824147,27761300
8/3/2023,321.1304321,324.2959264,320.4324591,320.4816007,18253700
8/4/2023,322.2314758,329.4669044,321.7006083,326.2620787,23741500
8/7/2023,324.5220032,325.5050755,321.9758494,322.8114669,17741500
8/8/2023,320.5307312,323.1850386,317.5323725,321.4253306,22327600
8/9/2023,316.7754517,321.5728201,315.6154033,320.9436693,22373300
8/10/2023,317.463623,322.7034167,315.743246,320.5013137,20113700
8/11/2023,315.5760803,316.9523757,313.806532,314.838776,24355500
8/14/2023,318.5548401,318.5744907,314.6618512,315.9497038,18836100
8/15/2023,316.4117126,319.5870477,315.4679714,317.5324297,16966300
8/16/2023,315.64328,319.6036177,315.0521817,316.0373355,20698900
8/17/2023,312.1754761,317.0913829,311.5154099,315.7811418,21257200
8/18/2023,311.7814636,313.6532497,306.9246329,309.8209873,24755000
8/21/2023,317.1013489,317.9781202,312.3332075,313.2099789,24040000
8/22/2023,317.6726685,321.2389202,316.6875147,320.6675443,16084600
8/23/2023,322.1452637,324.3126139,318.6578111,319.0124821,21166400
8/24/2023,315.2196655,328.0365262,315.2098044,327.9084514,23281400
8/25/2023,318.1849976,320.5296384,314.0670317,316.6974056,21684100
8/28/2023,318.8943176,321.3079266,316.9437022,320.8252108,14808500
8/29/2023,323.5343933,324.0959382,317.1013396,317.1013396,19284600
8/30/2023,323.9087524,324.9135986,321.603496,323.7905388,15222100
8/31/2023,322.894043,325.9972717,321.9285814,324.312667,26411000
9/1/2023,323.7806702,327.0612193,321.9285761,326.3913219,14942000
9/5/2023,328.5980835,329.8788017,323.7806964,324.1156451,18553900
9/6/2023,327.9380188,329.4945487,325.2780914,328.4305957,17535800
9/7/2023,325.012085,328.1350056,324.1451448,326.371602,18381000
9/8/2023,329.307312,331.1692669,324.5687252,325.1893768,19530100
9/11/2023,332.9229126,333.3957973,330.4501667,332.2332928,16583300
9/12/2023,326.8444214,331.789912,326.5587485,330.8343118,17565500
9/13/2023,331.0708008,331.8490807,326.2534141,326.39132,16544400
9/14/2023,333.6715698,335.7994754,331.5731876,334.1148709,20267000
9/15/2023,325.3175049,332.3909023,324.75596,331.9180477,37679800
9/18/2023,324.1746826,325.494785,321.5147555,322.9333793,16834200
9/19/2023,323.770752,324.4997861,319.6922313,321.3275901,16505900
9/20/2023,316.0077515,324.6968146,315.7516319,324.6180155,21436500
9/21/2023,314.7861938,320.5197962,310.3234483,314.5202131,35560400
9/22/2023,312.3036499,316.6777357,311.4564019,316.5496608,21447900
9/25/2023,312.8257446,312.9538194,310.3234456,311.8898365,17836000
9/26/2023,307.5058899,311.1903551,305.4173388,310.4514898,26297600
9/27/2023,308.1462402,309.6338019,305.0922577,307.6634945,19410100
9/28/2023,308.9836426,310.7963219,304.8558459,306.372961,19683600
9/29/2023,311.0623169,314.7270903,310.3037593,313.0326245,24147300
10/2/2023,317.0224915,317.1111818,310.5007779,311.5844531,20570000
10/3/2023,308.7373657,316.6185962,306.5897076,316.0668824,21033500
10/4/2023,314.2247009,315.288684,309.3383457,309.3678991,20720100
10/5/2023,314.6186829,315.2295034,310.2249056,314.3527022,16965600
10/6/2023,322.4013977,324.3027371,311.6040919,311.8503803,25673600
10/9/2023,324.9234314,325.396286,318.3819958,319.9286944,19891200
10/10/2023,323.514679,326.1844374,322.805367,326.0465014,20557100
10/11/2023,327.4848328,327.8788883,324.2535296,326.292775,20063200
10/12/2023,326.2435608,328.6768921,323.8397829,325.6623236,19313100
10/13/2023,322.8644409,328.8738546,321.5147551,327.4453997,21072400
10/16/2023,327.7015381,331.149576,325.6918161,326.1351173,22158000
10/17/2023,327.1301575,328.5093667,322.5491985,324.6968265,18338500
10/18/2023,325.2091064,330.6077601,323.4259805,327.5537773,23153600
10/19/2023,326.401123,331.8785751,325.9972064,327.2187874,25052100
10/20/2023,321.8202515,326.9923097,320.6183625,326.7952668,25027700
10/23/2023,324.4308777,327.790256,319.5740764,320.6380293,24374700
10/24/2023,325.6228638,326.9134128,322.7363705,326.3814213,31153600
10/25/2023,335.6123657,341.0602652,332.6076285,339.8977608,55053800
10/26/2023,323.0220947,336.5580984,322.0861866,335.4842843,37828500
10/27/2023,324.9135742,331.7209906,323.5245037,325.5243648,29856500
10/30/2023,332.3021851,334.4104284,326.9035321,328.4600917,22828100
10/31/2023,333.090332,333.9671333,329.7211229,333.8193663,20265300
11/1/2023,340.9321289,342.2620923,334.6074293,334.7453652,28158800
11/2/2023,343.1488037,343.6512117,339.6514894,342.0848207,24348100
11/3/2023,347.5622253,349.1286462,342.1734332,344.4393048,23637700
11/6/2023,351.2368774,352.2318924,348.1040956,348.202617,23828300
11/7/2023,355.1775208,357.0788605,352.3205806,354.0642921,25833900
11/8/2023,357.8078308,358.4678669,355.1971495,356.310378,26767800
11/9/2023,355.3351135,359.37425,355.0099959,356.9211967,24847300
11/10/2023,364.1817627,364.6053715,355.7094353,356.123183,28042100
11/13/2023,361.2362366,362.9996705,360.4678177,362.753382,19986500
11/14/2023,364.7728577,366.4279388,361.8962256,365.5018919,27683900
11/15/2023,364.920929,368.3364705,362.3937891,366.5102311,26860100
11/16/2023,371.3374634,371.5151437,365.4243947,366.1943731,27182300
11/17/2023,365.0986938,369.5606164,362.2853006,368.8103702,40157000
11/20/2023,372.591156,374.002778,366.2338861,366.4510611,52465100
11/21/2023,368.2773132,371.3868403,366.3523521,370.843918,28423100
11/22/2023,372.9958801,374.9109599,370.1528738,373.1439471,23345300
11/24/2023,372.5812683,373.1143395,370.3207089,372.482547,10176600
11/27/2023,373.7460938,375.7500439,371.3670808,371.9396165,22179200
11/28/2023,377.7835999,378.0797338,373.3019152,373.4894767,20453100
11/29/2023,373.9830322,379.3629996,372.5911425,378.8299585,28963400
11/30/2023,374.0422668,375.2071005,370.646457,373.6276492,30554400
12/1/2023,369.6987915,373.301895,366.5398889,371.9198864,33040500
12/4/2023,364.3977661,364.772859,358.2379093,364.3582715,32063300
12/5/2023,367.734314,368.2871174,360.9229626,361.7423167,23065000
12/6/2023,364.0621338,369.3730235,363.3020366,368.741261,21182100
12/7/2023,366.1845703,366.678147,361.6140452,363.4995118,23118900
12/8/2023,369.4223938,369.6494198,363.4994739,364.4570139,20154400
12/11/2023,366.5299988,366.8261628,361.3968198,363.7462494,27708800
12/12/2023,369.5704346,369.6099291,365.7007806,366.0857848,24838300
12/13/2023,369.5606079,372.7886188,366.0068497,371.189405,30955500
12/14/2023,361.2290039,368.9584312,359.45214,368.5142002,43277500
12/15/2023,365.9673767,367.615906,361.5745322,362.1372168,78502300
12/18/2023,367.8626709,368.2081806,363.9436711,364.7037984,21802900
12/19/2023,368.4648438,368.4648438,365.0887663,366.7175632,20603700
12/20/2023,365.8587036,371.1992059,365.7698634,370.1824393,26316700
12/21/2023,368.741272,369.6000906,365.2862352,367.7738508,17708000
12/22/2023,369.7679138,370.3602119,367.9219417,368.8794818,17107500
12/26/2023,369.8468933,372.0976018,368.7017918,370.1825218,12673100
12/27/2023,369.2644348,370.2417069,368.020612,368.8893117,14905400
12/28/2023,370.4588928,371.6237265,369.3532859,370.547733,14327000
12/29/2023,371.209137,372.3147438,368.6820269,371.1696424,18730800
1/2/2024,366.1055298,371.0709095,362.0581953,369.0571084,25258600
1/3/2024,365.8390808,368.4649126,363.7759337,364.2695104,23083500
1/4/2024,363.2131653,368.3068796,362.4530681,365.9081045,20901500
1/5/2024,363.0256348,367.2802632,361.7916931,364.229963,21004600
1/8/2024,369.8764954,370.3799532,364.2694715,364.5557243,23134000
1/9/2024,370.9623413,371.1597539,366.4214302,367.2309031,20830000
1/10/2024,377.8526917,379.2347305,371.4855704,371.534916,25514200
1/11/2024,379.6887512,385.6610162,375.49335,381.0411463,27850800
1/12/2024,383.4794312,383.6867249,379.7084984,380.5377036,21661200
1/16/2024,385.2563477,388.9680541,382.6403972,388.6028122,27202300
1/17/2024,384.4666138,385.0983762,379.8664756,382.9957649,22234100
1/18/2024,388.8100586,388.9285122,385.1082338,386.6876851,23392100
1/19/2024,393.5484009,393.5484009,388.4448053,390.6757813,29331100
1/22/2024,391.4161682,395.4733539,388.5336673,394.8810558,27016900
1/23/2024,393.7754517,394.2492961,388.8692985,390.6659247,20525900
1/24/2024,397.3883972,400.4189648,395.3055184,396.3815118,24867000
1/25/2024,399.6687622,401.7812848,397.358827,399.1258399,21021200
1/26/2024,398.7408447,400.9520887,397.2601147,399.1751946,17803300
1/29/2024,404.4564514,404.7131209,399.1356807,400.8434667,24510200
1/30/2024,403.3409729,407.7436683,401.2284805,406.9638389,33477600
1/31/2024,392.4724121,409.9845329,392.1071702,401.7319153,47871100
2/1/2024,398.5927734,402.7585617,396.638199,396.6678124,30657700
2/2/2024,405.9371643,407.3487862,398.3755667,398.622355,28256700
2/5/2024,400.4387512,405.8779758,398.800073,404.634153,25352300
2/6/2024,400.2807922,402.7289433,397.7339499,400.6657965,18382600
2/7/2024,408.730835,408.9776233,402.1662712,402.2057657,22340500
2/8/2024,408.789978,410.2213622,407.2302893,408.7307512,21225300
2/9/2024,415.1472778,415.4138285,409.7574296,409.9153778,22032800
2/12/2024,409.925293,415.3348738,409.4218351,415.1571935,21202900
2/13/2024,401.1001282,404.801953,398.2077763,399.7378518,27824900
2/14/2024,404.9768982,405.3230468,400.1111397,403.5725653,20401200
2/15/2024,402.0792236,404.6209064,399.8342526,403.6418271,21825500
2/16/2024,399.6068115,403.7902031,398.9936494,403.4638232,22296500
2/20/2024,398.350769,400.0320149,393.6234517,398.7957914,24307900
2/21/2024,397.747467,397.8562704,392.8421409,395.7596403,18518900
2/22/2024,407.1131287,408.2801164,404.0670872,405.669228,27009900
2/23/2024,405.8175354,411.2766872,404.4626393,411.088809,16295900
2/26/2024,403.0484314,407.6175087,402.8703923,406.9252114,16193500
2/27/2024,402.9890747,403.8198132,399.399077,403.4934333,14835800
2/28/2024,403.2264709,404.7890443,400.8529277,403.6813928,13183100
2/29/2024,409.0812378,409.6350636,401.4463196,404.1363434,31947300
3/1/2024,410.9206543,411.2865716,406.3515775,406.7372635,17823400
3/4/2024,410.3470764,412.7502875,407.7757256,408.883377,17596000
3/5/2024,398.2122803,409.6844396,396.2244535,409.3976273,26919200
3/6/2024,397.6585083,400.6946807,393.9993046,398.5288145,22344100
3/7/2024,404.6307983,405.2637291,397.8068205,401.6440631,18718500
3/8/2024,401.742981,405.8967041,399.8737965,403.4637945,18002200
3/11/2024,400.061676,401.208895,396.8376258,399.3100727,16120800
3/12/2024,410.7030945,410.9899068,402.3066745,403.1275136,22457000
3/13/2024,410.5251465,413.5711882,406.9153795,413.4920832,17115900
3/14/2024,420.5335693,423.1049203,413.3832417,415.608444,34157300
3/15/2024,411.8305359,417.9424172,408.2405383,414.6689,45079900
3/18/2024,412.7206421,416.0930634,409.2196487,409.6844699,20106000
3/19/2024,416.765564,417.0227081,410.9701324,413.2250029,19837900
3/20/2024,420.5434875,421.2654228,416.023847,417.349075,17860100
3/21/2024,424.6378174,426.0718487,422.4521827,425.0927392,21296200
3/22/2024,424.014801,425.1224526,421.3742443,424.9642425,17648500
3/25/2024,418.1995239,422.6993952,416.9633005,420.5532981,18060500
3/26/2024,417.0028992,421.2950635,416.7062176,420.9192467,16725600
3/27/2024,416.7853394,419.7720747,414.3920275,419.7621753,16705000
3/28/2024,416.0831604,417.22048,414.5007883,416.3205057,21871200
4/1/2024,419.8907166,423.1741333,417.5666104,419.2775546,16316000
4/2/2024,416.7952271,417.7248695,413.2348973,415.4798683,17912000
4/3/2024,415.8161621,418.5951902,414.4711352,415.1040961,16502300
4/4/2024,413.2744446,423.9455337,412.9678636,420.306069,19370900
4/5/2024,420.8302307,421.8093402,413.7096018,415.3809783,16554800
4/8/2024,419.9104919,422.5708472,418.6347009,420.4841165,14272400
4/9/2024,421.5818787,423.0257792,416.9732339,421.7401189,12496900
4/10/2024,418.5951538,419.3566566,415.0743919,417.5369393,16216600
4/11/2024,423.2136841,424.6378159,417.705065,421.1269533,17966400
4/12/2024,417.2501831,420.4940326,415.1436533,419.3764817,19253800
4/15/2024,409.0812378,422.1159722,408.8735305,421.8983956,20273500
4/16/2024,410.0107727,413.7886786,409.170165,410.0009034,16765600
4/17/2024,407.3010254,414.2634446,405.8076577,412.6514043,15855500
4/18/2024,399.8144531,407.350497,399.4980028,406.1043741,21029900
4/19/2024,394.7212219,401.0111429,393.3860945,399.5771116,30565800
4/22/2024,396.5409241,398.4101085,391.3883531,395.6706179,20286900
4/23/2024,403.078125,403.7011865,398.6178206,399.7848085,15734500
4/24/2024,404.5516663,407.9240876,402.2967958,405.0461557,15065300
4/25/2024,394.6421204,395.4827584,383.7534538,389.6873268,40586500
4/26/2024,401.8418579,408.4482288,401.2880322,407.6273897,29694700
4/29/2024,397.8167419,401.8418931,394.7904691,400.7836785,19582100
4/30/2024,385.039093,397.7277076,384.880883,397.0650785,28781400
5/1/2024,390.5872498,397.2925241,386.0082736,388.2829125,23562500
5/2/2024,393.4552917,395.5222537,390.3004472,393.2772828,17709400
5/3/2024,402.1781006,402.6626905,397.4309845,397.8463688,17446700
5/6/2024,408.9823303,409.3680164,401.8913385,404.2550125,16996600
5/7/2024,404.8285522,410.0998258,404.5813076,410.0899264,20018200
5/8/2024,406.0153809,407.6867575,402.227575,403.6715058,11792300
5/9/2024,407.7757874,408.1713729,404.5912741,406.0450743,14689700
5/10/2024,410.1690674,410.8020283,407.2614672,408.3889176,13402300
5/13/2024,409.1603088,413.7392855,406.2922764,413.4030363,15440200
5/14/2024,411.9690247,412.8887677,407.014231,407.4790523,15109300
5/15/2024,419.1718445,419.8951121,413.415516,414.0397013,22239500
5/16/2024,417.1011658,421.4902674,416.4670934,417.9036811,17530100
5/17/2024,416.3283386,419.013327,414.1684834,418.6368324,15352200
5/20/2024,421.4110107,422.8277942,416.1104242,416.3283932,16272100
5/21/2024,425.0768127,428.9705027,420.9255149,422.8872055,21453300
5/22/2024,426.5431213,428.4156772,423.1844517,426.1171007,18073700
5/23/2024,423.0556335,429.5946728,421.4902419,428.9704875,17211700
5/24/2024,426.1864624,427.0781427,420.4895772,423.2438961,11855300
5/28/2024,426.3449707,426.840352,422.6593326,425.6613421,15718000
5/29/2024,425.2055969,426.9592358,421.7577322,421.7577322,15517100
5/30/2024,410.8395691,420.3805882,410.4135182,420.3805882,28394500
5/31/2024,411.2953186,412.9003493,400.7734237,412.9003493,47995300
6/3/2024,409.7001648,412.5832878,405.1426807,411.6916074,17484700
6/4/2024,412.2266235,412.5932009,405.8956357,408.620233,14348900
6/5/2024,420.0932617,420.1625921,412.4544603,413.9505215,16988000
6/6/2024,420.5985413,421.3812522,416.6949341,420.0932729,14861300
6/7/2024,419.9347534,422.3422994,419.0925991,422.2630517,13621700
6/10/2024,423.9176025,424.1256542,419.9743866,420.7769019,13982900
6/11/2024,428.683197,428.8219183,421.3218374,421.5497237,14551100
6/12/2024,436.9857483,439.3041291,429.2478948,431.2987807,22366200
6/13/2024,437.5009766,439.2942849,435.3113995,436.7777391,15960600
6/14/2024,438.481842,439.046584,432.6858744,434.2314617,13582000
6/17/2024,444.228241,446.7745082,436.6489128,438.5016341,20790000
6/18/2024,442.2170105,445.9819268,440.7804228,445.5558759,17112500
6/20/2024,441.5829163,442.4052359,437.1938148,442.1773496,19877400
6/21/2024,445.6252136,446.4178116,442.3854307,443.2473894,34187100
6/24/2024,443.5347595,448.5678208,442.2863888,445.6450587,15913700
6/25/2024,446.7844238,447.2500835,442.6232087,444.1093526,16413400
6/26/2024,447.9832458,449.4099465,444.0499169,444.8524322,16507000
6/27/2024,448.6668701,451.9562094,447.5968295,448.0030458,14806300
6/28/2024,442.8213501,451.1734714,442.2863298,448.8848123,28362300
7/1/2024,452.5110168,453.1450892,441.5432675,444.5155553,17662800
7/2/2024,455.0374451,455.3445791,448.9244265,449.0136218,13979800
7/3/2024,456.5136719,456.7613625,453.6503837,453.9575177,9932800
7/5/2024,463.2409668,464.0236777,454.7303195,455.3643919,16000300
7/8/2024,461.933197,463.3797324,460.1696406,462.240331,12962300
7/9/2024,455.2950745,463.0130937,453.7692915,462.6861553,17207200
7/10/2024,461.9430847,462.1511364,454.6213342,456.9595498,18196100
7/11/2024,450.4997864,460.4866605,447.3788599,458.7032999,23111200
7/12/2024,449.3604126,452.1444534,446.4872068,450.1332063,16324300
7/15/2024,449.7666321,453.0361672,447.2600036,449.1127251,14429400
7/16/2024,445.3676147,450.103459,442.5340481,450.0242113,17175700
7/17/2024,439.4230347,440.7407659,435.1231284,438.5016327,21778000
7/18/2024,436.3021545,440.5426176,430.3873002,440.2354836,20794800
7/19/2024,433.0722656,437.0650683,428.0094828,429.0993278,20940400
7/22/2024,438.8484192,440.4930888,434.8556468,437.7090482,15808800
7/23/2024,440.7407837,444.248092,439.006949,439.7995471,13107100
7/24/2024,424.9380798,437.4018905,423.6401832,436.3814062,26805800
7/25/2024,414.5350952,425.8297836,413.6533322,424.8390209,29943800
7/26/2024,421.3416138,424.9579216,413.4155127,414.3369449,23583800
7/29/2024,422.788147,428.1580635,420.7769,427.5933215,15125800
7/30/2024,419.0133972,425.0867475,413.5047285,423.7690463,32687600
7/31/2024,414.4855652,417.8838739,408.4022679,416.6156989,42891400
8/1/2024,413.256958,423.5113566,409.2741034,416.9029872,30296400
8/2/2024,404.7166443,411.1665191,400.6049851,408.6796951,29437900
8/5/2024,391.4998779,397.3354848,382.0182716,385.5751363,40709200
8/6/2024,395.9186707,401.9227205,394.8189386,396.3050826,24946500
8/7/2024,394.7495728,406.2919521,393.798449,404.8652816,20650900
8/8/2024,398.9702148,402.1109155,396.2456176,398.7225242,20203000
8/9/2024,402.2694397,404.2806867,398.5441927,400.2978317,19276700
8/12/2024,403.052124,404.9841232,400.5058569,403.2998147,16762900
8/13/2024,410.1856689,411.1169883,405.7866802,405.8064846,19414300
8/14/2024,413.0093384,413.8614101,408.6401013,410.9683696,18267000
8/15/2024,417.8926392,417.9720297,414.547756,416.6717938,20752100
8/16/2024,415.3517151,418.200324,414.1904202,417.4658479,22775600
8/19/2024,418.388916,418.6072779,413.3566885,415.8380594,15234000
8/20/2024,421.634552,422.6866509,418.4981257,418.5576762,16387600
8/21/2024,420.9794922,423.222631,418.5775117,420.9199114,16067300
8/22/2024,412.4534912,423.6097562,411.5204933,421.1978405,19361900
8/23/2024,413.6842346,416.1358303,409.0192453,413.8728212,18493800
8/26/2024,410.4088135,414.1705803,408.2748406,413.2673576,13152800
8/27/2024,410.7561951,411.2723093,407.1929502,409.7834868,13492900
8/28/2024,407.5403748,411.9075816,404.2748821,411.7884807,14882700
8/29/2024,410.0415649,418.9050143,407.540354,411.8480102,17045200
8/30/2024,414.0316467,414.3790144,409.0589696,412.5031137,24308300
9/3/2024,406.3890076,416.751215,403.9969624,414.7958935,20313600
9/4/2024,405.8530579,408.1756176,401.3568146,402.8853477,15135800
9/5/2024,405.3468323,410.0217265,403.1036633,404.5825507,14195500
9/6/2024,398.7067261,407.5900166,397.8134082,406.0118682,19609500
9/9/2024,402.6967468,405.6049064,399.1533417,404.2054095,15295100
9/10/2024,411.1135864,413.2276892,404.6620214,405.1582956,19594300
9/11/2024,419.8876953,420.8305981,406.5279717,412.4038717,19266900
9/12/2024,423.8181763,424.1854143,416.6222002,420.1556702,17395700
9/13/2024,427.3814087,428.612159,422.2896306,422.6568687,15874600
9/16/2024,428.125824,430.2995074,425.0290778,427.3913479,13834700
9/17/2024,431.9074707,438.5575577,429.0489262,436.949634,18874200
9/18/2024,427.5997925,432.7808966,427.2027792,431.7585729,18898000
9/19/2024,435.4210815,438.2101403,433.6444113,437.9421631,21706600
9/20/2024,432.0265198,435.966938,430.9843561,433.9620012,55167100
9/23/2024,430.2796631,433.2076627,427.1829169,431.0439144,15128900
9/24/2024,425.9720154,430.1208605,422.9248845,429.7734625,17015800
9/25/2024,428.8900452,429.8925287,425.3764459,426.6270362,13396400
9/26/2024,428.0960388,432.0562972,425.9322906,431.8478705,14492000
9/27/2024,424.8305664,428.6320438,424.2846769,428.3044859,14896100
9/30/2024,427.0935669,427.2126981,422.2003105,425.0191444,16807300
10/1/2024,417.5552063,425.2871671,415.6892104,425.2573919,19092900
10/2/2024,414.0217285,419.6693315,413.6048449,419.4310992,16582300
10/3/2024,413.4361572,416.4237076,411.2029231,414.5180314,13686400
10/4/2024,412.9596863,416.6221923,411.8778122,415.1234345,19169700
10/7/2024,406.4882813,414.0018496,405.9522966,412.9001354,20919800
10/8/2024,411.619751,412.5626841,405.1285061,407.8381439,19229300
10/9/2024,414.3492432,417.2474978,411.2127866,412.7611597,14974300
10/10/2024,412.7413025,414.2400602,410.071345,412.1358625,13848400
10/11/2024,413.2177429,414.0217047,410.1706122,413.0390915,14144900
10/14/2024,416.0167236,420.8802044,414.4087699,414.656907,16653100
10/15/2024,415.6197205,419.3318722,412.1656713,419.0340895,18900200
10/16/2024,413.0192261,413.257428,407.421269,412.0763233,15508900
10/17/2024,413.6147766,419.3517052,412.4931921,419.2127339,14820000
10/18/2024,415.0440674,416.5229549,413.1582314,414.0316789,17145300
10/21/2024,415.6594543,415.8381058,410.6669367,413.0192717,14206100
10/22/2024,424.3244019,427.3715026,414.9249667,415.3715954,25482200
10/23/2024,421.4360657,427.8677601,419.3814832,427.6493982,19654400
10/24/2024,421.5651245,422.8058101,419.2524696,422.1606294,13581600
10/25/2024,424.9596252,429.2970573,423.391412,423.5799986,16899100
10/28/2024,423.4112244,428.7213644,423.1233768,428.4434521,14882400
10/29/2024,428.7313232,429.9422336,422.6271259,424.8107447,17644100
10/30/2024,429.3069763,435.2324917,428.8801878,434.1803928,29749100
10/31/2024,403.322052,413.0589495,403.2724064,412.2648926,53971000
11/1/2024,407.3120728,412.4038508,404.4634638,405.9622215,24230400
11/4/2024,405.4162903,407.3617069,402.5478413,406.7463014,19672300
11/5/2024,408.3939514,411.8083203,405.039133,405.3269805,17626000
11/6/2024,417.0490112,417.3170187,407.4609893,409.3468557,26681800
11/7/2024,422.2598572,423.6692892,416.7512257,418.1407874,19901800
11/8/2024,419.3914185,423.3219017,418.637072,422.1507019,16891400
11/11/2024,414.8951721,421.6444892,412.9001401,419.3715449,24503300
11/12/2024,419.8777466,421.2772435,414.0912028,415.1333665,19401200
11/13/2024,422.0316162,426.1308159,415.0936819,418.4981461,21502200
11/14/2024,423.7090149,424.9794757,416.8703417,421.8330838,30246900
11/15/2024,411.9075928,419.6494583,410.5577415,416.6916834,28247600
11/18/2024,412.6619263,415.2822383,409.0291955,411.7785437,24727000
11/19/2024,414.6768188,414.8256951,408.483296,410.0316692,18133500
11/20/2024,412.3939209,414.1805262,407.5205047,413.7636425,19191700
11/21/2024,410.6137085,417.4859498,408.0478213,417.2074812,20780200
11/22/2024,414.7211304,415.1189383,408.8135895,409.121893,24814600
11/25/2024,416.5013733,418.7788369,412.5829025,416.0936102,27691100
11/26/2024,425.6510925,426.6953727,416.561057,417.2970033,23458900
11/27/2024,420.6784058,424.8952554,419.7137055,422.7868154,18332400
11/29/2024,421.145874,422.5581274,415.5168011,417.7942952,16271900
12/2/2024,428.6247559,430.6337059,419.0075879,419.2661768,20207200
12/3/2024,428.8435669,430.1066156,425.4024534,427.4909833,18302000
12/4/2024,435.0295715,437.2672756,430.2657397,430.6635477,26009400
12/5/2024,440.2011414,442.2300016,433.7864079,435.5268444,21697800
12/6/2024,441.1459351,443.6621076,439.3557537,439.8828561,18821000
12/9/2024,443.58255,445.8799238,438.092727,440.1812569,19144400
12/10/2024,440.9072266,447.1628608,439.1867003,441.9614617,18469500
12/11/2024,446.5363464,447.8889301,441.6233402,441.6233402,19200200
12/12/2024,447.1032104,453.6671484,446.6556575,446.6556575,20834800
12/13/2024,444.8257141,448.9629839,443.1449473,445.9893336,20177800
12/16/2024,449.1221008,449.7088729,442.8465868,444.8257019,23598800
12/17/2024,451.9764404,452.8019216,447.1131793,448.5453123,22733500
12/18/2024,434.9997559,450.176342,434.6317523,448.8536236,24444500
12/19/2024,434.6416931,440.7580782,433.9355817,439.2066058,22963700
12/20/2024,434.2140808,441.3150465,426.2876339,430.7431323,64263700
12/23/2024,432.8714294,435.2583078,430.464641,434.3532771,19152500
12/24/2024,436.9291382,437.1976821,431.817243,432.2747207,7164500
12/26/2024,435.7157898,438.5303413,434.2438972,436.6804901,8194200
12/27/2024,428.1772156,432.8415878,424.0200659,432.2249809,18117700
12/30/2024,422.5083313,425.213468,419.5943508,423.7316204,13158700
12/31/2024,419.1965637,424.3979935,418.3611578,423.7714315,13246500
1/2/2025,416.292511,423.7415999,412.5829143,423.2045424,16896500
1/3/2025,421.0364685,421.7127451,417.247292,418.7788543,16662900
1/6/2025,425.5118713,431.946515,423.1548279,425.6610455,20573600
1/7/2025,420.0617981,428.2965478,418.5003707,426.6555709,18139100
1/8/2025,422.2398376,424.636671,419.2363524,421.1458429,15054600
1/10/2025,416.6604919,422.3889935,412.7519459,422.309444,20201100
1/13/2025,414.9101257,416.2129644,410.0369095,412.97077,17604800
1/14/2025,413.3984375,417.4461725,408.4754764,415.5267269,16935900
1/15/2025,423.9802551,425.8101961,415.9841844,416.8395004,19637800
1/16/2025,422.2597046,427.1428756,422.0707708,426.3572147,15300000
1/17/2025,426.6853943,432.1056227,425.8301087,431.7177395,26197500
1/21/2025,426.1583252,428.5452036,423.2741792,427.8490471,26085700
1/22/2025,443.7615967,444.8257262,433.617326,435.1687984,27803800
1/23/2025,444.2687683,444.3085582,439.0872489,439.5845165,18389300
1/24/2025,441.6332703,444.2091126,438.9878032,442.727265,15549500
1/27/2025,432.1851807,432.8216977,421.1856246,421.6928473,35647800
1/28/2025,444.756134,445.9296782,429.0225806,432.224985,23491700
1/29/2025,439.9127197,444.4378729,437.9932742,444.2489088,23581400
1/30/2025,412.7221375,420.5491243,410.9021515,416.4814792,54586300
1/31/2025,412.791748,418.3909857,412.6425738,416.6903391,34161900
2/3/2025,408.674408,413.1398612,406.4267487,409.3506846,25679100
2/4/2025,410.1164551,411.6580028,407.5008228,410.4347136,20532100
2/5/2025,411.0314331,411.5684602,408.157212,410.0965677,16316700
2/6/2025,413.5476074,415.9146059,411.7375462,411.7375462,16309800
2/7/2025,407.5107727,416.3621294,405.8697958,414.2040051,22886800
2/10/2025,409.9672546,413.1895386,408.6743712,411.4491022,20817900
2/11/2025,409.1915283,410.235778,407.0632086,407.4013773,18140600
2/12/2025,406.8046265,408.5052729,402.1601344,404.9846103,19121700
2/13/2025,408.2964478,408.7539254,404.139268,404.775785,23891700
2/14/2025,406.1979675,406.6753553,403.6619151,405.5614808,22758500
2/18/2025,407.4013672,408.3561124,404.2785124,405.7703151,21423100
2/19/2025,412.5032959,413.2193624,405.4222111,405.6509651,24114200
2/20/2025,414.6857605,417.8547165,411.1082238,413.8486795,23508700
2/21/2025,406.7932129,416.5990575,406.4743466,415.8915302,27524800
2/24/2025,402.5978394,407.9491969,397.9340895,407.0921963,26443700
2/25/2025,396.5189819,400.525049,395.3231651,399.7078877,29387400
2/26/2025,398.3426514,402.1992147,392.8816601,396.6286198,19619000
2/27/2025,391.1676636,404.3318077,390.8089276,399.8773203,21127400
2/28/2025,395.6121521,396.2499454,385.228334,391.2971937,32845700
3/3/2025,387.1416626,397.4358274,384.8197627,397.4358274,23007700
3/4/2025,387.2612305,391.2174529,379.6776572,382.0693214,29342900
3/5/2025,399.6281738,400.2759422,387.4605594,387.9887188,23433100
3/6/2025,395.5125427,400.7542664,391.3171323,392.9115853,23304600
3/7/2025,391.9449463,393.4297653,384.2019244,390.958392,22034100
3/10/2025,378.8406067,385.0589402,375.9108079,384.5008862,32840100
3/11/2025,379.1295776,384.660303,375.6018555,377.684598,30380200
3/12/2025,381.9397888,383.8830332,377.6348052,381.6209225,24253600
3/13/2025,377.4553833,383.9826683,376.1399878,381.8301614,20473000
3/14/2025,387.2114258,388.8756431,378.1928477,378.4618997,19952800
3/17/2025,387.3509521,391.347014,384.2318106,385.3578935,22474300
3/18/2025,382.1889038,386.0255477,379.7773199,385.726601,19486900
3/19/2025,386.4740295,388.3275596,382.66728,384.1919688,19185500
3/20/2025,385.4973755,390.4302075,381.9497338,384.4011872,18470500
3/21/2025,389.9020691,390.3803837,381.4714092,381.8899649,39675900
3/24/2025,391.7157288,394.0276841,388.4570889,394.0276841,21004500
3/25/2025,393.7885437,394.9843607,391.2773007,392.552857,15775000
3/26/2025,388.6165466,393.9380096,387.2214116,393.629088,16108400
3/27/2025,389.2243958,390.878638,386.0554399,388.7759758,13766800
3/28/2025,377.4852905,387.7794553,375.6217856,386.7330813,21632000
3/31/2025,374.0871582,375.7613202,365.9654199,371.2470435,35184700
4/1/2025,380.8635559,381.5212689,371.9346614,373.3497161,19689500
4/2/2025,380.8137207,383.7434889,375.3128595,376.6581801,16092600
4/3/2025,371.815033,376.1698916,368.0681035,373.4892253,30198000
4/4/2025,358.5911255,373.2899337,358.2323895,362.866245,49209900
4/7/2025,356.617981,369.7123913,343.5933654,349.6622255,50425000
4/8/2025,353.3294373,372.3531785,349.0343983,366.9819013,35868900
4/9/2025,389.1347046,391.8652155,351.874491,352.3129663,50199700
4/10/2025,380.0264587,382.5675963,366.5234683,380.733986,38024400
4/11/2025,387.1018372,388.6962598,377.575019,379.3189454,23839200
4/14/2025,386.4640198,393.2802764,382.8765083,391.8552469,19251200
4/15/2025,384.3912659,390.5298901,382.8267075,387.1616162,17199900
4/16/2025,370.3202515,380.2855448,366.7227952,379.3488352,21967800
4/17/2025,366.50354,373.0208501,365.6166448,372.4528211,21120200
4/21/2025,357.8735962,363.215009,354.4355884,361.5607668,20807300
4/22/2025,365.5469055,366.4935902,358.6110393,362.1188421,19485000
4/23/2025,373.0906067,379.0697823,371.725336,374.7547935,20545500
4/24/2025,385.95578,387.101813,373.887825,374.3960646,22232300
4/25/2025,390.4900208,390.7989424,383.2651832,385.6568475,18973200
4/28/2025,389.8023987,391.3769016,385.2980973,390.5996099,16579400
4/29/2025,392.6724243,393.728743,389.0251233,389.9419133,14974000
4/30/2025,393.8881836,395.2833185,383.1057292,388.9453763,36461100
5/1/2025,423.9235535,435.4733243,423.4252888,429.6137272,58938100
5/2/2025,433.7692871,437.9148528,428.4976384,430.2415648,30757400
5/5/2025,434.656189,437.9746181,430.6102521,431.3676241,20136100
5/6/2025,431.8061218,436.2107948,429.6735649,430.6999889,15104200
5/7/2025,431.8459778,436.5994116,429.6137315,432.3342674,23295300
5/8/2025,436.6492615,442.1301727,434.1479632,436.4100738,23491300
5/9/2025,437.2073364,439.2103398,434.3672217,438.4729178,15324200
5/12/2025,447.7007446,447.8103482,438.2536363,444.3922602,22821900
5/13/2025,447.5812073,449.105896,443.8142971,446.2259115,23618800
5/14/2025,451.367981,452.3246406,446.5846525,446.5846525,19902800
5/15/2025,452.386322,455.4412975,449.6907411,450.0301794,21992300
5/16/2025,453.5244446,453.6142932,447.9935587,451.3080868,23849800
5/19/2025,458.1168823,458.8357019,450.0601198,450.1400055,21336500
5/20/2025,457.4180603,457.5877642,453.5743729,454.8422776,15441800
5/21/2025,451.82724,457.0286807,451.0684776,453.8239575,19216900
5/22/2025,454.1134644,459.4946329,453.1550484,454.2033435,18025600
5/23/2025,449.4411621,452.9454113,448.1732574,449.2415086,16883500
5/27/2025,459.9338989,460.193482,455.3713921,455.7308171,20974300
5/28/2025,456.609375,461.7609102,456.180088,460.4630559,17086300
5/29/2025,457.9272156,460.9622349,454.5627512,460.7925005,13974800
5/30/2025,459.6044312,460.922272,454.792365,458.9654974,34770500
6/2/2025,461.2118225,461.3515769,456.1401731,456.3897628,16626500
6/3/2025,462.2101746,463.3782678,460.1036217,460.7126364,15743800
6/4/2025,463.1086731,464.9256934,462.2600621,463.2384646,14162700
6/5/2025,466.9124146,468.8791825,463.2684112,464.1968775,20131700
6/6/2025,469.6080017,472.5631351,468.0106216,469.3184691,15285600
6/9/2025,471.9741211,472.6529978,467.8508944,468.929139,16469900
6/10/2025,470.1471252,472.0240141,466.1936026,470.4166711,15375900
6/11/2025,471.8443298,474.6896585,468.8891963,469.2485909,16399200
6/12/2025,478.0840759,479.6315504,472.7428502,474.2403884,18950600
6/13/2025,474.180481,478.3935563,471.9841099,475.6281134,16814500
6/16/2025,478.3536377,479.9010816,474.2204177,474.4300646,15626100
6/17/2025,477.2554321,477.954265,473.3019095,474.6197504,15414100
6/18/2025,479.4518127,480.2105752,473.6813002,477.2154988,17526500
6/20/2025,476.6164856,482.6665375,476.0873566,481.4385757,37576200
6/23/2025,485.2023621,486.9494899,471.734512,477.4251387,24864000
6/24/2025,489.305603,491.042768,486.0010379,488.1475337,22305600
6/25/2025,491.4620667,493.7483168,488.586819,491.2324636,17495100
6/26/2025,496.6335754,497.2226034,492.0011762,492.1709106,21578900
6/27/2025,495.1260681,498.4805391,492.2208403,496.7334112,34539200
6/30/2025,496.5936584,499.9381665,494.5170551,496.2242706,28369000
7/1/2025,491.2424316,497.2325844,490.1742109,495.6551909,19945400
7/2/2025,490.2840271,492.6900755,487.8979654,489.1858263,16319600
7/3/2025,498.0213013,499.3091927,492.6301698,492.9995577,13984800
7/7/2025,496.9031372,497.9314455,494.4172336,496.5636989,13981600
7/8/2025,495.8049316,497.3823556,493.2990414,496.4239092,11846600
7/9/2025,502.6836548,505.9482771,498.9198226,499.4789011,18659500
7/10/2025,500.6569824,503.6121159,496.9330931,502.2243826,16492100
7/11/2025,502.4939575,504.2011425,496.9829975,497.6519113,16459500
7/14/2025,502.1944275,503.1428805,500.2077032,500.6968893,12058800
7/15/2025,504.9898376,507.4657479,501.9648118,502.1944148,14927200
7/16/2025,504.7901611,505.8883619,501.0663024,504.3508808,15154400
7/17/2025,510.860199,512.5274411,504.7901605,504.8500596,17503100
7/18/2025,509.2128906,513.7953843,506.5971955,513.6356128,21209700
7/21/2025,509.2228699,511.2495674,504.7202621,505.8783619,14066800
7/22/2025,504.4407349,510.3610256,504.4407349,510.1313922,13868600
7/23/2025,505.0397644,505.9582679,499.8782664,505.918325,16396600
7/24/2025,510.0415344,512.8269335,506.467393,507.9349816,16107000
7/25/2025,512.8669434,517.439383,509.5224047,511.6289272,19125700
7/28/2025,511.6588745,514.1547715,509.2827757,513.2362984,14308000
7/29/2025,511.7287598,516.7704593,510.7204077,514.6839236,16469200
7/30/2025,512.397644,515.1032182,508.6038929,514.3244692,26380400
7/31/2025,532.6243896,554.5383763,531.02704,554.3187056,51617300
8/1/2025,523.2498169,534.9206337,520.0051508,534.1219589,28977600
8/4/2025,534.7609253,537.3666272,527.2632409,527.4030258,25349000
8/5/2025,526.8838501,536.4181643,526.3746774,536.2983662,19171600
8/6/2025,524.0784912,530.8274067,523.1700115,530.0287318,21355700
8/7/2025,519.9852295,527.2233309,516.70059,525.935409,16079100
8/8/2025,521.1832275,523.7989228,518.5575389,521.7423061,15531000
8/11/2025,520.9136963,526.7241519,518.867012,521.4427948,20194400
8/12/2025,528.3713989,530.1085335,521.8421543,522.8904189,18667000
8/13/2025,519.725647,531.8257509,518.5176109,531.2366924,19619200
8/14/2025,521.6224976,525.0868344,519.286372,521.7023833,20269100
8/15/2025,519.3162842,525.2365446,518.2281072,521.9120536,25213300
8/18/2025,516.2512817,521.9619254,513.1763807,520.7339637,23760600
8/19/2025,508.9333496,514.3144876,507.7153507,514.1547771,21481000
8/20/2025,504.8900146,510.1613479,503.6121166,509.0331976,27723000
8/21/2025,504.2399902,507.6300049,502.7200012,503.6900024,18443300
8/22/2025,507.230011,510.730011,502.4100037,504.25,24324200
8/25/2025,504.2600098,508.1900024,504.1199951,506.6300049,21638600
8/26/2025,502.0400085,504.980011,498.5100098,504.3599854,30835700
8/27/2025,506.7399902,507.2900085,499.8999939,502,17277900
8/28/2025,509.6400146,511.0899963,505.5,507.0899963,18015600
8/29/2025,506.6900024,509.6000061,504.4899902,508.6600037,20961600
9/2/2025,505.1199951,506,496.8099976,500.4700012,18128000
9/3/2025,505.3500061,507.7900085,502.3200073,503.7900085,16345100
9/4/2025,507.9700012,508.1499939,503.1499939,504.2999878,15509500
9/5/2025,495,511.9700012,492.3699951,509.0700073,31994800
9/8/2025,498.2000122,501.2000122,495.0299988,498.1099854,16771000
9/9/2025,498.4100037,502.25,497.7000122,501.4299927,14410500
9/10/2025,500.3699951,503.230011,496.7200012,502.980011,21611800
9/11/2025,501.0100098,503.1700134,497.8800049,502.25,18881600
9/12/2025,509.8999939,512.5499878,503.8500061,506.6499939,23624900
9/15/2025,515.3599854,515.4699707,507,508.7900085,17143800
9/16/2025,509.0400085,517.2299805,508.6000061,516.8800049,19711900
9/17/2025,510.019989,511.2900085,505.9299927,510.6199951,15816600
9/18/2025,508.4500122,513.0700073,507.6600037,511.4899902,18913700
9/19/2025,517.9299927,519.2999878,510.3099976,510.5599976,52474100
9/22/2025,514.4500122,517.7399902,512.539978,515.5900269,20009300
9/23/2025,509.230011,514.5900269,507.3099976,513.7999878,19799600
9/24/2025,510.1499939,512.4799805,506.9200134,510.3800049,13533700
9/25/2025,507.0299988,510.0100098,505.0400085,508.2999878,15786500
9/26/2025,511.4599915,513.9400024,506.6199951,510.0599976,16213100
9/29/2025,514.5999756,516.8499756,508.8800049,511.5,17617800
9/30/2025,517.9500122,518.1599731,509.6600037,513.2399902,19728200
10/1/2025,519.710022,520.5100098,511.6900024,514.7999878,22632300
10/2/2025,515.7399902,521.5999756,510.6799927,517.6400146,21222900
10/3/2025,517.3499756,520.4899902,515,517.0999756,15112300
10/6/2025,528.5700073,531.0300293,518.2000122,518.6099854,21388600
10/7/2025,523.9799805,529.7999878,521.4400024,528.289978,14615200
10/8/2025,524.8499756,526.9500122,523.0900269,523.2800293,13363400
10/9/2025,522.4000244,524.3300171,517.4000244,522.3400269,18343600
10/10/2025,510.9599915,523.5800171,509.6300049,519.6400146,24133800
10/13/2025,514.0499878,516.4099731,511.6799927,516.4099731,14284200
10/14/2025,513.5700073,515.2800293,506,510.230011,14684300
10/15/2025,513.4299927,517.1900024,510,514.960022,14694700
10/16/2025,511.6099854,516.8499756,508.1300049,512.5800171,15559600
10/17/2025,513.5800171,515.4799805,507.3099976,509.0400085,19798500
